# picogus-tap v1
ns,port,value,kind
1540665000,0x388,0x01,write8
1540762875,0x389,0x00,write8
1540814000,0x388,0xbd,write8
1540911625,0x389,0x00,write8
1540962750,0x388,0x08,write8
1541060500,0x389,0x00,write8
1541111625,0x388,0x01,write8
1541209250,0x389,0x20,write8
1544908250,0x388,0xa0,write8
1545006375,0x389,0x00,write8
1545057625,0x388,0xb0,write8
1545155625,0x389,0x00,write8
1545208000,0x388,0xa1,write8
1545306000,0x389,0x00,write8
1545357375,0x388,0xb1,write8
1545455375,0x389,0x00,write8
1545507750,0x388,0xa2,write8
1545605750,0x389,0x00,write8
1545657000,0x388,0xb2,write8
1545755000,0x389,0x00,write8
1545807375,0x388,0xa3,write8
1545905375,0x389,0x00,write8
1545956750,0x388,0xb3,write8
1546054875,0x389,0x00,write8
1546107125,0x388,0xa4,write8
1546205125,0x389,0x00,write8
1546256500,0x388,0xb4,write8
1546354500,0x389,0x00,write8
1546406875,0x388,0xa5,write8
1546504875,0x389,0x00,write8
1546556250,0x388,0xb5,write8
1546654250,0x389,0x00,write8
1546706500,0x388,0xa6,write8
1546804500,0x389,0x00,write8
1546855875,0x388,0xb6,write8
1546953875,0x389,0x00,write8
1547006500,0x388,0xa7,write8
1547104500,0x389,0x00,write8
1547155750,0x388,0xb7,write8
1547253750,0x389,0x00,write8
1547306125,0x388,0xa8,write8
1547404125,0x389,0x00,write8
1547455500,0x388,0xb8,write8
1547553500,0x389,0x00,write8
1547605375,0x388,0xbd,write8
1547703375,0x389,0x00,write8
1913701375,0x388,0xa0,write8
1913799375,0x389,0x00,write8
1913850625,0x388,0xb0,write8
1913948750,0x389,0x00,write8
1914001125,0x388,0xa1,write8
1914099125,0x389,0x00,write8
1914150500,0x388,0xb1,write8
1914248500,0x389,0x00,write8
1914300875,0x388,0xa2,write8
1914398875,0x389,0x00,write8
1914450125,0x388,0xb2,write8
1914548125,0x389,0x00,write8
1914600500,0x388,0xa3,write8
1914698750,0x389,0x00,write8
1914750125,0x388,0xb3,write8
1914848125,0x389,0x00,write8
1914900500,0x388,0xa4,write8
1914998500,0x389,0x00,write8
1915049875,0x388,0xb4,write8
1915147875,0x389,0x00,write8
1915200250,0x388,0xa5,write8
1915298250,0x389,0x00,write8
1915349625,0x388,0xb5,write8
1915447625,0x389,0x00,write8
1915499875,0x388,0xa6,write8
1915597875,0x389,0x00,write8
1915649250,0x388,0xb6,write8
1915747250,0x389,0x00,write8
1915799625,0x388,0xa7,write8
1915897625,0x389,0x00,write8
1915949000,0x388,0xb7,write8
1916047125,0x389,0x00,write8
1916099375,0x388,0xa8,write8
1916197375,0x389,0x00,write8
1916248750,0x388,0xb8,write8
1916346750,0x389,0x00,write8
1916398625,0x388,0xbd,write8
1916496625,0x389,0x00,write8
1916592375,0x388,0xbd,write8
1916690375,0x389,0x00,write8
2028728625,0x388,0xb0,write8
2028826625,0x389,0x00,write8
2028879250,0x388,0xc0,write8
2028977250,0x389,0x0e,write8
2029029500,0x388,0x20,write8
2029127500,0x389,0xe6,write8
2029179250,0x388,0x40,write8
2029277250,0x389,0xe7,write8
2029328875,0x388,0x60,write8
2029427000,0x389,0x80,write8
2029478625,0x388,0x80,write8
2029576625,0x389,0x01,write8
2029628375,0x388,0xe0,write8
2029726375,0x389,0x00,write8
2029778625,0x388,0x23,write8
2029876625,0x389,0xe4,write8
2029928250,0x388,0x43,write8
2030026375,0x389,0x8d,write8
2030078125,0x388,0x63,write8
2030176125,0x389,0xf5,write8
2030227875,0x388,0x83,write8
2030325875,0x389,0x07,write8
2030377500,0x388,0xe3,write8
2030475625,0x389,0x00,write8
2030530625,0x388,0xa0,write8
2030628625,0x389,0x5e,write8
2030680250,0x388,0xb0,write8
2030778250,0x389,0x23,write8
2083662750,0x388,0xb1,write8
2083760374,0x389,0x00,write8
2083812875,0x388,0xc1,write8
2083910500,0x389,0x0e,write8
2083962375,0x388,0x21,write8
2084060125,0x389,0x21,write8
2084111750,0x388,0x41,write8
2084209875,0x389,0xcd,write8
2084261500,0x388,0x61,write8
2084359500,0x389,0x98,write8
2084411250,0x388,0x81,write8
2084509250,0x389,0x3f,write8
2084561000,0x388,0xe1,write8
2084659000,0x389,0x00,write8
2084711124,0x388,0x24,write8
2084809125,0x389,0x21,write8
2084860874,0x388,0x44,write8
2084958874,0x389,0x02,write8
2085010750,0x388,0x64,write8
2085108749,0x389,0x65,write8
2085160375,0x388,0x84,write8
2085258500,0x389,0x2a,write8
2085310125,0x388,0xe4,write8
2085408125,0x389,0x00,write8
2085464500,0x388,0xa1,write8
2085562500,0x389,0x5e,write8
2085614125,0x388,0xb1,write8
2085712125,0x389,0x2b,write8
2144980875,0x388,0xb2,write8
2145079000,0x389,0x00,write8
2145131750,0x388,0xc2,write8
2145229750,0x389,0x0e,write8
2145281750,0x388,0x22,write8
2145379750,0x389,0x21,write8
2145431500,0x388,0x42,write8
2145529500,0x389,0xcd,write8
2145581250,0x388,0x62,write8
2145679250,0x389,0x98,write8
2145731000,0x388,0x82,write8
2145829000,0x389,0x3f,write8
2145880624,0x388,0xe2,write8
2145978625,0x389,0x00,write8
2146031000,0x388,0x25,write8
2146129000,0x389,0x21,write8
2146180750,0x388,0x45,write8
2146278750,0x389,0x02,write8
2146330375,0x388,0x65,write8
2146428375,0x389,0x65,write8
2146480125,0x388,0x85,write8
2146578125,0x389,0x2a,write8
2146629875,0x388,0xe5,write8
2146727875,0x389,0x00,write8
2146784874,0x388,0xa2,write8
2146882874,0x389,0x00,write8
2146934374,0x388,0xb2,write8
2147032499,0x389,0x2e,write8
2271709250,0x388,0xb3,write8
2271807250,0x389,0x00,write8
2271860000,0x388,0xc3,write8
2271958000,0x389,0x0e,write8
2272010125,0x388,0x28,write8
2272108125,0x389,0xe6,write8
2272159875,0x388,0x48,write8
2272257875,0x389,0xe7,write8
2272309625,0x388,0x68,write8
2272407625,0x389,0x80,write8
2272459375,0x388,0x88,write8
2272557375,0x389,0x01,write8
2272609000,0x388,0xe8,write8
2272707000,0x389,0x00,write8
2272759250,0x388,0x2b,write8
2272857250,0x389,0xe4,write8
2272909000,0x388,0x4b,write8
2273007125,0x389,0x8d,write8
2273058750,0x388,0x6b,write8
2273156750,0x389,0xf5,write8
2273208500,0x388,0x8b,write8
2273306500,0x389,0x07,write8
2273358250,0x388,0xeb,write8
2273456250,0x389,0x00,write8
2273512000,0x388,0xa3,write8
2273610000,0x389,0x5e,write8
2273661500,0x388,0xb3,write8
2273759500,0x389,0x27,write8
2411156875,0x388,0xb4,write8
2411254625,0x389,0x00,write8
2411307125,0x388,0xc4,write8
2411404750,0x389,0x0e,write8
2411456625,0x388,0x29,write8
2411554250,0x389,0xe6,write8
2411605750,0x388,0x49,write8
2411703375,0x389,0xe7,write8
2411754875,0x388,0x69,write8
2411852500,0x389,0x80,write8
2411904000,0x388,0x89,write8
2412001750,0x389,0x01,write8
2412053250,0x388,0xe9,write8
2412150875,0x389,0x00,write8
2412202875,0x388,0x2c,write8
2412300750,0x389,0xe4,write8
2412352500,0x388,0x4c,write8
2412450500,0x389,0x8d,write8
2412502250,0x388,0x6c,write8
2412600250,0x389,0xf5,write8
2412651875,0x388,0x8c,write8
2412749875,0x389,0x07,write8
2412801625,0x388,0xec,write8
2412899625,0x389,0x00,write8
2412956000,0x388,0xa4,write8
2413054125,0x389,0x00,write8
2413105625,0x388,0xb4,write8
2413203750,0x389,0x2a,write8
6305114750,0x388,0xb5,write8
6305212750,0x389,0x00,write8
6305265375,0x388,0xc5,write8
6305363375,0x389,0x0a,write8
6305415500,0x388,0x2a,write8
6305513500,0x389,0x28,write8
6305565250,0x388,0x4a,write8
6305663250,0x389,0x2b,write8
6305715000,0x388,0x6a,write8
6305813000,0x389,0xe6,write8
6305864625,0x388,0x8a,write8
6305962500,0x389,0x97,write8
6306014125,0x388,0xea,write8
6306111750,0x389,0x02,write8
6306163750,0x388,0x2d,write8
6306261375,0x389,0x22,write8
6306313000,0x388,0x4d,write8
6306410750,0x389,0x08,write8
6306462250,0x388,0x6d,write8
6306559875,0x389,0xf6,write8
6306611375,0x388,0x8d,write8
6306709000,0x389,0xf7,write8
6306760500,0x388,0xed,write8
6306858125,0x389,0x00,write8
6306915500,0x388,0xa5,write8
6307013250,0x389,0x5e,write8
6307064625,0x388,0xb5,write8
6307162250,0x389,0x33,write8
6421324000,0x388,0xb6,write8
6421421625,0x389,0x00,write8
6421474125,0x388,0xc6,write8
6421571750,0x389,0x0a,write8
6421623875,0x388,0x30,write8
6421721875,0x389,0x28,write8
6421773625,0x388,0x50,write8
6421871625,0x389,0x2b,write8
6421923250,0x388,0x70,write8
6422021500,0x389,0xe6,write8
6422073125,0x388,0x90,write8
6422171125,0x389,0x97,write8
6422222875,0x388,0xf0,write8
6422320875,0x389,0x02,write8
6422373125,0x388,0x33,write8
6422471125,0x389,0x22,write8
6422522750,0x388,0x53,write8
6422620750,0x389,0x08,write8
6422672500,0x388,0x73,write8
6422770500,0x389,0xf6,write8
6422822250,0x388,0x93,write8
6422920250,0x389,0xf7,write8
6422971875,0x388,0xf3,write8
6423070125,0x389,0x00,write8
6423127625,0x388,0xa6,write8
6423225625,0x389,0x85,write8
6423277250,0x388,0xb6,write8
6423375250,0x389,0x32,write8
6444560500,0x388,0xb5,write8
6444658500,0x389,0x13,write8
6545978125,0x388,0xb5,write8
6546076250,0x389,0x13,write8
6546129000,0x388,0xc5,write8
6546227000,0x389,0x0a,write8
6546279125,0x388,0x2a,write8
6546377125,0x389,0x28,write8
6546428875,0x388,0x4a,write8
6546526875,0x389,0x2b,write8
6546578500,0x388,0x6a,write8
6546676500,0x389,0xe6,write8
6546728250,0x388,0x8a,write8
6546826250,0x389,0x97,write8
6546878000,0x388,0xea,write8
6546976000,0x389,0x02,write8
6547028250,0x388,0x2d,write8
6547126250,0x389,0x22,write8
6547178000,0x388,0x4d,write8
6547276000,0x389,0x08,write8
6547327750,0x388,0x6d,write8
6547425750,0x389,0xf6,write8
6547477500,0x388,0x8d,write8
6547575500,0x389,0xf7,write8
6547627125,0x388,0xed,write8
6547725125,0x389,0x00,write8
6547782750,0x388,0xa5,write8
6547880750,0x389,0x00,write8
6547932375,0x388,0xb5,write8
6548030500,0x389,0x32,write8
6626265000,0x388,0xb6,write8
6626363000,0x389,0x12,write8
6679090125,0x388,0xb6,write8
6679188125,0x389,0x12,write8
6679240875,0x388,0xc6,write8
6679338875,0x389,0x0a,write8
6679391000,0x388,0x30,write8
6679489000,0x389,0x28,write8
6679540625,0x388,0x50,write8
6679638750,0x389,0x2b,write8
6679690375,0x388,0x70,write8
6679788375,0x389,0xe6,write8
6679840125,0x388,0x90,write8
6679938125,0x389,0x97,write8
6679989875,0x388,0xf0,write8
6680088000,0x389,0x02,write8
6680140125,0x388,0x33,write8
6680238125,0x389,0x22,write8
6680289875,0x388,0x53,write8
6680387875,0x389,0x08,write8
6680439625,0x388,0x73,write8
6680537625,0x389,0xf6,write8
6680589250,0x388,0x93,write8
6680687375,0x389,0xf7,write8
6680739000,0x388,0xf3,write8
6680837000,0x389,0x00,write8
6680894000,0x388,0xa6,write8
6680992000,0x389,0xc7,write8
6681043750,0x388,0xb6,write8
6681141750,0x389,0x2f,write8
6820645500,0x388,0xb5,write8
6820743125,0x389,0x12,write8
7002350125,0x388,0xb6,write8
7002448125,0x389,0x0f,write8
7765088250,0x388,0xb5,write8
7765186250,0x389,0x12,write8
7765239000,0x388,0xc5,write8
7765337000,0x389,0x0a,write8
7765389125,0x388,0x2a,write8
7765487125,0x389,0x28,write8
7765538875,0x388,0x4a,write8
7765636875,0x389,0x2b,write8
7765688500,0x388,0x6a,write8
7765786500,0x389,0xe6,write8
7765838250,0x388,0x8a,write8
7765936250,0x389,0x97,write8
7765988000,0x388,0xea,write8
7766086125,0x389,0x02,write8
7766138250,0x388,0x2d,write8
7766236375,0x389,0x22,write8
7766288000,0x388,0x4d,write8
7766386000,0x389,0x08,write8
7766437750,0x388,0x6d,write8
7766535750,0x389,0xf6,write8
7766587500,0x388,0x8d,write8
7766685500,0x389,0xf7,write8
7766737125,0x388,0xed,write8
7766835125,0x389,0x00,write8
7766892125,0x388,0xa5,write8
7766990125,0x389,0x00,write8
7767041875,0x388,0xb5,write8
7767139875,0x389,0x2f,write8
8077786750,0x388,0xb5,write8
8077884750,0x389,0x0f,write8
8187655875,0x388,0xb5,write8
8187753875,0x389,0x0f,write8
8187806625,0x388,0xc5,write8
8187904625,0x389,0x0a,write8
8187956750,0x388,0x2a,write8
8188054875,0x389,0x28,write8
8188106500,0x388,0x4a,write8
8188204500,0x389,0x2b,write8
8188256250,0x388,0x6a,write8
8188354250,0x389,0xe6,write8
8188406000,0x388,0x8a,write8
8188504000,0x389,0x97,write8
8188555625,0x388,0xea,write8
8188653750,0x389,0x02,write8
8188705875,0x388,0x2d,write8
8188803875,0x389,0x22,write8
8188855625,0x388,0x4d,write8
8188953625,0x389,0x08,write8
8189005500,0x388,0x6d,write8
8189103500,0x389,0xf6,write8
8189155125,0x388,0x8d,write8
8189253125,0x389,0xf7,write8
8189304875,0x388,0xed,write8
8189402500,0x389,0x00,write8
8189459250,0x388,0xa5,write8
8189556875,0x389,0x5e,write8
8189608250,0x388,0xb5,write8
8189706000,0x389,0x2f,write8
8498238750,0x388,0xb5,write8
8498336750,0x389,0x0f,write8
8673608625,0x388,0xb5,write8
8673706625,0x389,0x0f,write8
8673759250,0x388,0xc5,write8
8673857250,0x389,0x0a,write8
8673909375,0x388,0x2a,write8
8674007500,0x389,0x28,write8
8674059250,0x388,0x4a,write8
8674157250,0x389,0x2b,write8
8674208875,0x388,0x6a,write8
8674306875,0x389,0xe6,write8
8674358625,0x388,0x8a,write8
8674456500,0x389,0x97,write8
8674508000,0x388,0xea,write8
8674605625,0x389,0x02,write8
8674657625,0x388,0x2d,write8
8674755250,0x389,0x22,write8
8674806875,0x388,0x4d,write8
8674904625,0x389,0x08,write8
8674956125,0x388,0x6d,write8
8675053875,0x389,0xf6,write8
8675105375,0x388,0x8d,write8
8675203000,0x389,0xf7,write8
8675254500,0x388,0xed,write8
8675352125,0x389,0x00,write8
8675408875,0x388,0xa5,write8
8675506500,0x389,0xc7,write8
8675557875,0x388,0xb5,write8
8675655500,0x389,0x2f,write8
9001094000,0x388,0xb5,write8
9001192000,0x389,0x0f,write8
9098286250,0x388,0xb5,write8
9098384250,0x389,0x0f,write8
9098436875,0x388,0xc5,write8
9098534875,0x389,0x0a,write8
9098587000,0x388,0x2a,write8
9098685000,0x389,0x28,write8
9098736750,0x388,0x4a,write8
9098834750,0x389,0x2b,write8
9098886500,0x388,0x6a,write8
9098984500,0x389,0xe6,write8
9099036250,0x388,0x8a,write8
9099134250,0x389,0x97,write8
9099186000,0x388,0xea,write8
9099284000,0x389,0x02,write8
9099336250,0x388,0x2d,write8
9099434250,0x389,0x22,write8
9099485875,0x388,0x4d,write8
9099583875,0x389,0x08,write8
9099635625,0x388,0x6d,write8
9099733625,0x389,0xf6,write8
9099785375,0x388,0x8d,write8
9099883375,0x389,0xf7,write8
9099935125,0x388,0xed,write8
9100033250,0x389,0x00,write8
9100090125,0x388,0xa5,write8
9100188125,0x389,0x00,write8
9100239750,0x388,0xb5,write8
9100337750,0x389,0x2f,write8
9334922375,0x388,0xb5,write8
9335020500,0x389,0x0f,write8
9529305125,0x388,0xb5,write8
9529403125,0x389,0x0f,write8
9529455875,0x388,0xc5,write8
9529553875,0x389,0x0a,write8
9529606000,0x388,0x2a,write8
9529704000,0x389,0x28,write8
9529755625,0x388,0x4a,write8
9529853750,0x389,0x2b,write8
9529905375,0x388,0x6a,write8
9530003500,0x389,0xe6,write8
9530055250,0x388,0x8a,write8
9530153250,0x389,0x97,write8
9530205000,0x388,0xea,write8
9530303000,0x389,0x02,write8
9530355125,0x388,0x2d,write8
9530453125,0x389,0x22,write8
9530504875,0x388,0x4d,write8
9530602500,0x389,0x08,write8
9530654000,0x388,0x6d,write8
9530751625,0x389,0xf6,write8
9530803125,0x388,0x8d,write8
9530900875,0x389,0xf7,write8
9530952500,0x388,0xed,write8
9531050250,0x389,0x00,write8
9531107000,0x388,0xa5,write8
9531204625,0x389,0x5e,write8
9531256000,0x388,0xb5,write8
9531353625,0x389,0x2f,write8
9795521125,0x388,0xb5,write8
9795619125,0x389,0x0f,write8
10061740250,0x388,0xb5,write8
10061838375,0x389,0x0f,write8
10061891000,0x388,0xc5,write8
10061989000,0x389,0x0a,write8
10062041250,0x388,0x2a,write8
10062139250,0x389,0x28,write8
10062191000,0x388,0x4a,write8
10062289000,0x389,0x2b,write8
10062340625,0x388,0x6a,write8
10062438625,0x389,0xe6,write8
10062490375,0x388,0x8a,write8
10062588375,0x389,0x97,write8
10062640125,0x388,0xea,write8
10062738125,0x389,0x02,write8
10062790375,0x388,0x2d,write8
10062888375,0x389,0x22,write8
10062940000,0x388,0x4d,write8
10063038125,0x389,0x08,write8
10063089875,0x388,0x6d,write8
10063187875,0x389,0xf6,write8
10063239625,0x388,0x8d,write8
10063337625,0x389,0xf7,write8
10063389250,0x388,0xed,write8
10063487250,0x389,0x00,write8
10063544250,0x388,0xa5,write8
10063642250,0x389,0x85,write8
10063693875,0x388,0xb5,write8
10063791875,0x389,0x2e,write8
10385005625,0x388,0xb5,write8
10385103625,0x389,0x0e,write8
11739333375,0x388,0xb5,write8
11739431500,0x389,0x0e,write8
11739484125,0x388,0xc5,write8
11739582125,0x389,0x0a,write8
11739634250,0x388,0x2a,write8
11739732250,0x389,0x28,write8
11739784000,0x388,0x4a,write8
11739882000,0x389,0x2b,write8
11739933625,0x388,0x6a,write8
11740031750,0x389,0xe6,write8
11740083500,0x388,0x8a,write8
11740181500,0x389,0x97,write8
11740233250,0x388,0xea,write8
11740331250,0x389,0x02,write8
11740383375,0x388,0x2d,write8
11740481500,0x389,0x22,write8
11740533125,0x388,0x4d,write8
11740631125,0x389,0x08,write8
11740682875,0x388,0x6d,write8
11740780875,0x389,0xf6,write8
11740832625,0x388,0x8d,write8
11740930625,0x389,0xf7,write8
11740982250,0x388,0xed,write8
11741080375,0x389,0x00,write8
11741136750,0x388,0xa5,write8
11741234750,0x389,0x00,write8
11741286375,0x388,0xb5,write8
11741384375,0x389,0x2a,write8
11992872500,0x388,0xb5,write8
11992970500,0x389,0x0a,write8
12077387625,0x388,0xb5,write8
12077485625,0x389,0x0a,write8
12077538250,0x388,0xc5,write8
12077636250,0x389,0x0e,write8
12077688375,0x388,0x2a,write8
12077786375,0x389,0xe6,write8
12077838125,0x388,0x4a,write8
12077936125,0x389,0xe7,write8
12077987875,0x388,0x6a,write8
12078086000,0x389,0x80,write8
12078137625,0x388,0x8a,write8
12078235625,0x389,0x01,write8
12078287375,0x388,0xea,write8
12078385375,0x389,0x00,write8
12078437625,0x388,0x2d,write8
12078535625,0x389,0xe4,write8
12078587250,0x388,0x4d,write8
12078685250,0x389,0x8d,write8
12078737000,0x388,0x6d,write8
12078835000,0x389,0xf5,write8
12078886750,0x388,0x8d,write8
12078984750,0x389,0x07,write8
12079036625,0x388,0xed,write8
12079134625,0x389,0x00,write8
12079190250,0x388,0xa5,write8
12079288250,0x389,0x00,write8
12079339875,0x388,0xb5,write8
12079437875,0x389,0x26,write8
12144998750,0x388,0xb6,write8
12145096875,0x389,0x0f,write8
12145149625,0x388,0xc6,write8
12145247625,0x389,0x0a,write8
12145299750,0x388,0x30,write8
12145397750,0x389,0x28,write8
12145449375,0x388,0x50,write8
12145547500,0x389,0x2b,write8
12145599125,0x388,0x70,write8
12145697125,0x389,0xe6,write8
12145748875,0x388,0x90,write8
12145846875,0x389,0x97,write8
12145898625,0x388,0xf0,write8
12145996625,0x389,0x02,write8
12146048875,0x388,0x33,write8
12146146875,0x389,0x22,write8
12146198625,0x388,0x53,write8
12146296625,0x389,0x08,write8
12146348375,0x388,0x73,write8
12146446375,0x389,0xf6,write8
12146498000,0x388,0x93,write8
12146596125,0x389,0xf7,write8
12146647750,0x388,0xf3,write8
12146745750,0x389,0x00,write8
12146802125,0x388,0xa6,write8
12146900125,0x389,0x3f,write8
12146951750,0x388,0xb6,write8
12147049875,0x389,0x2a,write8
12153445500,0x388,0xb0,write8
12153543500,0x389,0x03,write8
12368957875,0x388,0xb6,write8
12369056000,0x389,0x0a,write8
12582355875,0x388,0xb0,write8
12582453875,0x389,0x03,write8
12582506625,0x388,0xc0,write8
12582604625,0x389,0x0a,write8
12582656750,0x388,0x20,write8
12582754750,0x389,0x28,write8
12582806500,0x388,0x40,write8
12582904500,0x389,0x2b,write8
12582956125,0x388,0x60,write8
12583054250,0x389,0xe6,write8
12583106000,0x388,0x80,write8
12583204000,0x389,0x97,write8
12583255750,0x388,0xe0,write8
12583353750,0x389,0x02,write8
12583405875,0x388,0x23,write8
12583504000,0x389,0x22,write8
12583555625,0x388,0x43,write8
12583653625,0x389,0x08,write8
12583705375,0x388,0x63,write8
12583803375,0x389,0xf6,write8
12583855125,0x388,0x83,write8
12583952750,0x389,0xf7,write8
12584004375,0x388,0xe3,write8
12584102000,0x389,0x00,write8
12584158125,0x388,0xa0,write8
12584255875,0x389,0x85,write8
12584307375,0x388,0xb0,write8
12584405000,0x389,0x2a,write8
12584465375,0x388,0xb6,write8
12584563000,0x389,0x0a,write8
12584615500,0x388,0xc6,write8
12584713125,0x389,0x08,write8
12584765000,0x388,0x30,write8
12584862625,0x389,0x20,write8
12584914125,0x388,0x50,write8
12585011875,0x389,0x24,write8
12585063375,0x388,0x70,write8
12585161000,0x389,0x62,write8
12585212500,0x388,0x90,write8
12585310125,0x389,0x75,write8
12585361625,0x388,0xf0,write8
12585459625,0x389,0x01,write8
12585511875,0x388,0x33,write8
12585609875,0x389,0x22,write8
12585661500,0x388,0x53,write8
12585759625,0x389,0x02,write8
12585811250,0x388,0x73,write8
12585909250,0x389,0xa8,write8
12585961000,0x388,0x93,write8
12586059125,0x389,0xf5,write8
12586110875,0x388,0xf3,write8
12586208875,0x389,0x00,write8
12586265125,0x388,0xa6,write8
12586363250,0x389,0x5e,write8
12586414750,0x388,0xb6,write8
12586512750,0x389,0x2b,write8
12696448125,0x388,0xb6,write8
12696546125,0x389,0x0b,write8
12901392750,0x388,0xb0,write8
12901490750,0x389,0x0a,write8
12977456750,0x388,0xb0,write8
12977554750,0x389,0x0a,write8
12977607500,0x388,0xc0,write8
12977705500,0x389,0x08,write8
12977757500,0x388,0x20,write8
12977855500,0x389,0x20,write8
12977907250,0x388,0x40,write8
12978005375,0x389,0x24,write8
12978057125,0x388,0x60,write8
12978155125,0x389,0x62,write8
12978206750,0x388,0x80,write8
12978304750,0x389,0x75,write8
12978356500,0x388,0xe0,write8
12978454500,0x389,0x01,write8
12978506750,0x388,0x23,write8
12978604750,0x389,0x22,write8
12978656500,0x388,0x43,write8
12978754500,0x389,0x02,write8
12978806125,0x388,0x63,write8
12978904125,0x389,0xa8,write8
12978955875,0x388,0x83,write8
12979054000,0x389,0xf5,write8
12979105750,0x388,0xe3,write8
12979203750,0x389,0x00,write8
12979260125,0x388,0xa0,write8
12979358125,0x389,0x5e,write8
12979409625,0x388,0xb0,write8
12979507625,0x389,0x2b,write8
13089432750,0x388,0xb0,write8
13089530750,0x389,0x0b,write8
13171837750,0x388,0xb0,write8
13171935750,0x389,0x0b,write8
13171988375,0x388,0xc0,write8
13172086625,0x389,0x08,write8
13172138625,0x388,0x20,write8
13172236625,0x389,0x20,write8
13172288375,0x388,0x40,write8
13172386375,0x389,0x24,write8
13172438125,0x388,0x60,write8
13172536125,0x389,0x62,write8
13172587750,0x388,0x80,write8
13172685750,0x389,0x75,write8
13172737500,0x388,0xe0,write8
13172835500,0x389,0x01,write8
13172887750,0x388,0x23,write8
13172985750,0x389,0x22,write8
13173037500,0x388,0x43,write8
13173135625,0x389,0x02,write8
13173187250,0x388,0x63,write8
13173285250,0x389,0xa8,write8
13173337000,0x388,0x83,write8
13173435000,0x389,0xf5,write8
13173486750,0x388,0xe3,write8
13173584750,0x389,0x00,write8
13173641000,0x388,0xa0,write8
13173739125,0x389,0x5e,write8
13173790625,0x388,0xb0,write8
13173888625,0x389,0x2b,write8
13281703625,0x388,0xb0,write8
13281801625,0x389,0x0b,write8
13416926875,0x388,0xb0,write8
13417025125,0x389,0x0b,write8
13417077750,0x388,0xc0,write8
13417175750,0x389,0x00,write8
13417227875,0x388,0x20,write8
13417325875,0x389,0x20,write8
13417377625,0x388,0x40,write8
13417475625,0x389,0x00,write8
13417527250,0x388,0x60,write8
13417625250,0x389,0xfa,write8
13417677000,0x388,0x80,write8
13417775000,0x389,0x6a,write8
13417826750,0x388,0xe0,write8
13417924750,0x389,0x00,write8
13417976875,0x388,0x23,write8
13418075125,0x389,0x26,write8
13418126750,0x388,0x43,write8
13418224750,0x389,0x07,write8
13418276500,0x388,0x63,write8
13418374500,0x389,0xaa,write8
13418426250,0x388,0x83,write8
13418524250,0x389,0xfa,write8
13418575875,0x388,0xe3,write8
13418673875,0x389,0x00,write8
13418730875,0x388,0xa0,write8
13418828875,0x389,0x85,write8
13418880500,0x388,0xb0,write8
13418978500,0x389,0x2e,write8
13429606875,0x388,0xb6,write8
13429705000,0x389,0x0b,write8
13429757625,0x388,0xc6,write8
13429855625,0x389,0x08,write8
13429907750,0x388,0x30,write8
13430005875,0x389,0x20,write8
13430057625,0x388,0x50,write8
13430155625,0x389,0x24,write8
13430207250,0x388,0x70,write8
13430305250,0x389,0x62,write8
13430357000,0x388,0x90,write8
13430455000,0x389,0x75,write8
13430506750,0x388,0xf0,write8
13430604750,0x389,0x01,write8
13430656875,0x388,0x33,write8
13430755000,0x389,0x22,write8
13430806625,0x388,0x53,write8
13430904625,0x389,0x02,write8
13430956375,0x388,0x73,write8
13431054500,0x389,0xa8,write8
13431106250,0x388,0x93,write8
13431204250,0x389,0xf5,write8
13431255875,0x388,0xf3,write8
13431353875,0x389,0x00,write8
13431410250,0x388,0xa6,write8
13431508250,0x389,0x5e,write8
13431559875,0x388,0xb6,write8
13431657875,0x389,0x2b,write8
13454956250,0x388,0xb0,write8
13455054000,0x389,0x0e,write8
13539515500,0x388,0xb6,write8
13539613500,0x389,0x0b,write8
13708541000,0x388,0xb0,write8
13708639000,0x389,0x0e,write8
13708691750,0x388,0xc0,write8
13708789750,0x389,0x08,write8
13708841875,0x388,0x20,write8
13708939875,0x389,0x20,write8
13708991500,0x388,0x40,write8
13709089625,0x389,0x24,write8
13709141375,0x388,0x60,write8
13709239375,0x389,0x62,write8
13709291125,0x388,0x80,write8
13709389125,0x389,0x75,write8
13709440875,0x388,0xe0,write8
13709538875,0x389,0x01,write8
13709591000,0x388,0x23,write8
13709689000,0x389,0x22,write8
13709740750,0x388,0x43,write8
13709838750,0x389,0x02,write8
13709890500,0x388,0x63,write8
13709988500,0x389,0xa8,write8
13710040250,0x388,0x83,write8
13710138250,0x389,0xf5,write8
13710190000,0x388,0xe3,write8
13710288000,0x389,0x00,write8
13710344375,0x388,0xa0,write8
13710442375,0x389,0x5e,write8
13710494000,0x388,0xb0,write8
13710592000,0x389,0x2b,write8
13820474625,0x388,0xb0,write8
13820572625,0x389,0x0b,write8
13898654000,0x388,0xb0,write8
13898752000,0x389,0x0b,write8
13898804750,0x388,0xc0,write8
13898902750,0x389,0x00,write8
13898954750,0x388,0x20,write8
13899052875,0x389,0x20,write8
13899104625,0x388,0x40,write8
13899202625,0x389,0x00,write8
13899254375,0x388,0x60,write8
13899352375,0x389,0xfa,write8
13899404000,0x388,0x80,write8
13899502125,0x389,0x6a,write8
13899553750,0x388,0xe0,write8
13899651750,0x389,0x00,write8
13899704000,0x388,0x23,write8
13899802000,0x389,0x26,write8
13899853750,0x388,0x43,write8
13899951750,0x389,0x07,write8
13900003500,0x388,0x63,write8
13900101500,0x389,0xaa,write8
13900153250,0x388,0x83,write8
13900251250,0x389,0xfa,write8
13900303000,0x388,0xe3,write8
13900401000,0x389,0x00,write8
13900458000,0x388,0xa0,write8
13900556000,0x389,0x85,write8
13900607500,0x388,0xb0,write8
13900705500,0x389,0x2e,write8
13940909125,0x388,0xb0,write8
13941007250,0x389,0x0e,write8
14076132375,0x388,0xb0,write8
14076230375,0x389,0x0e,write8
14076283125,0x388,0xc0,write8
14076381125,0x389,0x08,write8
14076433125,0x388,0x20,write8
14076531125,0x389,0x20,write8
14076582875,0x388,0x40,write8
14076680875,0x389,0x24,write8
14076732625,0x388,0x60,write8
14076830625,0x389,0x62,write8
14076882250,0x388,0x80,write8
14076980375,0x389,0x75,write8
14077032125,0x388,0xe0,write8
14077130125,0x389,0x01,write8
14077182375,0x388,0x23,write8
14077280375,0x389,0x22,write8
14077332125,0x388,0x43,write8
14077430125,0x389,0x02,write8
14077481750,0x388,0x63,write8
14077579750,0x389,0xa8,write8
14077631500,0x388,0x83,write8
14077729500,0x389,0xf5,write8
14077781250,0x388,0xe3,write8
14077879250,0x389,0x00,write8
14077935625,0x388,0xa0,write8
14078033750,0x389,0x85,write8
14078085250,0x388,0xb0,write8
14078183250,0x389,0x2a,write8
14183882750,0x388,0xb0,write8
14183980750,0x389,0x0a,write8
14357137000,0x388,0xb0,write8
14357235000,0x389,0x0a,write8
14357287750,0x388,0xc0,write8
14357385750,0x389,0x00,write8
14357437750,0x388,0x20,write8
14357535750,0x389,0x20,write8
14357587500,0x388,0x40,write8
14357685500,0x389,0x00,write8
14357737250,0x388,0x60,write8
14357835250,0x389,0xfa,write8
14357886875,0x388,0x80,write8
14357984875,0x389,0x6a,write8
14358036750,0x388,0xe0,write8
14358134750,0x389,0x00,write8
14358187000,0x388,0x23,write8
14358285000,0x389,0x26,write8
14358336750,0x388,0x43,write8
14358434750,0x389,0x07,write8
14358486375,0x388,0x63,write8
14358584375,0x389,0xaa,write8
14358636125,0x388,0x83,write8
14358734125,0x389,0xfa,write8
14358785875,0x388,0xe3,write8
14358883875,0x389,0x00,write8
14358940875,0x388,0xa0,write8
14359039000,0x389,0x85,write8
14359090500,0x388,0xb0,write8
14359188500,0x389,0x2e,write8
14365591375,0x388,0xb6,write8
14365689375,0x389,0x0b,write8
14365742125,0x388,0xc6,write8
14365840125,0x389,0x08,write8
14365892125,0x388,0x30,write8
14365990125,0x389,0x20,write8
14366042000,0x388,0x50,write8
14366140000,0x389,0x24,write8
14366191750,0x388,0x70,write8
14366289750,0x389,0x62,write8
14366341375,0x388,0x90,write8
14366439500,0x389,0x75,write8
14366491125,0x388,0xf0,write8
14366589125,0x389,0x01,write8
14366641375,0x388,0x33,write8
14366739375,0x389,0x22,write8
14366791125,0x388,0x53,write8
14366889125,0x389,0x02,write8
14366940750,0x388,0x73,write8
14367038875,0x389,0xa8,write8
14367090625,0x388,0x93,write8
14367188625,0x389,0xf5,write8
14367240375,0x388,0xf3,write8
14367338375,0x389,0x00,write8
14367394625,0x388,0xa6,write8
14367492250,0x389,0x85,write8
14367543625,0x388,0xb6,write8
14367641250,0x389,0x2a,write8
14397282000,0x388,0xb0,write8
14397379625,0x389,0x0e,write8
14467006000,0x388,0xb6,write8
14467104000,0x389,0x0a,write8
14562084875,0x388,0xb0,write8
14562182875,0x389,0x0e,write8
14562235625,0x388,0xc0,write8
14562333625,0x389,0x08,write8
14562385750,0x388,0x20,write8
14562483750,0x389,0x20,write8
14562535375,0x388,0x40,write8
14562633500,0x389,0x24,write8
14562685125,0x388,0x60,write8
14562783125,0x389,0x62,write8
14562834875,0x388,0x80,write8
14562932875,0x389,0x75,write8
14562984625,0x388,0xe0,write8
14563082750,0x389,0x01,write8
14563134875,0x388,0x23,write8
14563232875,0x389,0x22,write8
14563284625,0x388,0x43,write8
14563382625,0x389,0x02,write8
14563434375,0x388,0x63,write8
14563532375,0x389,0xa8,write8
14563584000,0x388,0x83,write8
14563682125,0x389,0xf5,write8
14563733750,0x388,0xe3,write8
14563831750,0x389,0x00,write8
14563888125,0x388,0xa0,write8
14563986125,0x389,0x85,write8
14564037875,0x388,0xb0,write8
14564135875,0x389,0x2a,write8
14663499625,0x388,0xb0,write8
14663597625,0x389,0x0a,write8
14733222125,0x388,0xb0,write8
14733320125,0x389,0x0a,write8
14733372875,0x388,0xc0,write8
14733470875,0x389,0x0a,write8
14733522875,0x388,0x20,write8
14733620875,0x389,0x28,write8
14733672625,0x388,0x40,write8
14733770625,0x389,0x2b,write8
14733822375,0x388,0x60,write8
14733920375,0x389,0xe6,write8
14733972000,0x388,0x80,write8
14734070125,0x389,0x97,write8
14734121875,0x388,0xe0,write8
14734219875,0x389,0x02,write8
14734272125,0x388,0x23,write8
14734370125,0x389,0x22,write8
14734421875,0x388,0x43,write8
14734519875,0x389,0x08,write8
14734571500,0x388,0x63,write8
14734669500,0x389,0xf6,write8
14734721250,0x388,0x83,write8
14734819250,0x389,0xf7,write8
14734871000,0x388,0xe3,write8
14734969000,0x389,0x00,write8
14735025500,0x388,0xa0,write8
14735123500,0x389,0x00,write8
14735175000,0x388,0xb0,write8
14735273000,0x389,0x2b,write8
14769146000,0x388,0xb6,write8
14769244000,0x389,0x0a,write8
14769296750,0x388,0xc6,write8
14769394750,0x389,0x00,write8
14769446875,0x388,0x30,write8
14769544875,0x389,0x20,write8
14769596500,0x388,0x50,write8
14769694625,0x389,0x00,write8
14769746250,0x388,0x70,write8
14769844250,0x389,0xfa,write8
14769896000,0x388,0x90,write8
14769994000,0x389,0x6a,write8
14770045875,0x388,0xf0,write8
14770143875,0x389,0x00,write8
14770196000,0x388,0x33,write8
14770294000,0x389,0x26,write8
14770345750,0x388,0x53,write8
14770443750,0x389,0x07,write8
14770495500,0x388,0x73,write8
14770593500,0x389,0xaa,write8
14770645125,0x388,0x93,write8
14770743250,0x389,0xfa,write8
14770794875,0x388,0xf3,write8
14770892875,0x389,0x00,write8
14770949875,0x388,0xa6,write8
14771048000,0x389,0x85,write8
14771099625,0x388,0xb6,write8
14771197625,0x389,0x2e,write8
14775482375,0x388,0xb7,write8
14775580375,0x389,0x00,write8
14775633000,0x388,0xc7,write8
14775731000,0x389,0x08,write8
14775783125,0x388,0x31,write8
14775881125,0x389,0x20,write8
14775932875,0x388,0x51,write8
14776031000,0x389,0x24,write8
14776082750,0x388,0x71,write8
14776180750,0x389,0x62,write8
14776232375,0x388,0x91,write8
14776330375,0x389,0x75,write8
14776382125,0x388,0xf1,write8
14776480125,0x389,0x01,write8
14776532375,0x388,0x34,write8
14776630375,0x389,0x22,write8
14776682000,0x388,0x54,write8
14776780000,0x389,0x02,write8
14776831750,0x388,0x74,write8
14776929750,0x389,0xa8,write8
14776981500,0x388,0x94,write8
14777079625,0x389,0xf5,write8
14777131375,0x388,0xf4,write8
14777229375,0x389,0x00,write8
14777285625,0x388,0xa7,write8
14777383625,0x389,0x85,write8
14777435250,0x388,0xb7,write8
14777533250,0x389,0x2a,write8
14809285500,0x388,0xb6,write8
14809383500,0x389,0x0e,write8
14885348250,0x388,0xb7,write8
14885446250,0x389,0x0a,write8
14910703375,0x388,0xb6,write8
14910801000,0x389,0x0e,write8
14910853500,0x388,0xc6,write8
14910951125,0x389,0x0e,write8
14911003125,0x388,0x30,write8
14911100875,0x389,0xe6,write8
14911152625,0x388,0x50,write8
14911250625,0x389,0xe7,write8
14911302375,0x388,0x70,write8
14911400375,0x389,0x80,write8
14911452000,0x388,0x90,write8
14911550125,0x389,0x01,write8
14911601750,0x388,0xf0,write8
14911699750,0x389,0x00,write8
14911752000,0x388,0x33,write8
14911850000,0x389,0xe4,write8
14911901750,0x388,0x53,write8
14911999750,0x389,0x8d,write8
14912051500,0x388,0x73,write8
14912149500,0x389,0xf5,write8
14912201250,0x388,0x93,write8
14912299250,0x389,0x07,write8
14912351000,0x388,0xf3,write8
14912449000,0x389,0x00,write8
14912504750,0x388,0xa6,write8
14912602750,0x389,0x3f,write8
14912654250,0x388,0xb6,write8
14912752250,0x389,0x26,write8
14980427625,0x388,0xb5,write8
14980525625,0x389,0x06,write8
15022682000,0x388,0xb0,write8
15022780000,0x389,0x0b,write8
15223400375,0x388,0xb0,write8
15223498250,0x389,0x0b,write8
15223550750,0x388,0xc0,write8
15223648375,0x389,0x08,write8
15223700250,0x388,0x20,write8
15223797875,0x389,0x20,write8
15223849500,0x388,0x40,write8
15223947250,0x389,0x24,write8
15223998750,0x388,0x60,write8
15224096500,0x389,0x62,write8
15224148000,0x388,0x80,write8
15224245625,0x389,0x75,write8
15224297125,0x388,0xe0,write8
15224394750,0x389,0x01,write8
15224446750,0x388,0x23,write8
15224544375,0x389,0x22,write8
15224595875,0x388,0x43,write8
15224693500,0x389,0x02,write8
15224745000,0x388,0x63,write8
15224842625,0x389,0xa8,write8
15224894125,0x388,0x83,write8
15224991750,0x389,0xf5,write8
15225043750,0x388,0xe3,write8
15225141750,0x389,0x00,write8
15225198125,0x388,0xa0,write8
15225296125,0x389,0x85,write8
15225347625,0x388,0xb0,write8
15225445625,0x389,0x2a,write8
15335381875,0x388,0xb0,write8
15335479875,0x389,0x0a,write8
15709353125,0x388,0xb0,write8
15709450750,0x389,0x0a,write8
15709503250,0x388,0xc0,write8
15709600875,0x389,0x0a,write8
15709652750,0x388,0x20,write8
15709750375,0x389,0x28,write8
15709801875,0x388,0x40,write8
15709899500,0x389,0x2b,write8
15709951000,0x388,0x60,write8
15710048750,0x389,0xe6,write8
15710100250,0x388,0x80,write8
15710198375,0x389,0x97,write8
15710250125,0x388,0xe0,write8
15710348125,0x389,0x02,write8
15710400250,0x388,0x23,write8
15710498375,0x389,0x22,write8
15710550000,0x388,0x43,write8
15710648000,0x389,0x08,write8
15710699750,0x388,0x63,write8
15710797750,0x389,0xf6,write8
15710849500,0x388,0x83,write8
15710947500,0x389,0xf7,write8
15710999125,0x388,0xe3,write8
15711097250,0x389,0x00,write8
15711153625,0x388,0xa0,write8
15711251625,0x389,0xd4,write8
15711303250,0x388,0xb0,write8
15711401250,0x389,0x2a,write8
16000923125,0x388,0xb0,write8
16001021250,0x389,0x0a,write8
16210140875,0x388,0xb0,write8
16210238875,0x389,0x0a,write8
16210291500,0x388,0xc0,write8
16210389625,0x389,0x00,write8
16210441625,0x388,0x20,write8
16210539625,0x389,0x20,write8
16210591375,0x388,0x40,write8
16210689375,0x389,0x00,write8
16210741125,0x388,0x60,write8
16210839125,0x389,0xfa,write8
16210890750,0x388,0x80,write8
16210988750,0x389,0x6a,write8
16211040625,0x388,0xe0,write8
16211138625,0x389,0x00,write8
16211190875,0x388,0x23,write8
16211288875,0x389,0x26,write8
16211340500,0x388,0x43,write8
16211438625,0x389,0x07,write8
16211490250,0x388,0x63,write8
16211588250,0x389,0xaa,write8
16211640000,0x388,0x83,write8
16211738000,0x389,0xfa,write8
16211789750,0x388,0xe3,write8
16211887750,0x389,0x00,write8
16211945375,0x388,0xa0,write8
16212043500,0x389,0x00,write8
16212095000,0x388,0xb0,write8
16212193000,0x389,0x32,write8
16252353500,0x388,0xb0,write8
16252451500,0x389,0x12,write8
17384836125,0x388,0xb0,write8
17384934125,0x389,0x12,write8
17384986875,0x388,0xc0,write8
17385085000,0x389,0x0e,write8
17385137125,0x388,0x20,write8
17385235125,0x389,0xe6,write8
17385286750,0x388,0x40,write8
17385384750,0x389,0xe7,write8
17385436500,0x388,0x60,write8
17385534500,0x389,0x80,write8
17385586250,0x388,0x80,write8
17385684250,0x389,0x01,write8
17385735875,0x388,0xe0,write8
17385833875,0x389,0x00,write8
17385886125,0x388,0x23,write8
17385984125,0x389,0xe4,write8
17386036000,0x388,0x43,write8
17386134000,0x389,0x8d,write8
17386185750,0x388,0x63,write8
17386283750,0x389,0xf5,write8
17386335375,0x388,0x83,write8
17386433375,0x389,0x07,write8
17386485125,0x388,0xe3,write8
17386583125,0x389,0x00,write8
17386639500,0x388,0xa0,write8
17386737500,0x389,0x85,write8
17386789125,0x388,0xb0,write8
17386887125,0x389,0x2a,write8
17427138000,0x388,0xb5,write8
17427236000,0x389,0x06,write8
17427288750,0x388,0xc5,write8
17427386750,0x389,0x0e,write8
17427438875,0x388,0x2a,write8
17427536875,0x389,0xe6,write8
17427588500,0x388,0x4a,write8
17427686625,0x389,0xe7,write8
17427738250,0x388,0x6a,write8
17427836250,0x389,0x80,write8
17427888000,0x388,0x8a,write8
17427986000,0x389,0x01,write8
17428037875,0x388,0xea,write8
17428135875,0x389,0x00,write8
17428188000,0x388,0x2d,write8
17428286000,0x389,0xe4,write8
17428337750,0x388,0x4d,write8
17428435750,0x389,0x8d,write8
17428487500,0x388,0x6d,write8
17428585500,0x389,0xf5,write8
17428637125,0x388,0x8d,write8
17428735250,0x389,0x07,write8
17428786875,0x388,0xed,write8
17428884875,0x389,0x00,write8
17428940625,0x388,0xa5,write8
17429038750,0x389,0x00,write8
17429090375,0x388,0xb5,write8
17429188375,0x389,0x26,write8
17458786250,0x388,0xb7,write8
17458884250,0x389,0x0a,write8
17458937000,0x388,0xc7,write8
17459035125,0x389,0x08,write8
17459087250,0x388,0x31,write8
17459185250,0x389,0x20,write8
17459236875,0x388,0x51,write8
17459334875,0x389,0x24,write8
17459386625,0x388,0x71,write8
17459484625,0x389,0x62,write8
17459536375,0x388,0x91,write8
17459634375,0x389,0x75,write8
17459686125,0x388,0xf1,write8
17459784125,0x389,0x01,write8
17459836250,0x388,0x34,write8
17459934250,0x389,0x22,write8
17459986000,0x388,0x54,write8
17460084125,0x389,0x02,write8
17460135875,0x388,0x74,write8
17460233875,0x389,0xa8,write8
17460285500,0x388,0x94,write8
17460383500,0x389,0xf5,write8
17460435250,0x388,0xf4,write8
17460533250,0x389,0x00,write8
17460589625,0x388,0xa7,write8
17460687625,0x389,0x5e,write8
17460739250,0x388,0xb7,write8
17460837250,0x389,0x2b,write8
17570768000,0x388,0xb7,write8
17570866000,0x389,0x0b,write8
17608798500,0x388,0xb6,write8
17608896500,0x389,0x06,write8
17682746500,0x388,0xb6,write8
17682844500,0x389,0x06,write8
17682897250,0x388,0xc6,write8
17682995250,0x389,0x08,write8
17683047375,0x388,0x30,write8
17683145500,0x389,0x20,write8
17683197125,0x388,0x50,write8
17683295125,0x389,0x24,write8
17683346875,0x388,0x70,write8
17683444875,0x389,0x62,write8
17683496625,0x388,0x90,write8
17683594625,0x389,0x75,write8
17683646250,0x388,0xf0,write8
17683744250,0x389,0x01,write8
17683796500,0x388,0x33,write8
17683894500,0x389,0x22,write8
17683946250,0x388,0x53,write8
17684044375,0x389,0x02,write8
17684096000,0x388,0x73,write8
17684194125,0x389,0xa8,write8
17684245750,0x388,0x93,write8
17684343750,0x389,0xf5,write8
17684395500,0x388,0xf3,write8
17684493500,0x389,0x00,write8
17684549875,0x388,0xa6,write8
17684647875,0x389,0x5e,write8
17684699375,0x388,0xb6,write8
17684797500,0x389,0x2b,write8
17765192875,0x388,0xb7,write8
17765291000,0x389,0x0b,write8
17765343625,0x388,0xc7,write8
17765441625,0x389,0x0a,write8
17765493750,0x388,0x31,write8
17765591750,0x389,0x28,write8
17765643500,0x388,0x51,write8
17765741500,0x389,0x2b,write8
17765793125,0x388,0x71,write8
17765891125,0x389,0xe6,write8
17765942875,0x388,0x91,write8
17766041000,0x389,0x97,write8
17766092750,0x388,0xf1,write8
17766190750,0x389,0x02,write8
17766243000,0x388,0x34,write8
17766341000,0x389,0x22,write8
17766392625,0x388,0x54,write8
17766490625,0x389,0x08,write8
17766542375,0x388,0x74,write8
17766640375,0x389,0xf6,write8
17766692125,0x388,0x94,write8
17766790125,0x389,0xf7,write8
17766841750,0x388,0xf4,write8
17766939750,0x389,0x00,write8
17766996125,0x388,0xa7,write8
17767094250,0x389,0x00,write8
17767145875,0x388,0xb7,write8
17767243875,0x389,0x2b,write8
17794728625,0x388,0xb6,write8
17794826625,0x389,0x0b,write8
17883468875,0x388,0xb6,write8
17883567000,0x389,0x0b,write8
17883619625,0x388,0xc6,write8
17883717625,0x389,0x08,write8
17883769750,0x388,0x30,write8
17883867750,0x389,0x20,write8
17883919500,0x388,0x50,write8
17884017625,0x389,0x24,write8
17884069250,0x388,0x70,write8
17884167250,0x389,0x62,write8
17884219000,0x388,0x90,write8
17884317000,0x389,0x75,write8
17884368750,0x388,0xf0,write8
17884466750,0x389,0x01,write8
17884519000,0x388,0x33,write8
17884617000,0x389,0x22,write8
17884668625,0x388,0x53,write8
17884766625,0x389,0x02,write8
17884818375,0x388,0x73,write8
17884916375,0x389,0xa8,write8
17884968125,0x388,0x93,write8
17885066250,0x389,0xf5,write8
17885117875,0x388,0xf3,write8
17885215875,0x389,0x00,write8
17885272250,0x388,0xa6,write8
17885370250,0x389,0x5e,write8
17885421875,0x388,0xb6,write8
17885519875,0x389,0x2b,write8
17995445125,0x388,0xb6,write8
17995543125,0x389,0x0b,write8
18054604875,0x388,0xb7,write8
18054702875,0x389,0x0b,write8
18086301375,0x388,0xb6,write8
18086399375,0x389,0x0b,write8
18086452125,0x388,0xc6,write8
18086550125,0x389,0x08,write8
18086602250,0x388,0x30,write8
18086700250,0x389,0x20,write8
18086752000,0x388,0x50,write8
18086850000,0x389,0x24,write8
18086901625,0x388,0x70,write8
18086999625,0x389,0x62,write8
18087051500,0x388,0x90,write8
18087149500,0x389,0x75,write8
18087201250,0x388,0xf0,write8
18087299250,0x389,0x01,write8
18087351375,0x388,0x33,write8
18087449500,0x389,0x22,write8
18087501125,0x388,0x53,write8
18087599125,0x389,0x02,write8
18087650875,0x388,0x73,write8
18087748875,0x389,0xa8,write8
18087800625,0x388,0x93,write8
18087898625,0x389,0xf5,write8
18087950250,0x388,0xf3,write8
18088048375,0x389,0x00,write8
18088104750,0x388,0xa6,write8
18088202750,0x389,0x5e,write8
18088254375,0x388,0xb6,write8
18088352375,0x389,0x2b,write8
18147571500,0x388,0xb7,write8
18147669500,0x389,0x0b,write8
18147722125,0x388,0xc7,write8
18147820125,0x389,0x00,write8
18147872250,0x388,0x31,write8
18147970250,0x389,0x20,write8
18148022125,0x388,0x51,write8
18148120125,0x389,0x00,write8
18148171750,0x388,0x71,write8
18148269750,0x389,0xfa,write8
18148321500,0x388,0x91,write8
18148419500,0x389,0x6a,write8
18148471000,0x388,0xf1,write8
18148568625,0x389,0x00,write8
18148620625,0x388,0x34,write8
18148718250,0x389,0x26,write8
18148769750,0x388,0x54,write8
18148867625,0x389,0x07,write8
18148919125,0x388,0x74,write8
18149016875,0x389,0xaa,write8
18149068375,0x388,0x94,write8
18149166000,0x389,0xfa,write8
18149217500,0x388,0xf4,write8
18149315125,0x389,0x00,write8
18149371875,0x388,0xa7,write8
18149469500,0x389,0x85,write8
18149520875,0x388,0xb7,write8
18149618500,0x389,0x2e,write8
18189826500,0x388,0xb7,write8
18189924500,0x389,0x0e,write8
18194051875,0x388,0xb6,write8
18194149875,0x389,0x0b,write8
18327164875,0x388,0xb6,write8
18327262875,0x389,0x0b,write8
18327315625,0x388,0xc6,write8
18327413625,0x389,0x08,write8
18327465750,0x388,0x30,write8
18327563750,0x389,0x20,write8
18327615375,0x388,0x50,write8
18327713375,0x389,0x24,write8
18327765125,0x388,0x70,write8
18327863125,0x389,0x62,write8
18327914875,0x388,0x90,write8
18328013000,0x389,0x75,write8
18328064625,0x388,0xf0,write8
18328162750,0x389,0x01,write8
18328214875,0x388,0x33,write8
18328312875,0x389,0x22,write8
18328364625,0x388,0x53,write8
18328462625,0x389,0x02,write8
18328514375,0x388,0x73,write8
18328612375,0x389,0xa8,write8
18328664000,0x388,0x93,write8
18328762000,0x389,0xf5,write8
18328813750,0x388,0xf3,write8
18328911750,0x389,0x00,write8
18328968125,0x388,0xa6,write8
18329066250,0x389,0x5e,write8
18329117875,0x388,0xb6,write8
18329215875,0x389,0x2b,write8
18439141250,0x388,0xb6,write8
18439239250,0x389,0x0b,write8
18532107375,0x388,0xb6,write8
18532205500,0x389,0x0b,write8
18532258125,0x388,0xc6,write8
18532356125,0x389,0x08,write8
18532408250,0x388,0x30,write8
18532506250,0x389,0x20,write8
18532558000,0x388,0x50,write8
18532656000,0x389,0x24,write8
18532707625,0x388,0x70,write8
18532805625,0x389,0x62,write8
18532857375,0x388,0x90,write8
18532955375,0x389,0x75,write8
18533007250,0x388,0xf0,write8
18533105250,0x389,0x01,write8
18533157375,0x388,0x33,write8
18533255500,0x389,0x22,write8
18533307125,0x388,0x53,write8
18533405125,0x389,0x02,write8
18533456875,0x388,0x73,write8
18533554875,0x389,0xa8,write8
18533606625,0x388,0x93,write8
18533704375,0x389,0xf5,write8
18533755875,0x388,0xf3,write8
18533853500,0x389,0x00,write8
18533909625,0x388,0xa6,write8
18534007375,0x389,0x5e,write8
18534058875,0x388,0xb6,write8
18534156625,0x389,0x2b,write8
18644131625,0x388,0xb6,write8
18644229625,0x389,0x0b,write8
18802550625,0x388,0xb6,write8
18802648625,0x389,0x0b,write8
18802701375,0x388,0xc6,write8
18802799375,0x389,0x08,write8
18802851375,0x388,0x30,write8
18802949500,0x389,0x20,write8
18803001250,0x388,0x50,write8
18803099250,0x389,0x24,write8
18803151000,0x388,0x70,write8
18803249000,0x389,0x62,write8
18803300750,0x388,0x90,write8
18803398750,0x389,0x75,write8
18803450375,0x388,0xf0,write8
18803548375,0x389,0x01,write8
18803600625,0x388,0x33,write8
18803698625,0x389,0x22,write8
18803750375,0x388,0x53,write8
18803848375,0x389,0x02,write8
18803900000,0x388,0x73,write8
18803998125,0x389,0xa8,write8
18804049875,0x388,0x93,write8
18804147875,0x389,0xf5,write8
18804199625,0x388,0xf3,write8
18804297625,0x389,0x00,write8
18804354000,0x388,0xa6,write8
18804452000,0x389,0x5e,write8
18804503500,0x388,0xb6,write8
18804601625,0x389,0x2b,write8
18914574750,0x388,0xb6,write8
18914672750,0x389,0x0b,write8
19077219500,0x388,0xb6,write8
19077317125,0x389,0x0b,write8
19077369625,0x388,0xc6,write8
19077467750,0x389,0x0a,write8
19077519875,0x388,0x30,write8
19077617875,0x389,0x28,write8
19077669625,0x388,0x50,write8
19077767625,0x389,0x2b,write8
19077819250,0x388,0x70,write8
19077917250,0x389,0xe6,write8
19077969000,0x388,0x90,write8
19078067125,0x389,0x97,write8
19078118875,0x388,0xf0,write8
19078216875,0x389,0x02,write8
19078269125,0x388,0x33,write8
19078367125,0x389,0x22,write8
19078418750,0x388,0x53,write8
19078516750,0x389,0x08,write8
19078568500,0x388,0x73,write8
19078666500,0x389,0xf6,write8
19078718250,0x388,0x93,write8
19078816250,0x389,0xf7,write8
19078867875,0x388,0xf3,write8
19078965875,0x389,0x00,write8
19079022375,0x388,0xa6,write8
19079120375,0x389,0x5e,write8
19079172000,0x388,0xb6,write8
19079270000,0x389,0x2b,write8
19108915375,0x388,0xb7,write8
19109013500,0x389,0x0e,write8
19109066250,0x388,0xc7,write8
19109164250,0x389,0x00,write8
19109216250,0x388,0x31,write8
19109314250,0x389,0x20,write8
19109366000,0x388,0x51,write8
19109464000,0x389,0x00,write8
19109515750,0x388,0x71,write8
19109613750,0x389,0xfa,write8
19109665500,0x388,0x91,write8
19109763500,0x389,0x6a,write8
19109815125,0x388,0xf1,write8
19109913125,0x389,0x00,write8
19109965375,0x388,0x34,write8
19110063500,0x389,0x26,write8
19110115250,0x388,0x54,write8
19110213250,0x389,0x07,write8
19110264875,0x388,0x74,write8
19110362875,0x389,0xaa,write8
19110414625,0x388,0x94,write8
19110512625,0x389,0xfa,write8
19110564375,0x388,0xf4,write8
19110662375,0x389,0x00,write8
19110719375,0x388,0xa7,write8
19110817375,0x389,0x85,write8
19110868875,0x388,0xb7,write8
19110966875,0x389,0x2e,write8
19151212875,0x388,0xb7,write8
19151310875,0x389,0x0e,write8
19161733500,0x388,0xb7,write8
19161831250,0x389,0x0e,write8
19161883875,0x388,0xc7,write8
19161981500,0x389,0x08,write8
19162033500,0x388,0x31,write8
19162131125,0x389,0x20,write8
19162182625,0x388,0x51,write8
19162280250,0x389,0x24,write8
19162331750,0x388,0x71,write8
19162429375,0x389,0x62,write8
19162480875,0x388,0x91,write8
19162578500,0x389,0x75,write8
19162630000,0x388,0xf1,write8
19162727625,0x389,0x01,write8
19162779625,0x388,0x34,write8
19162877250,0x389,0x22,write8
19162928750,0x388,0x54,write8
19163026875,0x389,0x02,write8
19163078500,0x388,0x74,write8
19163176500,0x389,0xa8,write8
19163228250,0x388,0x94,write8
19163326250,0x389,0xf5,write8
19163378000,0x388,0xf4,write8
19163476000,0x389,0x00,write8
19163532375,0x388,0xa7,write8
19163630375,0x389,0x85,write8
19163681875,0x388,0xb7,write8
19163779875,0x389,0x2a,write8
19273715375,0x388,0xb7,write8
19273813375,0x389,0x0a,write8
19461754625,0x388,0xb6,write8
19461852250,0x389,0x0b,write8
19675155375,0x388,0xb6,write8
19675253000,0x389,0x0b,write8
19675305500,0x388,0xc6,write8
19675403125,0x389,0x08,write8
19675455125,0x388,0x30,write8
19675552875,0x389,0x20,write8
19675604375,0x388,0x50,write8
19675702000,0x389,0x24,write8
19675753500,0x388,0x70,write8
19675851125,0x389,0x62,write8
19675902625,0x388,0x90,write8
19676000250,0x389,0x75,write8
19676051875,0x388,0xf0,write8
19676149500,0x389,0x01,write8
19676201500,0x388,0x33,write8
19676299125,0x389,0x22,write8
19676350625,0x388,0x53,write8
19676448250,0x389,0x02,write8
19676499750,0x388,0x73,write8
19676597375,0x389,0xa8,write8
19676649125,0x388,0x93,write8
19676747125,0x389,0xf5,write8
19676798875,0x388,0xf3,write8
19676896875,0x389,0x00,write8
19676953125,0x388,0xa6,write8
19677051375,0x389,0x85,write8
19677102875,0x388,0xb6,write8
19677200875,0x389,0x2a,write8
19787131750,0x388,0xb6,write8
19787229750,0x389,0x0a,write8
19789248625,0x388,0xb6,write8
19789346250,0x389,0x0a,write8
19789398750,0x388,0xc6,write8
19789496375,0x389,0x00,write8
19789548250,0x388,0x30,write8
19789646000,0x389,0x20,write8
19789697625,0x388,0x50,write8
19789795250,0x389,0x00,write8
19789846750,0x388,0x70,write8
19789944375,0x389,0xfa,write8
19789995875,0x388,0x90,write8
19790093625,0x389,0x6a,write8
19790145125,0x388,0xf0,write8
19790242750,0x389,0x00,write8
19790294750,0x388,0x33,write8
19790392375,0x389,0x26,write8
19790443875,0x388,0x53,write8
19790541500,0x389,0x07,write8
19790593000,0x388,0x73,write8
19790690625,0x389,0xaa,write8
19790742125,0x388,0x93,write8
19790840125,0x389,0xfa,write8
19790891875,0x388,0xf3,write8
19790989875,0x389,0x00,write8
19791047000,0x388,0xa6,write8
19791145000,0x389,0x85,write8
19791196625,0x388,0xb6,write8
19791294625,0x389,0x2e,write8
19831503875,0x388,0xb6,write8
19831601875,0x389,0x0e,write8
19994191375,0x388,0xb6,write8
19994289375,0x389,0x0e,write8
19994342000,0x388,0xc6,write8
19994440000,0x389,0x0e,write8
19994492125,0x388,0x30,write8
19994590125,0x389,0xe6,write8
19994641875,0x388,0x50,write8
19994739875,0x389,0xe7,write8
19994791500,0x388,0x70,write8
19994889625,0x389,0x80,write8
19994941250,0x388,0x90,write8
19995039375,0x389,0x01,write8
19995091125,0x388,0xf0,write8
19995189125,0x389,0x00,write8
19995241375,0x388,0x33,write8
19995339375,0x389,0xe4,write8
19995391000,0x388,0x53,write8
19995489000,0x389,0x8d,write8
19995540750,0x388,0x73,write8
19995638750,0x389,0xf5,write8
19995690500,0x388,0x93,write8
19995788500,0x389,0x07,write8
19995840125,0x388,0xf3,write8
19995938250,0x389,0x00,write8
19995993250,0x388,0xa6,write8
19996091375,0x389,0xc7,write8
19996143000,0x388,0xb6,write8
19996241000,0x389,0x23,write8
20036445750,0x388,0xb5,write8
20036543750,0x389,0x06,write8
20129412375,0x388,0xb5,write8
20129510375,0x389,0x06,write8
20129563125,0x388,0xc5,write8
20129661125,0x389,0x08,write8
20129713125,0x388,0x2a,write8
20129811125,0x389,0x20,write8
20129862875,0x388,0x4a,write8
20129960875,0x389,0x24,write8
20130012750,0x388,0x6a,write8
20130110750,0x389,0x62,write8
20130162375,0x388,0x8a,write8
20130260500,0x389,0x75,write8
20130312125,0x388,0xea,write8
20130410125,0x389,0x01,write8
20130462375,0x388,0x2d,write8
20130560375,0x389,0x22,write8
20130612125,0x388,0x4d,write8
20130710125,0x389,0x02,write8
20130761750,0x388,0x6d,write8
20130859750,0x389,0xa8,write8
20130911500,0x388,0x8d,write8
20131009625,0x389,0xf5,write8
20131061375,0x388,0xed,write8
20131159375,0x389,0x00,write8
20131215750,0x388,0xa5,write8
20131313750,0x389,0x5e,write8
20131365250,0x388,0xb5,write8
20131463250,0x389,0x2b,write8
20131579000,0x388,0xb7,write8
20131677000,0x389,0x0a,write8
20131729500,0x388,0xc7,write8
20131827125,0x389,0x00,write8
20131879000,0x388,0x31,write8
20131976625,0x389,0x20,write8
20132028250,0x388,0x51,write8
20132126125,0x389,0x00,write8
20132177625,0x388,0x71,write8
20132275250,0x389,0xfa,write8
20132326750,0x388,0x91,write8
20132424375,0x389,0x6a,write8
20132475875,0x388,0xf1,write8
20132573500,0x389,0x00,write8
20132625500,0x388,0x34,write8
20132723125,0x389,0x26,write8
20132774625,0x388,0x54,write8
20132872250,0x389,0x07,write8
20132923750,0x388,0x74,write8
20133021500,0x389,0xaa,write8
20133073000,0x388,0x94,write8
20133170625,0x389,0xfa,write8
20133222375,0x388,0xf4,write8
20133320375,0x389,0x00,write8
20133377375,0x388,0xa7,write8
20133475375,0x389,0x85,write8
20133526875,0x388,0xb7,write8
20133625000,0x389,0x2e,write8
20154767875,0x388,0xb8,write8
20154865875,0x389,0x00,write8
20154918500,0x388,0xc8,write8
20155016750,0x389,0x0a,write8
20155068750,0x388,0x32,write8
20155166750,0x389,0x28,write8
20155218500,0x388,0x52,write8
20155316500,0x389,0x2b,write8
20155368250,0x388,0x72,write8
20155466250,0x389,0xe6,write8
20155517875,0x388,0x92,write8
20155615875,0x389,0x97,write8
20155667625,0x388,0xf2,write8
20155765625,0x389,0x02,write8
20155817875,0x388,0x35,write8
20155915875,0x389,0x22,write8
20155967500,0x388,0x55,write8
20156065750,0x389,0x08,write8
20156117375,0x388,0x75,write8
20156215375,0x389,0xf6,write8
20156267125,0x388,0x95,write8
20156365125,0x389,0xf7,write8
20156416875,0x388,0xf5,write8
20156514875,0x389,0x00,write8
20156571125,0x388,0xa8,write8
20156669250,0x389,0xc7,write8
20156720750,0x388,0xb8,write8
20156818750,0x389,0x2b,write8
20173783875,0x388,0xb7,write8
20173881875,0x389,0x0e,write8
20175895625,0x388,0xb7,write8
20175993250,0x389,0x0e,write8
20176046125,0x388,0xc7,write8
20176144125,0x389,0x0e,write8
20176196250,0x388,0x31,write8
20176294250,0x389,0xe6,write8
20176346000,0x388,0x51,write8
20176444000,0x389,0xe7,write8
20176495625,0x388,0x71,write8
20176593750,0x389,0x80,write8
20176645375,0x388,0x91,write8
20176743375,0x389,0x01,write8
20176795125,0x388,0xf1,write8
20176893125,0x389,0x00,write8
20176945375,0x388,0x34,write8
20177043500,0x389,0xe4,write8
20177095125,0x388,0x54,write8
20177193125,0x389,0x8d,write8
20177244875,0x388,0x74,write8
20177342875,0x389,0xf5,write8
20177394625,0x388,0x94,write8
20177492625,0x389,0x07,write8
20177544250,0x388,0xf4,write8
20177642375,0x389,0x00,write8
20177698625,0x388,0xa7,write8
20177796625,0x389,0x00,write8
20177848250,0x388,0xb7,write8
20177946250,0x389,0x2b,write8
20241394125,0x388,0xb5,write8
20241492125,0x389,0x0b,write8
20258296000,0x388,0xb4,write8
20258394000,0x389,0x0a,write8
20319567250,0x388,0xb4,write8
20319665250,0x389,0x0a,write8
20319718000,0x388,0xc4,write8
20319816000,0x389,0x08,write8
20319868000,0x388,0x29,write8
20319966000,0x389,0x20,write8
20320017875,0x388,0x49,write8
20320115875,0x389,0x24,write8
20320167625,0x388,0x69,write8
20320265625,0x389,0x62,write8
20320317250,0x388,0x89,write8
20320415250,0x389,0x75,write8
20320467000,0x388,0xe9,write8
20320565000,0x389,0x01,write8
20320617250,0x388,0x2c,write8
20320715250,0x389,0x22,write8
20320767000,0x388,0x4c,write8
20320865000,0x389,0x02,write8
20320916625,0x388,0x6c,write8
20321014750,0x389,0xa8,write8
20321066500,0x388,0x8c,write8
20321164500,0x389,0xf5,write8
20321216250,0x388,0xec,write8
20321314250,0x389,0x00,write8
20321370625,0x388,0xa4,write8
20321468625,0x389,0x5e,write8
20321520125,0x388,0xb4,write8
20321618125,0x389,0x2b,write8
20338585750,0x388,0xb8,write8
20338683750,0x389,0x0b,write8
20395627875,0x388,0xb4,write8
20395725875,0x389,0x0b,write8
20528740750,0x388,0xb4,write8
20528838750,0x389,0x0b,write8
20528891500,0x388,0xc4,write8
20528989500,0x389,0x08,write8
20529041750,0x388,0x29,write8
20529139750,0x389,0x20,write8
20529191375,0x388,0x49,write8
20529289500,0x389,0x24,write8
20529341125,0x388,0x69,write8
20529439125,0x389,0x62,write8
20529490875,0x388,0x89,write8
20529588875,0x389,0x75,write8
20529640625,0x388,0xe9,write8
20529738625,0x389,0x01,write8
20529790750,0x388,0x2c,write8
20529888750,0x389,0x22,write8
20529940500,0x388,0x4c,write8
20530038625,0x389,0x02,write8
20530090375,0x388,0x6c,write8
20530188375,0x389,0xa8,write8
20530240000,0x388,0x8c,write8
20530338125,0x389,0xf5,write8
20530389750,0x388,0xec,write8
20530487750,0x389,0x00,write8
20530544125,0x388,0xa4,write8
20530642125,0x389,0x5e,write8
20530693750,0x388,0xb4,write8
20530791750,0x389,0x2b,write8
20579449500,0x388,0xb5,write8
20579547500,0x389,0x0b,write8
20579600250,0x388,0xc5,write8
20579698250,0x389,0x0a,write8
20579750250,0x388,0x2a,write8
20579848375,0x389,0x28,write8
20579900000,0x388,0x4a,write8
20579998000,0x389,0x2b,write8
20580049875,0x388,0x6a,write8
20580147875,0x389,0xe6,write8
20580199625,0x388,0x8a,write8
20580297625,0x389,0x97,write8
20580349250,0x388,0xea,write8
20580447250,0x389,0x02,write8
20580499500,0x388,0x2d,write8
20580597500,0x389,0x22,write8
20580649250,0x388,0x4d,write8
20580747250,0x389,0x08,write8
20580798875,0x388,0x6d,write8
20580897000,0x389,0xf6,write8
20580948625,0x388,0x8d,write8
20581046750,0x389,0xf7,write8
20581098500,0x388,0xed,write8
20581196500,0x389,0x00,write8
20581253500,0x388,0xa5,write8
20581351500,0x389,0x00,write8
20581403000,0x388,0xb5,write8
20581501125,0x389,0x2e,write8
20638649250,0x388,0xb4,write8
20638747250,0x389,0x0b,write8
20699878000,0x388,0xb4,write8
20699976000,0x389,0x0b,write8
20700028750,0x388,0xc4,write8
20700126875,0x389,0x00,write8
20700178875,0x388,0x29,write8
20700276875,0x389,0x20,write8
20700328625,0x388,0x49,write8
20700426625,0x389,0x00,write8
20700478375,0x388,0x69,write8
20700576375,0x389,0xfa,write8
20700628000,0x388,0x89,write8
20700726000,0x389,0x6a,write8
20700777750,0x388,0xe9,write8
20700875750,0x389,0x00,write8
20700928000,0x388,0x2c,write8
20701026125,0x389,0x26,write8
20701077750,0x388,0x4c,write8
20701175875,0x389,0x07,write8
20701227500,0x388,0x6c,write8
20701325500,0x389,0xaa,write8
20701377250,0x388,0x8c,write8
20701475250,0x389,0xfa,write8
20701527000,0x388,0xec,write8
20701625000,0x389,0x00,write8
20701682625,0x388,0xa4,write8
20701780625,0x389,0x00,write8
20701832125,0x388,0xb4,write8
20701930125,0x389,0x32,write8
20704105875,0x388,0xb8,write8
20704203875,0x389,0x0b,write8
20704256625,0x388,0xc8,write8
20704354625,0x389,0x08,write8
20704406625,0x388,0x32,write8
20704504625,0x389,0x20,write8
20704556375,0x388,0x52,write8
20704654375,0x389,0x24,write8
20704706125,0x388,0x72,write8
20704804125,0x389,0x62,write8
20704855750,0x388,0x92,write8
20704953750,0x389,0x75,write8
20705005625,0x388,0xf2,write8
20705103625,0x389,0x01,write8
20705155875,0x388,0x35,write8
20705253875,0x389,0x22,write8
20705305625,0x388,0x55,write8
20705403625,0x389,0x02,write8
20705455250,0x388,0x75,write8
20705553250,0x389,0xa8,write8
20705605000,0x388,0x95,write8
20705703000,0x389,0xf5,write8
20705754750,0x388,0xf5,write8
20705852750,0x389,0x00,write8
20705909125,0x388,0xa8,write8
20706007250,0x389,0x5e,write8
20706058750,0x388,0xb8,write8
20706156750,0x389,0x2b,write8
20742133000,0x388,0xb4,write8
20742231125,0x389,0x12,write8
20742290500,0x388,0xb4,write8
20742388500,0x389,0x12,write8
20742441250,0x388,0xc4,write8
20742539250,0x389,0x08,write8
20742591375,0x388,0x29,write8
20742689375,0x389,0x20,write8
20742741125,0x388,0x49,write8
20742839125,0x389,0x24,write8
20742890750,0x388,0x69,write8
20742988750,0x389,0x62,write8
20743040625,0x388,0x89,write8
20743138625,0x389,0x75,write8
20743190375,0x388,0xe9,write8
20743288375,0x389,0x01,write8
20743340500,0x388,0x2c,write8
20743438625,0x389,0x22,write8
20743490250,0x388,0x4c,write8
20743588250,0x389,0x02,write8
20743640000,0x388,0x6c,write8
20743738000,0x389,0xa8,write8
20743789750,0x388,0x8c,write8
20743887750,0x389,0xf5,write8
20743939375,0x388,0xec,write8
20744037500,0x389,0x00,write8
20744093875,0x388,0xa4,write8
20744191875,0x389,0x85,write8
20744243625,0x388,0xb4,write8
20744341625,0x389,0x2a,write8
20748474500,0x388,0xb4,write8
20748572500,0x389,0x0a,write8
20811861750,0x388,0xb8,write8
20811959750,0x389,0x0b,write8
20824537375,0x388,0xb5,write8
20824635375,0x389,0x0e,write8
20898484750,0x388,0xb4,write8
20898582750,0x389,0x0a,write8
20898635375,0x388,0xc4,write8
20898733375,0x389,0x08,write8
20898785500,0x388,0x29,write8
20898883500,0x389,0x20,write8
20898935250,0x388,0x49,write8
20899033375,0x389,0x24,write8
20899085125,0x388,0x69,write8
20899183125,0x389,0x62,write8
20899234750,0x388,0x89,write8
20899332750,0x389,0x75,write8
20899384500,0x388,0xe9,write8
20899482500,0x389,0x01,write8
20899534750,0x388,0x2c,write8
20899632750,0x389,0x22,write8
20899684375,0x388,0x4c,write8
20899782500,0x389,0x02,write8
20899834125,0x388,0x6c,write8
20899932125,0x389,0xa8,write8
20899983875,0x388,0x8c,write8
20900082000,0x389,0xf5,write8
20900133750,0x388,0xec,write8
20900231750,0x389,0x00,write8
20900288000,0x388,0xa4,write8
20900386000,0x389,0x5e,write8
20900437625,0x388,0xb4,write8
20900535625,0x389,0x2b,write8
21010508875,0x388,0xb4,write8
21010606875,0x389,0x0b,write8
21130896750,0x388,0xb4,write8
21130994375,0x389,0x0b,write8
21131047000,0x388,0xc4,write8
21131144625,0x389,0x0a,write8
21131196500,0x388,0x29,write8
21131294125,0x389,0x28,write8
21131345625,0x388,0x49,write8
21131443250,0x389,0x2b,write8
21131494750,0x388,0x69,write8
21131592375,0x389,0xe6,write8
21131643875,0x388,0x89,write8
21131741500,0x389,0x97,write8
21131793000,0x388,0xe9,write8
21131890625,0x389,0x02,write8
21131942625,0x388,0x2c,write8
21132040750,0x389,0x22,write8
21132092500,0x388,0x4c,write8
21132190500,0x389,0x08,write8
21132242250,0x388,0x6c,write8
21132340250,0x389,0xf6,write8
21132391875,0x388,0x8c,write8
21132490000,0x389,0xf7,write8
21132541625,0x388,0xec,write8
21132639625,0x389,0x00,write8
21132696625,0x388,0xa4,write8
21132794625,0x389,0x3f,write8
21132846250,0x388,0xb4,write8
21132944250,0x389,0x2e,write8
21327392000,0x388,0xb4,write8
21327490000,0x389,0x0e,write8
21439371250,0x388,0xb4,write8
21439469250,0x389,0x0e,write8
21439522000,0x388,0xc4,write8
21439620000,0x389,0x0e,write8
21439672000,0x388,0x29,write8
21439770000,0x389,0xe6,write8
21439821750,0x388,0x49,write8
21439919750,0x389,0xe7,write8
21439971500,0x388,0x69,write8
21440069625,0x389,0x80,write8
21440121250,0x388,0x89,write8
21440219250,0x389,0x01,write8
21440271000,0x388,0xe9,write8
21440369000,0x389,0x00,write8
21440421250,0x388,0x2c,write8
21440519250,0x389,0xe4,write8
21440571000,0x388,0x4c,write8
21440669000,0x389,0x8d,write8
21440720625,0x388,0x6c,write8
21440818625,0x389,0xf5,write8
21440870375,0x388,0x8c,write8
21440968375,0x389,0x07,write8
21441020250,0x388,0xec,write8
21441118250,0x389,0x00,write8
21441173250,0x388,0xa4,write8
21441271375,0x389,0x00,write8
21441322875,0x388,0xb4,write8
21441420875,0x389,0x23,write8
21481628500,0x388,0xb5,write8
21481726500,0x389,0x0e,write8
21481779125,0x388,0xc5,write8
21481877125,0x389,0x00,write8
21481929250,0x388,0x2a,write8
21482027375,0x389,0x20,write8
21482079125,0x388,0x4a,write8
21482177125,0x389,0x00,write8
21482228750,0x388,0x6a,write8
21482326875,0x389,0xfa,write8
21482378500,0x388,0x8a,write8
21482476500,0x389,0x6a,write8
21482528250,0x388,0xea,write8
21482626250,0x389,0x00,write8
21482678500,0x388,0x2d,write8
21482776500,0x389,0x26,write8
21482828125,0x388,0x4d,write8
21482926125,0x389,0x07,write8
21482977875,0x388,0x6d,write8
21483076000,0x389,0xaa,write8
21483127750,0x388,0x8d,write8
21483225750,0x389,0xfa,write8
21483277375,0x388,0xed,write8
21483375500,0x389,0x00,write8
21483432375,0x388,0xa5,write8
21483530375,0x389,0x85,write8
21483582000,0x388,0xb5,write8
21483680000,0x389,0x2e,write8
21521774000,0x388,0xb6,write8
21521872000,0x389,0x03,write8
21523883500,0x388,0xb5,write8
21523981500,0x389,0x0e,write8
21809121000,0x388,0xb5,write8
21809219000,0x389,0x0e,write8
21809271750,0x388,0xc5,write8
21809369750,0x389,0x0a,write8
21809421875,0x388,0x2a,write8
21809519875,0x389,0x28,write8
21809571625,0x388,0x4a,write8
21809669625,0x389,0x2b,write8
21809721250,0x388,0x6a,write8
21809819250,0x389,0xe6,write8
21809871000,0x388,0x8a,write8
21809969000,0x389,0x97,write8
21810020875,0x388,0xea,write8
21810118875,0x389,0x02,write8
21810171000,0x388,0x2d,write8
21810269000,0x389,0x22,write8
21810320750,0x388,0x4d,write8
21810418750,0x389,0x08,write8
21810470500,0x388,0x6d,write8
21810568500,0x389,0xf6,write8
21810620250,0x388,0x8d,write8
21810718250,0x389,0xf7,write8
21810769875,0x388,0xed,write8
21810867875,0x389,0x00,write8
21810924875,0x388,0xa5,write8
21811023000,0x389,0x85,write8
21811074625,0x388,0xb5,write8
21811172625,0x389,0x2e,write8
21899970750,0x388,0xb6,write8
21900068875,0x389,0x03,write8
21900121625,0x388,0xc6,write8
21900219625,0x389,0x0e,write8
21900271750,0x388,0x30,write8
21900369750,0x389,0xe6,write8
21900421375,0x388,0x50,write8
21900519500,0x389,0xe7,write8
21900571125,0x388,0x70,write8
21900669125,0x389,0x80,write8
21900720875,0x388,0x90,write8
21900818875,0x389,0x01,write8
21900870625,0x388,0xf0,write8
21900968375,0x389,0x00,write8
21901020500,0x388,0x33,write8
21901118125,0x389,0xe4,write8
21901169625,0x388,0x53,write8
21901267250,0x389,0x8d,write8
21901318875,0x388,0x73,write8
21901416625,0x389,0xf5,write8
21901468125,0x388,0x93,write8
21901565750,0x389,0x07,write8
21901617250,0x388,0xf3,write8
21901714875,0x389,0x00,write8
21901771000,0x388,0xa6,write8
21901868625,0x389,0xc7,write8
21901920000,0x388,0xb6,write8
21902017750,0x389,0x2b,write8
21995052250,0x388,0xb8,write8
21995150375,0x389,0x0b,write8
21995203000,0x388,0xc8,write8
21995301000,0x389,0x00,write8
21995353125,0x388,0x32,write8
21995451125,0x389,0x20,write8
21995502875,0x388,0x52,write8
21995600875,0x389,0x00,write8
21995652500,0x388,0x72,write8
21995750500,0x389,0xfa,write8
21995802250,0x388,0x92,write8
21995900250,0x389,0x6a,write8
21995952000,0x388,0xf2,write8
21996050125,0x389,0x00,write8
21996102250,0x388,0x35,write8
21996200375,0x389,0x26,write8
21996252000,0x388,0x55,write8
21996350000,0x389,0x07,write8
21996401750,0x388,0x75,write8
21996499750,0x389,0xaa,write8
21996551500,0x388,0x95,write8
21996649500,0x389,0xfa,write8
21996701125,0x388,0xf5,write8
21996799125,0x389,0x00,write8
21996856750,0x388,0xa8,write8
21996954750,0x389,0x00,write8
21997006500,0x388,0xb8,write8
21997104500,0x389,0x32,write8
22035191875,0x388,0xb8,write8
22035289875,0x389,0x12,write8
22037305875,0x388,0xb5,write8
22037403875,0x389,0x0e,write8
22478887750,0x388,0xb5,write8
22478985750,0x389,0x0e,write8
22479038625,0x388,0xc5,write8
22479136625,0x389,0x0a,write8
22479188750,0x388,0x2a,write8
22479286750,0x389,0x28,write8
22479338375,0x388,0x4a,write8
22479436375,0x389,0x2b,write8
22479488125,0x388,0x6a,write8
22479586125,0x389,0xe6,write8
22479637875,0x388,0x8a,write8
22479735875,0x389,0x97,write8
22479787500,0x388,0xea,write8
22479885625,0x389,0x02,write8
22479937750,0x388,0x2d,write8
22480035875,0x389,0x22,write8
22480087625,0x388,0x4d,write8
22480185625,0x389,0x08,write8
22480237375,0x388,0x6d,write8
22480335375,0x389,0xf6,write8
22480387000,0x388,0x8d,write8
22480485000,0x389,0xf7,write8
22480536750,0x388,0xed,write8
22480634750,0x389,0x00,write8
22480691750,0x388,0xa5,write8
22480789750,0x389,0x00,write8
22480841375,0x388,0xb5,write8
22480939375,0x389,0x2f,write8
22485230750,0x388,0xb8,write8
22485328750,0x389,0x12,write8
22485381500,0x388,0xc8,write8
22485479500,0x389,0x00,write8
22485531500,0x388,0x32,write8
22485629500,0x389,0x20,write8
22485681250,0x388,0x52,write8
22485779250,0x389,0x00,write8
22485831000,0x388,0x72,write8
22485928875,0x389,0xfa,write8
22485980375,0x388,0x92,write8
22486078125,0x389,0x6a,write8
22486129625,0x388,0xf2,write8
22486227250,0x389,0x00,write8
22486279375,0x388,0x35,write8
22486377125,0x389,0x26,write8
22486428625,0x388,0x55,write8
22486526250,0x389,0x07,write8
22486577750,0x388,0x75,write8
22486675375,0x389,0xaa,write8
22486726875,0x388,0x95,write8
22486824500,0x389,0xfa,write8
22486876000,0x388,0xf5,write8
22486973625,0x389,0x00,write8
22487030500,0x388,0xa8,write8
22487128125,0x389,0x85,write8
22487179500,0x388,0xb8,write8
22487277125,0x389,0x2e,write8
22527485875,0x388,0xb8,write8
22527583875,0x389,0x0e,write8
22529592250,0x388,0xb1,write8
22529689875,0x389,0x0b,write8
22563398875,0x388,0xb3,write8
22563496875,0x389,0x07,write8
22605657000,0x388,0xb6,write8
22605755125,0x389,0x0b,write8
22607772000,0x388,0xb5,write8
22607870000,0x389,0x0f,write8
22614105250,0x388,0xb0,write8
22614203250,0x389,0x0a,write8
22620456250,0x388,0xb2,write8
22620554250,0x389,0x0e,write8
22620613625,0x388,0xb7,write8
22620711625,0x389,0x0b,write8
22675382500,0x388,0xb4,write8
22675480500,0x389,0x03,write8
22787359625,0x388,0xb0,write8
22787457750,0x389,0x0a,write8
22787510375,0x388,0xc0,write8
22787608375,0x389,0x0a,write8
22787660500,0x388,0x20,write8
22787758500,0x389,0x28,write8
22787810250,0x388,0x40,write8
22787908250,0x389,0x2b,write8
22787959875,0x388,0x60,write8
22788058000,0x389,0xe6,write8
22788109750,0x388,0x80,write8
22788207750,0x389,0x97,write8
22788259500,0x388,0xe0,write8
22788357500,0x389,0x02,write8
22788409625,0x388,0x23,write8
22788507750,0x389,0x22,write8
22788559375,0x388,0x43,write8
22788657375,0x389,0x08,write8
22788709125,0x388,0x63,write8
22788807125,0x389,0xf6,write8
22788858875,0x388,0x83,write8
22788956875,0x389,0xf7,write8
22789008625,0x388,0xe3,write8
22789106625,0x389,0x00,write8
22789163625,0x388,0xa0,write8
22789261625,0x389,0x5e,write8
22789313250,0x388,0xb0,write8
22789411250,0x389,0x2f,write8
22791585750,0x388,0xb1,write8
22791683875,0x389,0x0b,write8
22791736500,0x388,0xc1,write8
22791834500,0x389,0x00,write8
22791886625,0x388,0x21,write8
22791984625,0x389,0x00,write8
22792036375,0x388,0x41,write8
22792134375,0x389,0x0c,write8
22792186000,0x388,0x61,write8
22792284000,0x389,0xc8,write8
22792335750,0x388,0x81,write8
22792433750,0x389,0x4c,write8
22792485500,0x388,0xe1,write8
22792583500,0x389,0x00,write8
22792635625,0x388,0x24,write8
22792733750,0x389,0x20,write8
22792785375,0x388,0x44,write8
22792883375,0x389,0x00,write8
22792935125,0x388,0x64,write8
22793033250,0x389,0xd6,write8
22793085000,0x388,0x84,write8
22793183000,0x389,0xff,write8
22793234625,0x388,0xe4,write8
22793332625,0x389,0x00,write8
22793388375,0x388,0xa1,write8
22793486375,0x389,0x90,write8
22793538000,0x388,0xb1,write8
22793636000,0x389,0x27,write8
22795812000,0x388,0xb2,write8
22795910125,0x389,0x0e,write8
22795962750,0x388,0xc2,write8
22796060875,0x389,0x0a,write8
22796113000,0x388,0x22,write8
22796211000,0x389,0x22,write8
22796262750,0x388,0x42,write8
22796360750,0x389,0x19,write8
22796412375,0x388,0x62,write8
22796510375,0x389,0xc6,write8
22796562125,0x388,0x82,write8
22796660125,0x389,0x77,write8
22796711875,0x388,0xe2,write8
22796809875,0x389,0x00,write8
22796862000,0x388,0x25,write8
22796960125,0x389,0x22,write8
22797011875,0x388,0x45,write8
22797109875,0x389,0x40,write8
22797161625,0x388,0x65,write8
22797259625,0x389,0xf4,write8
22797311375,0x388,0x85,write8
22797409375,0x389,0xf7,write8
22797461000,0x388,0xe5,write8
22797559000,0x389,0x00,write8
22797614125,0x388,0xa2,write8
22797712125,0x389,0x5e,write8
22797763750,0x388,0xb2,write8
22797861750,0x389,0x23,write8
22819056500,0x388,0xb3,write8
22819154500,0x389,0x07,write8
22819207250,0x388,0xc3,write8
22819305250,0x389,0x0e,write8
22819357250,0x388,0x28,write8
22819455250,0x389,0xe6,write8
22819507000,0x388,0x48,write8
22819605000,0x389,0xe7,write8
22819656750,0x388,0x68,write8
22819754750,0x389,0x80,write8
22819806500,0x388,0x88,write8
22819904500,0x389,0x01,write8
22819956125,0x388,0xe8,write8
22820054250,0x389,0x00,write8
22820106500,0x388,0x2b,write8
22820204500,0x389,0xe4,write8
22820256250,0x388,0x4b,write8
22820354250,0x389,0x8d,write8
22820405875,0x388,0x6b,write8
22820503875,0x389,0xf5,write8
22820555625,0x388,0x8b,write8
22820653625,0x389,0x07,write8
22820705375,0x388,0xeb,write8
22820803375,0x389,0x00,write8
22820861000,0x388,0xa3,write8
22820959000,0x389,0x85,write8
22821010625,0x388,0xb3,write8
22821108625,0x389,0x32,write8
22854972375,0x388,0xb4,write8
22855070500,0x389,0x03,write8
22855123250,0x388,0xc4,write8
22855221250,0x389,0x0e,write8
22855273375,0x388,0x29,write8
22855371375,0x389,0xe6,write8
22855423000,0x388,0x49,write8
22855521000,0x389,0xe7,write8
22855572750,0x388,0x69,write8
22855670750,0x389,0x80,write8
22855722500,0x388,0x89,write8
22855820500,0x389,0x01,write8
22855872125,0x388,0xe9,write8
22855970250,0x389,0x00,write8
22856022500,0x388,0x2c,write8
22856120500,0x389,0xe4,write8
22856172250,0x388,0x4c,write8
22856270250,0x389,0x8d,write8
22856322000,0x388,0x6c,write8
22856420000,0x389,0xf5,write8
22856471625,0x388,0x8c,write8
22856569625,0x389,0x07,write8
22856621375,0x388,0xec,write8
22856719375,0x389,0x00,write8
22856777000,0x388,0xa4,write8
22856875000,0x389,0x00,write8
22856926375,0x388,0xb4,write8
22857024125,0x389,0x32,write8
22859196000,0x388,0xb3,write8
22859294000,0x389,0x12,write8
22880322875,0x388,0xb0,write8
22880420875,0x389,0x0f,write8
22888775875,0x388,0xb0,write8
22888873875,0x389,0x0f,write8
22888926625,0x388,0xc0,write8
22889024750,0x389,0x0e,write8
22889076750,0x388,0x20,write8
22889174750,0x389,0xe6,write8
22889226500,0x388,0x40,write8
22889324500,0x389,0xe7,write8
22889376250,0x388,0x60,write8
22889474250,0x389,0x80,write8
22889526000,0x388,0x80,write8
22889624000,0x389,0x01,write8
22889675625,0x388,0xe0,write8
22889773625,0x389,0x00,write8
22889825875,0x388,0x23,write8
22889923875,0x389,0xe4,write8
22889975625,0x388,0x43,write8
22890073750,0x389,0x8d,write8
22890125375,0x388,0x63,write8
22890223375,0x389,0xf5,write8
22890275125,0x388,0x83,write8
22890373125,0x389,0x07,write8
22890424875,0x388,0xe3,write8
22890522875,0x389,0x00,write8
22890579875,0x388,0xa0,write8
22890677875,0x389,0x5e,write8
22890729375,0x388,0xb0,write8
22890827375,0x389,0x2f,write8
22897227625,0x388,0xb4,write8
22897325625,0x389,0x12,write8
22920470000,0x388,0xb1,write8
22920568000,0x389,0x07,write8
22928923000,0x388,0xb1,write8
22929020750,0x389,0x07,write8
22929073250,0x388,0xc1,write8
22929170875,0x389,0x0e,write8
22929222750,0x388,0x21,write8
22929320375,0x389,0xe6,write8
22929371875,0x388,0x41,write8
22929469500,0x389,0xe7,write8
22929521000,0x388,0x61,write8
22929618625,0x389,0x80,write8
22929670125,0x388,0x81,write8
22929768000,0x389,0x01,write8
22929819750,0x388,0xe1,write8
22929917750,0x389,0x00,write8
22929969875,0x388,0x24,write8
22930068000,0x389,0xe4,write8
22930119750,0x388,0x44,write8
22930217750,0x389,0x8d,write8
22930269500,0x388,0x64,write8
22930367500,0x389,0xf5,write8
22930419125,0x388,0x84,write8
22930517125,0x389,0x07,write8
22930568875,0x388,0xe4,write8
22930666875,0x389,0x00,write8
22930723875,0x388,0xa1,write8
22930821875,0x389,0x85,write8
22930873500,0x388,0xb1,write8
22930971500,0x389,0x2e,write8
22933146500,0x388,0xb0,write8
22933244500,0x389,0x0f,write8
22939483500,0x388,0xb2,write8
22939581500,0x389,0x03,write8
22950050875,0x388,0xb0,write8
22950148875,0x389,0x0f,write8
22950201625,0x388,0xc0,write8
22950299625,0x389,0x0a,write8
22950351750,0x388,0x20,write8
22950449750,0x389,0x28,write8
22950501375,0x388,0x40,write8
22950599375,0x389,0x2b,write8
22950651125,0x388,0x60,write8
22950749125,0x389,0xe6,write8
22950800875,0x388,0x80,write8
22950898875,0x389,0x97,write8
22950950500,0x388,0xe0,write8
22951048750,0x389,0x02,write8
22951100875,0x388,0x23,write8
22951198875,0x389,0x22,write8
22951250625,0x388,0x43,write8
22951348625,0x389,0x08,write8
22951400375,0x388,0x63,write8
22951498375,0x389,0xf6,write8
22951550000,0x388,0x83,write8
22951648000,0x389,0xf7,write8
22951699750,0x388,0xe3,write8
22951797750,0x389,0x00,write8
22951854125,0x388,0xa0,write8
22951952125,0x389,0x5e,write8
22952003875,0x388,0xb0,write8
22952101875,0x389,0x2b,write8
22952160500,0x388,0xb2,write8
22952258500,0x389,0x03,write8
22952311125,0x388,0xc2,write8
22952409125,0x389,0x08,write8
22952461250,0x388,0x22,write8
22952559250,0x389,0x20,write8
22952611000,0x388,0x42,write8
22952709000,0x389,0x24,write8
22952760625,0x388,0x62,write8
22952858750,0x389,0x62,write8
22952910375,0x388,0x82,write8
22953008500,0x389,0x75,write8
22953060250,0x388,0xe2,write8
22953158250,0x389,0x01,write8
22953210500,0x388,0x25,write8
22953308500,0x389,0x22,write8
22953360125,0x388,0x45,write8
22953458125,0x389,0x02,write8
22953509875,0x388,0x65,write8
22953607875,0x389,0xa8,write8
22953659625,0x388,0x85,write8
22953757625,0x389,0xf5,write8
22953809250,0x388,0xe5,write8
22953907375,0x389,0x00,write8
22953963625,0x388,0xa2,write8
22954061750,0x389,0x5e,write8
22954113375,0x388,0xb2,write8
22954211375,0x389,0x2b,write8
22958501000,0x388,0xb3,write8
22958599000,0x389,0x12,write8
22958651750,0x388,0xc3,write8
22958749750,0x389,0x0e,write8
22958801875,0x388,0x28,write8
22958899875,0x389,0xe6,write8
22958951500,0x388,0x48,write8
22959049625,0x389,0xe7,write8
22959101375,0x388,0x68,write8
22959199375,0x389,0x80,write8
22959251125,0x388,0x88,write8
22959349125,0x389,0x01,write8
22959400750,0x388,0xe8,write8
22959498750,0x389,0x00,write8
22959551000,0x388,0x2b,write8
22959649000,0x389,0xe4,write8
22959700750,0x388,0x4b,write8
22959798750,0x389,0x8d,write8
22959850500,0x388,0x6b,write8
22959948500,0x389,0xf5,write8
22960000125,0x388,0x8b,write8
22960098250,0x389,0x07,write8
22960150000,0x388,0xeb,write8
22960248000,0x389,0x00,write8
22960305000,0x388,0xa3,write8
22960403000,0x389,0x00,write8
22960454625,0x388,0xb3,write8
22960552625,0x389,0x2e,write8
22969065375,0x388,0xb1,write8
22969163375,0x389,0x0e,write8
22992304625,0x388,0xb2,write8
22992402625,0x389,0x0b,write8
22992460625,0x388,0xb1,write8
22992558625,0x389,0x0e,write8
22992611250,0x388,0xc1,write8
22992709375,0x389,0x0e,write8
22992761375,0x388,0x21,write8
22992859375,0x389,0xe6,write8
22992911125,0x388,0x41,write8
22993009250,0x389,0xe7,write8
22993061000,0x388,0x61,write8
22993159000,0x389,0x80,write8
22993210625,0x388,0x81,write8
22993308625,0x389,0x01,write8
22993360375,0x388,0xe1,write8
22993458375,0x389,0x00,write8
22993510625,0x388,0x24,write8
22993608625,0x389,0xe4,write8
22993660250,0x388,0x44,write8
22993758375,0x389,0x8d,write8
22993810000,0x388,0x64,write8
22993908000,0x389,0xf5,write8
22993959750,0x388,0x84,write8
22994057875,0x389,0x07,write8
22994109625,0x388,0xe4,write8
22994207625,0x389,0x00,write8
22994263875,0x388,0xa1,write8
22994362000,0x389,0x5e,write8
22994413625,0x388,0xb1,write8
22994511625,0x389,0x2b,write8
22998646000,0x388,0xb3,write8
22998744000,0x389,0x0e,write8
23038786625,0x388,0xb1,write8
23038884625,0x389,0x0b,write8
23070481000,0x388,0xb0,write8
23070579000,0x389,0x0b,write8
23119075125,0x388,0xb0,write8
23119173125,0x389,0x0b,write8
23119225875,0x388,0xc0,write8
23119323875,0x389,0x0e,write8
23119376000,0x388,0x20,write8
23119474000,0x389,0xe6,write8
23119525625,0x388,0x40,write8
23119623625,0x389,0xe7,write8
23119675375,0x388,0x60,write8
23119773375,0x389,0x80,write8
23119825125,0x388,0x80,write8
23119923125,0x389,0x01,write8
23119974750,0x388,0xe0,write8
23120073000,0x389,0x00,write8
23120125125,0x388,0x23,write8
23120223125,0x389,0xe4,write8
23120274875,0x388,0x43,write8
23120372875,0x389,0x8d,write8
23120424625,0x388,0x63,write8
23120522625,0x389,0xf5,write8
23120574250,0x388,0x83,write8
23120672250,0x389,0x07,write8
23120724000,0x388,0xe3,write8
23120822000,0x389,0x00,write8
23120879000,0x388,0xa0,write8
23120977000,0x389,0x00,write8
23121028750,0x388,0xb0,write8
23121126750,0x389,0x2e,write8
23121184875,0x388,0xb1,write8
23121282875,0x389,0x0b,write8
23121335500,0x388,0xc1,write8
23121433500,0x389,0x0e,write8
23121485625,0x388,0x21,write8
23121583625,0x389,0xe6,write8
23121635375,0x388,0x41,write8
23121733375,0x389,0xe7,write8
23121785000,0x388,0x61,write8
23121883125,0x389,0x80,write8
23121934750,0x388,0x81,write8
23122032875,0x389,0x01,write8
23122084625,0x388,0xe1,write8
23122182625,0x389,0x00,write8
23122234875,0x388,0x24,write8
23122332875,0x389,0xe4,write8
23122384500,0x388,0x44,write8
23122482500,0x389,0x8d,write8
23122534250,0x388,0x64,write8
23122632250,0x389,0xf5,write8
23122684000,0x388,0x84,write8
23122782000,0x389,0x07,write8
23122833625,0x388,0xe4,write8
23122931750,0x389,0x00,write8
23122988000,0x388,0xa1,write8
23123086125,0x389,0x85,write8
23123137750,0x388,0xb1,write8
23123235750,0x389,0x2a,write8
23123294375,0x388,0xb2,write8
23123392375,0x389,0x0b,write8
23123445125,0x388,0xc2,write8
23123543125,0x389,0x0e,write8
23123595125,0x388,0x22,write8
23123693125,0x389,0xe6,write8
23123744875,0x388,0x42,write8
23123842875,0x389,0xe7,write8
23123894625,0x388,0x62,write8
23123992625,0x389,0x80,write8
23124044500,0x388,0x82,write8
23124142500,0x389,0x01,write8
23124194125,0x388,0xe2,write8
23124292125,0x389,0x00,write8
23124344375,0x388,0x25,write8
23124442375,0x389,0xe4,write8
23124494125,0x388,0x45,write8
23124592125,0x389,0x8d,write8
23124643750,0x388,0x65,write8
23124741750,0x389,0xf5,write8
23124793500,0x388,0x85,write8
23124891500,0x389,0x07,write8
23124943250,0x388,0xe5,write8
23125041375,0x389,0x00,write8
23125097750,0x388,0xa2,write8
23125195750,0x389,0x5e,write8
23125247250,0x388,0xb2,write8
23125345250,0x389,0x2b,write8
23125404375,0x388,0xb3,write8
23125502375,0x389,0x0e,write8
23125555125,0x388,0xc3,write8
23125653125,0x389,0x0a,write8
23125705250,0x388,0x28,write8
23125803250,0x389,0x28,write8
23125855000,0x388,0x48,write8
23125953000,0x389,0x2b,write8
23126004750,0x388,0x68,write8
23126102750,0x389,0xe6,write8
23126154500,0x388,0x88,write8
23126252500,0x389,0x97,write8
23126304250,0x388,0xe8,write8
23126402250,0x389,0x02,write8
23126454375,0x388,0x2b,write8
23126552375,0x389,0x22,write8
23126604125,0x388,0x4b,write8
23126702125,0x389,0x08,write8
23126753875,0x388,0x6b,write8
23126851875,0x389,0xf6,write8
23126903625,0x388,0x8b,write8
23127001750,0x389,0xf7,write8
23127053375,0x388,0xeb,write8
23127151375,0x389,0x00,write8
23127208375,0x388,0xa3,write8
23127306375,0x389,0x00,write8
23127358000,0x388,0xb3,write8
23127456000,0x389,0x2e,write8
23127515625,0x388,0xb4,write8
23127613625,0x389,0x12,write8
23127666375,0x388,0xc4,write8
23127764375,0x389,0x08,write8
23127816375,0x388,0x29,write8
23127914375,0x389,0x20,write8
23127966125,0x388,0x49,write8
23128063875,0x389,0x24,write8
23128115375,0x388,0x69,write8
23128213000,0x389,0x62,write8
23128264500,0x388,0x89,write8
23128362250,0x389,0x75,write8
23128413875,0x388,0xe9,write8
23128511500,0x389,0x01,write8
23128563500,0x388,0x2c,write8
23128661125,0x389,0x22,write8
23128712625,0x388,0x4c,write8
23128810250,0x389,0x02,write8
23128861750,0x388,0x6c,write8
23128959375,0x389,0xa8,write8
23129011000,0x388,0x8c,write8
23129108625,0x389,0xf5,write8
23129160125,0x388,0xec,write8
23129257750,0x389,0x00,write8
23129313875,0x388,0xa4,write8
23129411500,0x389,0x85,write8
23129462875,0x388,0xb4,write8
23129560875,0x389,0x2a,write8
23129620875,0x388,0xb5,write8
23129719000,0x389,0x0f,write8
23129771750,0x388,0xc5,write8
23129869750,0x389,0x00,write8
23129921750,0x388,0x2a,write8
23130020000,0x389,0x00,write8
23130071625,0x388,0x4a,write8
23130169625,0x389,0x0c,write8
23130221375,0x388,0x6a,write8
23130319375,0x389,0xc8,write8
23130371125,0x388,0x8a,write8
23130469125,0x389,0x4c,write8
23130520750,0x388,0xea,write8
23130618750,0x389,0x00,write8
23130671000,0x388,0x2d,write8
23130769000,0x389,0x20,write8
23130820750,0x388,0x4d,write8
23130918750,0x389,0x00,write8
23130970375,0x388,0x6d,write8
23131068625,0x389,0xd6,write8
23131120250,0x388,0x8d,write8
23131218250,0x389,0xff,write8
23131270000,0x388,0xed,write8
23131368000,0x389,0x00,write8
23131423750,0x388,0xa5,write8
23131521750,0x389,0x90,write8
23131573250,0x388,0xb5,write8
23131671375,0x389,0x27,write8
23131744125,0x388,0xb6,write8
23131842125,0x389,0x0b,write8
23131894875,0x388,0xc6,write8
23131992875,0x389,0x0a,write8
23132045000,0x388,0x30,write8
23132143000,0x389,0x22,write8
23132194750,0x388,0x50,write8
23132292750,0x389,0x19,write8
23132344500,0x388,0x70,write8
23132442500,0x389,0xc6,write8
23132494125,0x388,0x90,write8
23132592250,0x389,0x77,write8
23132643875,0x388,0xf0,write8
23132741875,0x389,0x00,write8
23132794125,0x388,0x33,write8
23132892125,0x389,0x22,write8
23132943875,0x388,0x53,write8
23133042000,0x389,0x40,write8
23133093625,0x388,0x73,write8
23133191625,0x389,0xf4,write8
23133243375,0x388,0x93,write8
23133341375,0x389,0xf7,write8
23133393125,0x388,0xf3,write8
23133491125,0x389,0x00,write8
23133546250,0x388,0xa6,write8
23133644250,0x389,0x5e,write8
23133695750,0x388,0xb6,write8
23133793750,0x389,0x23,write8
23163446875,0x388,0xb2,write8
23163545000,0x389,0x0b,write8
23174008000,0x388,0xb1,write8
23174106000,0x389,0x0a,write8
23188799875,0x388,0xb0,write8
23188897875,0x389,0x0e,write8
23199363625,0x388,0xb4,write8
23199461250,0x389,0x0a,write8
23205705625,0x388,0xb6,write8
23205803625,0x389,0x03,write8
23216266625,0x388,0xb5,write8
23216364625,0x389,0x07,write8
23231058375,0x388,0xb3,write8
23231156375,0x389,0x0e,write8
23286034500,0x388,0xb0,write8
23286132125,0x389,0x0e,write8
23286184625,0x388,0xc0,write8
23286282250,0x389,0x0a,write8
23286334125,0x388,0x20,write8
23286431750,0x389,0x28,write8
23286483500,0x388,0x40,write8
23286581500,0x389,0x2b,write8
23286633250,0x388,0x60,write8
23286731250,0x389,0xe6,write8
23286783000,0x388,0x80,write8
23286881000,0x389,0x97,write8
23286932625,0x388,0xe0,write8
23287030875,0x389,0x02,write8
23287083000,0x388,0x23,write8
23287181000,0x389,0x22,write8
23287232750,0x388,0x43,write8
23287330750,0x389,0x08,write8
23287382500,0x388,0x63,write8
23287480500,0x389,0xf6,write8
23287532125,0x388,0x83,write8
23287630125,0x389,0xf7,write8
23287681875,0x388,0xe3,write8
23287779875,0x389,0x00,write8
23287836250,0x388,0xa0,write8
23287934250,0x389,0x5e,write8
23287985875,0x388,0xb0,write8
23288084000,0x389,0x2b,write8
23288142125,0x388,0xb1,write8
23288240125,0x389,0x0a,write8
23288292750,0x388,0xc1,write8
23288390750,0x389,0x0a,write8
23288442875,0x388,0x21,write8
23288540875,0x389,0x28,write8
23288592625,0x388,0x41,write8
23288690625,0x389,0x2b,write8
23288742250,0x388,0x61,write8
23288840250,0x389,0xe6,write8
23288892000,0x388,0x81,write8
23288990000,0x389,0x97,write8
23289041875,0x388,0xe1,write8
23289139875,0x389,0x02,write8
23289192125,0x388,0x24,write8
23289290125,0x389,0x22,write8
23289341750,0x388,0x44,write8
23289439750,0x389,0x08,write8
23289491500,0x388,0x64,write8
23289589500,0x389,0xf6,write8
23289641250,0x388,0x84,write8
23289739250,0x389,0xf7,write8
23289790875,0x388,0xe4,write8
23289888875,0x389,0x00,write8
23289945250,0x388,0xa1,write8
23290043375,0x389,0x85,write8
23290095000,0x388,0xb1,write8
23290193000,0x389,0x2a,write8
23290251625,0x388,0xb2,write8
23290349625,0x389,0x0b,write8
23290402375,0x388,0xc2,write8
23290500375,0x389,0x0e,write8
23290552375,0x388,0x22,write8
23290650375,0x389,0xe6,write8
23290702125,0x388,0x42,write8
23290800125,0x389,0xe7,write8
23290851875,0x388,0x62,write8
23290949875,0x389,0x80,write8
23291001625,0x388,0x82,write8
23291099750,0x389,0x01,write8
23291151375,0x388,0xe2,write8
23291249375,0x389,0x00,write8
23291301625,0x388,0x25,write8
23291399625,0x389,0xe4,write8
23291451375,0x388,0x45,write8
23291549375,0x389,0x8d,write8
23291601000,0x388,0x65,write8
23291699000,0x389,0xf5,write8
23291750750,0x388,0x85,write8
23291848750,0x389,0x07,write8
23291900500,0x388,0xe5,write8
23291998500,0x389,0x00,write8
23292055625,0x388,0xa2,write8
23292153625,0x389,0x00,write8
23292205125,0x388,0xb2,write8
23292303125,0x389,0x2e,write8
23292362250,0x388,0xb3,write8
23292460250,0x389,0x0e,write8
23292513000,0x388,0xc3,write8
23292611000,0x389,0x0e,write8
23292663125,0x388,0x28,write8
23292761125,0x389,0xe6,write8
23292812750,0x388,0x48,write8
23292910875,0x389,0xe7,write8
23292962500,0x388,0x68,write8
23293060625,0x389,0x80,write8
23293112375,0x388,0x88,write8
23293210375,0x389,0x01,write8
23293262125,0x388,0xe8,write8
23293360125,0x389,0x00,write8
23293412250,0x388,0x2b,write8
23293510250,0x389,0xe4,write8
23293562000,0x388,0x4b,write8
23293660000,0x389,0x8d,write8
23293711750,0x388,0x6b,write8
23293809750,0x389,0xf5,write8
23293861375,0x388,0x8b,write8
23293959500,0x389,0x07,write8
23294011250,0x388,0xeb,write8
23294109250,0x389,0x00,write8
23294165625,0x388,0xa3,write8
23294263625,0x389,0x5e,write8
23294315250,0x388,0xb3,write8
23294413250,0x389,0x2b,write8
23294472875,0x388,0xb4,write8
23294570875,0x389,0x0a,write8
23294623500,0x388,0xc4,write8
23294721625,0x389,0x0e,write8
23294773625,0x388,0x29,write8
23294871625,0x389,0xe6,write8
23294923375,0x388,0x49,write8
23295021500,0x389,0xe7,write8
23295073250,0x388,0x69,write8
23295171250,0x389,0x80,write8
23295222875,0x388,0x89,write8
23295320875,0x389,0x01,write8
23295372625,0x388,0xe9,write8
23295470625,0x389,0x00,write8
23295522875,0x388,0x2c,write8
23295620875,0x389,0xe4,write8
23295672500,0x388,0x4c,write8
23295770625,0x389,0x8d,write8
23295822250,0x388,0x6c,write8
23295920250,0x389,0xf5,write8
23295972000,0x388,0x8c,write8
23296070125,0x389,0x07,write8
23296121875,0x388,0xec,write8
23296219875,0x389,0x00,write8
23296276125,0x388,0xa4,write8
23296374250,0x389,0x85,write8
23296425750,0x388,0xb4,write8
23296523750,0x389,0x2a,write8
23296583875,0x388,0xb5,write8
23296681875,0x389,0x07,write8
23296734625,0x388,0xc5,write8
23296832625,0x389,0x00,write8
23296884750,0x388,0x2a,write8
23296982750,0x389,0x00,write8
23297034500,0x388,0x4a,write8
23297132500,0x389,0x0c,write8
23297184250,0x388,0x6a,write8
23297282250,0x389,0xc8,write8
23297334000,0x388,0x8a,write8
23297432000,0x389,0x4c,write8
23297483625,0x388,0xea,write8
23297581750,0x389,0x00,write8
23297633875,0x388,0x2d,write8
23297731875,0x389,0x20,write8
23297783625,0x388,0x4d,write8
23297881625,0x389,0x00,write8
23297933375,0x388,0x6d,write8
23298031500,0x389,0xd6,write8
23298083125,0x388,0x8d,write8
23298181125,0x389,0xff,write8
23298232875,0x388,0xed,write8
23298330875,0x389,0x00,write8
23298386625,0x388,0xa5,write8
23298484625,0x389,0x90,write8
23298536250,0x388,0xb5,write8
23298634250,0x389,0x27,write8
23298694875,0x388,0xb6,write8
23298792875,0x389,0x03,write8
23298845500,0x388,0xc6,write8
23298943500,0x389,0x08,write8
23298995625,0x388,0x30,write8
23299093750,0x389,0x20,write8
23299145500,0x388,0x50,write8
23299243250,0x389,0x24,write8
23299294750,0x388,0x70,write8
23299392375,0x389,0x62,write8
23299443875,0x388,0x90,write8
23299541500,0x389,0x75,write8
23299593125,0x388,0xf0,write8
23299690875,0x389,0x01,write8
23299742875,0x388,0x33,write8
23299840500,0x389,0x22,write8
23299892000,0x388,0x53,write8
23299989625,0x389,0x02,write8
23300041250,0x388,0x73,write8
23300138875,0x389,0xa8,write8
23300190375,0x388,0x93,write8
23300288000,0x389,0xf5,write8
23300339500,0x388,0xf3,write8
23300437125,0x389,0x00,write8
23300493250,0x388,0xa6,write8
23300590875,0x389,0x85,write8
23300642250,0x388,0xb6,write8
23300740125,0x389,0x2a,write8
23300801250,0x388,0xb7,write8
23300899250,0x389,0x0b,write8
23300952000,0x388,0xc7,write8
23301050125,0x389,0x00,write8
23301102125,0x388,0x31,write8
23301200125,0x389,0x20,write8
23301251875,0x388,0x51,write8
23301349875,0x389,0x00,write8
23301401625,0x388,0x71,write8
23301499625,0x389,0xfa,write8
23301551250,0x388,0x91,write8
23301649375,0x389,0x6a,write8
23301701000,0x388,0xf1,write8
23301799000,0x389,0x00,write8
23301851250,0x388,0x34,write8
23301949250,0x389,0x26,write8
23302001125,0x388,0x54,write8
23302099125,0x389,0x07,write8
23302150750,0x388,0x74,write8
23302248750,0x389,0xaa,write8
23302300500,0x388,0x94,write8
23302398500,0x389,0xfa,write8
23302450250,0x388,0xf4,write8
23302548250,0x389,0x00,write8
23302605250,0x388,0xa7,write8
23302703250,0x389,0x85,write8
23302754750,0x388,0xb7,write8
23302852750,0x389,0x2e,write8
23309237250,0x388,0xb8,write8
23309335250,0x389,0x0e,write8
23309388000,0x388,0xc8,write8
23309486000,0x389,0x0a,write8
23309538125,0x388,0x32,write8
23309636125,0x389,0x22,write8
23309687875,0x388,0x52,write8
23309785875,0x389,0x19,write8
23309837500,0x388,0x72,write8
23309935500,0x389,0xc6,write8
23309987250,0x388,0x92,write8
23310085375,0x389,0x77,write8
23310137125,0x388,0xf2,write8
23310235125,0x389,0x00,write8
23310287250,0x388,0x35,write8
23310385250,0x389,0x22,write8
23310437000,0x388,0x55,write8
23310535000,0x389,0x40,write8
23310586750,0x388,0x75,write8
23310684750,0x389,0xf4,write8
23310736500,0x388,0x95,write8
23310834500,0x389,0xf7,write8
23310886125,0x388,0xf5,write8
23310984125,0x389,0x00,write8
23311039375,0x388,0xa8,write8
23311137375,0x389,0x5e,write8
23311189000,0x388,0xb8,write8
23311287000,0x389,0x23,write8
23340925125,0x388,0xb7,write8
23341023250,0x389,0x0e,write8
23393748750,0x388,0xb6,write8
23393846750,0x389,0x0a,write8
23416984125,0x388,0xb1,write8
23417082250,0x389,0x0a,write8
23419099375,0x388,0xb0,write8
23419197375,0x389,0x0b,write8
23436046375,0x388,0xb3,write8
23436144375,0x389,0x0b,write8
23442340000,0x388,0xb4,write8
23442437625,0x389,0x0a,write8
23444454250,0x388,0xb2,write8
23444552375,0x389,0x0e,write8
23455018875,0x388,0xb8,write8
23455116875,0x389,0x03,write8
23463467875,0x388,0xb0,write8
23463565875,0x389,0x0b,write8
23463618625,0x388,0xc0,write8
23463716625,0x389,0x0a,write8
23463768625,0x388,0x20,write8
23463866625,0x389,0x28,write8
23463918375,0x388,0x40,write8
23464016500,0x389,0x2b,write8
23464068250,0x388,0x60,write8
23464166250,0x389,0xe6,write8
23464217875,0x388,0x80,write8
23464316000,0x389,0x97,write8
23464367625,0x388,0xe0,write8
23464465625,0x389,0x02,write8
23464517875,0x388,0x23,write8
23464615875,0x389,0x22,write8
23464667625,0x388,0x43,write8
23464765625,0x389,0x08,write8
23464817250,0x388,0x63,write8
23464915250,0x389,0xf6,write8
23464967000,0x388,0x83,write8
23465065125,0x389,0xf7,write8
23465116875,0x388,0xe3,write8
23465214875,0x389,0x00,write8
23465271875,0x388,0xa0,write8
23465369875,0x389,0x85,write8
23465421375,0x388,0xb0,write8
23465519375,0x389,0x2e,write8
23488822750,0x388,0xb5,write8
23488920750,0x389,0x07,write8
23554321125,0x388,0xb0,write8
23554419125,0x389,0x0e,write8
23628269000,0x388,0xb0,write8
23628366625,0x389,0x0e,write8
23628419125,0x388,0xc0,write8
23628516750,0x389,0x0a,write8
23628568625,0x388,0x20,write8
23628666250,0x389,0x28,write8
23628717750,0x388,0x40,write8
23628815375,0x389,0x2b,write8
23628866875,0x388,0x60,write8
23628965000,0x389,0xe6,write8
23629016750,0x388,0x80,write8
23629114875,0x389,0x97,write8
23629166500,0x388,0xe0,write8
23629264500,0x389,0x02,write8
23629316750,0x388,0x23,write8
23629414750,0x389,0x22,write8
23629466500,0x388,0x43,write8
23629564500,0x389,0x08,write8
23629616125,0x388,0x63,write8
23629714125,0x389,0xf6,write8
23629765875,0x388,0x83,write8
23629863875,0x389,0xf7,write8
23629915625,0x388,0xe3,write8
23630013750,0x389,0x00,write8
23630070750,0x388,0xa0,write8
23630168750,0x389,0x00,write8
23630220250,0x388,0xb0,write8
23630318250,0x389,0x2e,write8
23710670875,0x388,0xb0,write8
23710768875,0x389,0x0e,write8
23797296125,0x388,0xb0,write8
23797394125,0x389,0x0e,write8
23797446875,0x388,0xc0,write8
23797544875,0x389,0x0a,write8
23797596875,0x388,0x20,write8
23797695000,0x389,0x28,write8
23797746625,0x388,0x40,write8
23797844625,0x389,0x2b,write8
23797896375,0x388,0x60,write8
23797994375,0x389,0xe6,write8
23798046250,0x388,0x80,write8
23798144250,0x389,0x97,write8
23798195875,0x388,0xe0,write8
23798293875,0x389,0x02,write8
23798346125,0x388,0x23,write8
23798444125,0x389,0x22,write8
23798495875,0x388,0x43,write8
23798593750,0x389,0x08,write8
23798645250,0x388,0x63,write8
23798742875,0x389,0xf6,write8
23798794375,0x388,0x83,write8
23798892000,0x389,0xf7,write8
23798943625,0x388,0xe3,write8
23799041500,0x389,0x00,write8
23799097625,0x388,0xa0,write8
23799195250,0x389,0x5e,write8
23799246625,0x388,0xb0,write8
23799344250,0x389,0x2b,write8
23799402125,0x388,0xb1,write8
23799499750,0x389,0x0a,write8
23799552250,0x388,0xc1,write8
23799649875,0x389,0x0e,write8
23799701750,0x388,0x21,write8
23799799375,0x389,0xe6,write8
23799850875,0x388,0x41,write8
23799948500,0x389,0xe7,write8
23800000000,0x388,0x61,write8
23800097750,0x389,0x80,write8
23800149625,0x388,0x81,write8
23800247625,0x389,0x01,write8
23800299375,0x388,0xe1,write8
23800397375,0x389,0x00,write8
23800449500,0x388,0x24,write8
23800547500,0x389,0xe4,write8
23800599250,0x388,0x44,write8
23800697250,0x389,0x8d,write8
23800749000,0x388,0x64,write8
23800847000,0x389,0xf5,write8
23800898625,0x388,0x84,write8
23800996625,0x389,0x07,write8
23801048500,0x388,0xe4,write8
23801146500,0x389,0x00,write8
23801203500,0x388,0xa1,write8
23801301500,0x389,0x00,write8
23801353125,0x388,0xb1,write8
23801451125,0x389,0x2e,write8
23801509750,0x388,0xb2,write8
23801607750,0x389,0x0e,write8
23801660375,0x388,0xc2,write8
23801758375,0x389,0x0e,write8
23801810500,0x388,0x22,write8
23801908500,0x389,0xe6,write8
23801960250,0x388,0x42,write8
23802058375,0x389,0xe7,write8
23802110125,0x388,0x62,write8
23802208125,0x389,0x80,write8
23802259750,0x388,0x82,write8
23802357750,0x389,0x01,write8
23802409500,0x388,0xe2,write8
23802507500,0x389,0x00,write8
23802559750,0x388,0x25,write8
23802657750,0x389,0xe4,write8
23802709375,0x388,0x45,write8
23802807375,0x389,0x8d,write8
23802859125,0x388,0x65,write8
23802957125,0x389,0xf5,write8
23803009000,0x388,0x85,write8
23803107000,0x389,0x07,write8
23803158750,0x388,0xe5,write8
23803256750,0x389,0x00,write8
23803313000,0x388,0xa2,write8
23803411000,0x389,0x85,write8
23803462625,0x388,0xb2,write8
23803560625,0x389,0x2a,write8
23803619625,0x388,0xb3,write8
23803717750,0x389,0x0b,write8
23803770500,0x388,0xc3,write8
23803868500,0x389,0x0e,write8
23803920500,0x388,0x28,write8
23804018750,0x389,0xe6,write8
23804070375,0x388,0x48,write8
23804168375,0x389,0xe7,write8
23804220125,0x388,0x68,write8
23804318125,0x389,0x80,write8
23804369875,0x388,0x88,write8
23804467875,0x389,0x01,write8
23804519500,0x388,0xe8,write8
23804617500,0x389,0x00,write8
23804669750,0x388,0x2b,write8
23804767750,0x389,0xe4,write8
23804819500,0x388,0x4b,write8
23804917500,0x389,0x8d,write8
23804969125,0x388,0x6b,write8
23805067375,0x389,0xf5,write8
23805119000,0x388,0x8b,write8
23805217000,0x389,0x07,write8
23805268750,0x388,0xeb,write8
23805366750,0x389,0x00,write8
23805423125,0x388,0xa3,write8
23805521125,0x389,0x5e,write8
23805572625,0x388,0xb3,write8
23805670750,0x389,0x2b,write8
23805730125,0x388,0xb4,write8
23805828375,0x389,0x0a,write8
23805881000,0x388,0xc4,write8
23805979000,0x389,0x00,write8
23806031250,0x388,0x29,write8
23806129250,0x389,0x20,write8
23806181000,0x388,0x49,write8
23806279000,0x389,0x00,write8
23806330625,0x388,0x69,write8
23806428625,0x389,0xfa,write8
23806480375,0x388,0x89,write8
23806578375,0x389,0x6a,write8
23806630125,0x388,0xe9,write8
23806728125,0x389,0x00,write8
23806780250,0x388,0x2c,write8
23806878375,0x389,0x26,write8
23806930000,0x388,0x4c,write8
23807028125,0x389,0x07,write8
23807079875,0x388,0x6c,write8
23807177875,0x389,0xaa,write8
23807229625,0x388,0x8c,write8
23807327625,0x389,0xfa,write8
23807379250,0x388,0xec,write8
23807477250,0x389,0x00,write8
23807534250,0x388,0xa4,write8
23807632250,0x389,0x85,write8
23807683875,0x388,0xb4,write8
23807781875,0x389,0x2e,write8
23845891750,0x388,0xb4,write8
23845989750,0x389,0x0e,write8
23848049625,0x388,0xb3,write8
23848147625,0x389,0x0b,write8
23858567750,0x388,0xb2,write8
23858665750,0x389,0x0a,write8
23862792875,0x388,0xb1,write8
23862890875,0x389,0x0e,write8
23909274875,0x388,0xb0,write8
23909372875,0x389,0x0b,write8
23966325875,0x388,0xb0,write8
23966423875,0x389,0x0b,write8
23966476625,0x388,0xc0,write8
23966574625,0x389,0x0e,write8
23966626750,0x388,0x20,write8
23966724750,0x389,0xe6,write8
23966776375,0x388,0x40,write8
23966874375,0x389,0xe7,write8
23966926125,0x388,0x60,write8
23967024250,0x389,0x80,write8
23967076000,0x388,0x80,write8
23967174000,0x389,0x01,write8
23967225750,0x388,0xe0,write8
23967323750,0x389,0x00,write8
23967375875,0x388,0x23,write8
23967473875,0x389,0xe4,write8
23967525625,0x388,0x43,write8
23967623625,0x389,0x8d,write8
23967675375,0x388,0x63,write8
23967773375,0x389,0xf5,write8
23967825000,0x388,0x83,write8
23967923000,0x389,0x07,write8
23967974750,0x388,0xe3,write8
23968072875,0x389,0x00,write8
23968129875,0x388,0xa0,write8
23968227875,0x389,0x00,write8
23968279500,0x388,0xb0,write8
23968377500,0x389,0x2e,write8
23968435625,0x388,0xb1,write8
23968533625,0x389,0x0e,write8
23968586250,0x388,0xc1,write8
23968684250,0x389,0x0e,write8
23968736375,0x388,0x21,write8
23968834375,0x389,0xe6,write8
23968886125,0x388,0x41,write8
23968984125,0x389,0xe7,write8
23969035875,0x388,0x61,write8
23969134000,0x389,0x80,write8
23969185625,0x388,0x81,write8
23969283625,0x389,0x01,write8
23969335375,0x388,0xe1,write8
23969433375,0x389,0x00,write8
23969485625,0x388,0x24,write8
23969583625,0x389,0xe4,write8
23969635250,0x388,0x44,write8
23969733250,0x389,0x8d,write8
23969785000,0x388,0x64,write8
23969882625,0x389,0xf5,write8
23969934125,0x388,0x84,write8
23970031875,0x389,0x07,write8
23970083375,0x388,0xe4,write8
23970181125,0x389,0x00,write8
23970237375,0x388,0xa1,write8
23970335000,0x389,0x85,write8
23970386375,0x388,0xb1,write8
23970484000,0x389,0x2a,write8
23970542375,0x388,0xb2,write8
23970640000,0x389,0x0a,write8
23970692500,0x388,0xc2,write8
23970790125,0x389,0x0e,write8
23970842000,0x388,0x22,write8
23970939625,0x389,0xe6,write8
23970991125,0x388,0x42,write8
23971088875,0x389,0xe7,write8
23971140375,0x388,0x62,write8
23971238000,0x389,0x80,write8
23971289500,0x388,0x82,write8
23971387500,0x389,0x01,write8
23971439250,0x388,0xe2,write8
23971537250,0x389,0x00,write8
23971589500,0x388,0x25,write8
23971687500,0x389,0xe4,write8
23971739250,0x388,0x45,write8
23971837250,0x389,0x8d,write8
23971888875,0x388,0x65,write8
23971986875,0x389,0xf5,write8
23972038750,0x388,0x85,write8
23972136750,0x389,0x07,write8
23972188500,0x388,0xe5,write8
23972286500,0x389,0x00,write8
23972342875,0x388,0xa2,write8
23972440875,0x389,0x5e,write8
23972492375,0x388,0xb2,write8
23972590375,0x389,0x2b,write8
23972649500,0x388,0xb3,write8
23972747500,0x389,0x0b,write8
23972800250,0x388,0xc3,write8
23972898250,0x389,0x0a,write8
23972950375,0x388,0x28,write8
23973048500,0x389,0x28,write8
23973100125,0x388,0x48,write8
23973198125,0x389,0x2b,write8
23973249875,0x388,0x68,write8
23973347875,0x389,0xe6,write8
23973399625,0x388,0x88,write8
23973497625,0x389,0x97,write8
23973549375,0x388,0xe8,write8
23973647375,0x389,0x02,write8
23973699500,0x388,0x2b,write8
23973797500,0x389,0x22,write8
23973849250,0x388,0x4b,write8
23973947250,0x389,0x08,write8
23973999000,0x388,0x6b,write8
23974097125,0x389,0xf6,write8
23974148750,0x388,0x8b,write8
23974246750,0x389,0xf7,write8
23974298500,0x388,0xeb,write8
23974396500,0x389,0x00,write8
23974452875,0x388,0xa3,write8
23974550875,0x389,0x00,write8
23974602500,0x388,0xb3,write8
23974700500,0x389,0x2a,write8
24029711000,0x388,0xb3,write8
24029809000,0x389,0x0a,write8
24059289250,0x388,0xb0,write8
24059387250,0x389,0x0e,write8
24063515875,0x388,0xb2,write8
24063613875,0x389,0x0b,write8
24065625375,0x388,0xb1,write8
24065723375,0x389,0x0a,write8
24135352875,0x388,0xb0,write8
24135450875,0x389,0x0e,write8
24135503625,0x388,0xc0,write8
24135601625,0x389,0x0a,write8
24135653750,0x388,0x20,write8
24135751750,0x389,0x28,write8
24135803375,0x388,0x40,write8
24135901500,0x389,0x2b,write8
24135953125,0x388,0x60,write8
24136051250,0x389,0xe6,write8
24136103000,0x388,0x80,write8
24136201000,0x389,0x97,write8
24136252750,0x388,0xe0,write8
24136350750,0x389,0x02,write8
24136402875,0x388,0x23,write8
24136500875,0x389,0x22,write8
24136552625,0x388,0x43,write8
24136650625,0x389,0x08,write8
24136702375,0x388,0x63,write8
24136800375,0x389,0xf6,write8
24136852000,0x388,0x83,write8
24136950125,0x389,0xf7,write8
24137001875,0x388,0xe3,write8
24137099875,0x389,0x00,write8
24137155625,0x388,0xa0,write8
24137253625,0x389,0x00,write8
24137305250,0x388,0xb0,write8
24137403250,0x389,0x27,write8
24137461375,0x388,0xb1,write8
24137559375,0x389,0x0a,write8
24137612000,0x388,0xc1,write8
24137710000,0x389,0x00,write8
24137762125,0x388,0x21,write8
24137860125,0x389,0x20,write8
24137911875,0x388,0x41,write8
24138010000,0x389,0x00,write8
24138061750,0x388,0x61,write8
24138159750,0x389,0xfa,write8
24138211375,0x388,0x81,write8
24138309375,0x389,0x6a,write8
24138361125,0x388,0xe1,write8
24138459125,0x389,0x00,write8
24138511375,0x388,0x24,write8
24138609375,0x389,0x26,write8
24138661000,0x388,0x44,write8
24138759000,0x389,0x07,write8
24138810750,0x388,0x64,write8
24138908750,0x389,0xaa,write8
24138960500,0x388,0x84,write8
24139058625,0x389,0xfa,write8
24139110375,0x388,0xe4,write8
24139208375,0x389,0x00,write8
24139265250,0x388,0xa1,write8
24139363250,0x389,0x85,write8
24139414875,0x388,0xb1,write8
24139512875,0x389,0x2e,write8
24179721500,0x388,0xb1,write8
24179819500,0x389,0x0e,write8
24249441875,0x388,0xb0,write8
24249539875,0x389,0x07,write8
24306492875,0x388,0xb0,write8
24306590875,0x389,0x07,write8
24306643625,0x388,0xc0,write8
24306741625,0x389,0x0a,write8
24306793625,0x388,0x20,write8
24306891625,0x389,0x28,write8
24306943375,0x388,0x40,write8
24307041500,0x389,0x2b,write8
24307093250,0x388,0x60,write8
24307191250,0x389,0xe6,write8
24307242875,0x388,0x80,write8
24307341000,0x389,0x97,write8
24307392625,0x388,0xe0,write8
24307490625,0x389,0x02,write8
24307542875,0x388,0x23,write8
24307640875,0x389,0x22,write8
24307692625,0x388,0x43,write8
24307790625,0x389,0x08,write8
24307842250,0x388,0x63,write8
24307940250,0x389,0xf6,write8
24307992000,0x388,0x83,write8
24308090125,0x389,0xf7,write8
24308141875,0x388,0xe3,write8
24308239875,0x389,0x00,write8
24308296250,0x388,0xa0,write8
24308394250,0x389,0x00,write8
24308445750,0x388,0xb0,write8
24308543750,0x389,0x2b,write8
24308601875,0x388,0xb1,write8
24308699875,0x389,0x0e,write8
24308752625,0x388,0xc1,write8
24308850625,0x389,0x08,write8
24308902750,0x388,0x21,write8
24309000750,0x389,0x20,write8
24309052500,0x388,0x41,write8
24309150625,0x389,0x24,write8
24309202250,0x388,0x61,write8
24309300250,0x389,0x62,write8
24309352000,0x388,0x81,write8
24309450000,0x389,0x75,write8
24309501750,0x388,0xe1,write8
24309599750,0x389,0x01,write8
24309651875,0x388,0x24,write8
24309749875,0x389,0x22,write8
24309801625,0x388,0x44,write8
24309899625,0x389,0x02,write8
24309951375,0x388,0x64,write8
24310049500,0x389,0xa8,write8
24310101125,0x388,0x84,write8
24310199250,0x389,0xf5,write8
24310250875,0x388,0xe4,write8
24310348875,0x389,0x00,write8
24310405250,0x388,0xa1,write8
24310503250,0x389,0x85,write8
24310554875,0x388,0xb1,write8
24310652875,0x389,0x2a,write8
24329775375,0x388,0xb1,write8
24329873375,0x389,0x0a,write8
24397385625,0x388,0xb0,write8
24397483625,0x389,0x0b,write8
24475517125,0x388,0xb0,write8
24475615125,0x389,0x0b,write8
24475667875,0x388,0xc0,write8
24475765875,0x389,0x08,write8
24475817875,0x388,0x20,write8
24475915875,0x389,0x20,write8
24475967625,0x388,0x40,write8
24476065750,0x389,0x24,write8
24476117500,0x388,0x60,write8
24476215500,0x389,0x62,write8
24476267125,0x388,0x80,write8
24476365250,0x389,0x75,write8
24476416875,0x388,0xe0,write8
24476514875,0x389,0x01,write8
24476567125,0x388,0x23,write8
24476665125,0x389,0x22,write8
24476716875,0x388,0x43,write8
24476814875,0x389,0x02,write8
24476866500,0x388,0x63,write8
24476964500,0x389,0xa8,write8
24477016375,0x388,0x83,write8
24477114375,0x389,0xf5,write8
24477166125,0x388,0xe3,write8
24477264125,0x389,0x00,write8
24477320500,0x388,0xa0,write8
24477418500,0x389,0x85,write8
24477470000,0x388,0xb0,write8
24477568000,0x389,0x2a,write8
24477626125,0x388,0xb1,write8
24477724125,0x389,0x0a,write8
24477776875,0x388,0xc1,write8
24477874875,0x389,0x00,write8
24477927000,0x388,0x21,write8
24478025125,0x389,0x00,write8
24478076750,0x388,0x41,write8
24478174875,0x389,0x0c,write8
24478226500,0x388,0x61,write8
24478324500,0x389,0xc8,write8
24478376250,0x388,0x81,write8
24478474250,0x389,0x4c,write8
24478526000,0x388,0xe1,write8
24478624000,0x389,0x00,write8
24478676125,0x388,0x24,write8
24478774125,0x389,0x20,write8
24478825875,0x388,0x44,write8
24478923875,0x389,0x00,write8
24478975625,0x388,0x64,write8
24479073625,0x389,0xd6,write8
24479125250,0x388,0x84,write8
24479223375,0x389,0xff,write8
24479275000,0x388,0xe4,write8
24479373000,0x389,0x00,write8
24479428750,0x388,0xa1,write8
24479526750,0x389,0x90,write8
24479578375,0x388,0xb1,write8
24479676375,0x389,0x27,write8
24479735000,0x388,0xb2,write8
24479833000,0x389,0x0b,write8
24479885625,0x388,0xc2,write8
24479983625,0x389,0x00,write8
24480035875,0x388,0x22,write8
24480133875,0x389,0x20,write8
24480185625,0x388,0x42,write8
24480283625,0x389,0x00,write8
24480335250,0x388,0x62,write8
24480433375,0x389,0xfa,write8
24480485000,0x388,0x82,write8
24480583000,0x389,0x6a,write8
24480634750,0x388,0xe2,write8
24480732750,0x389,0x00,write8
24480785000,0x388,0x25,write8
24480883000,0x389,0x26,write8
24480934625,0x388,0x45,write8
24481032750,0x389,0x07,write8
24481084500,0x388,0x65,write8
24481182500,0x389,0xaa,write8
24481234250,0x388,0x85,write8
24481332250,0x389,0xfa,write8
24481383875,0x388,0xe5,write8
24481482000,0x389,0x00,write8
24481538875,0x388,0xa2,write8
24481636875,0x389,0x85,write8
24481688500,0x388,0xb2,write8
24481786500,0x389,0x2e,write8
24481845625,0x388,0xb3,write8
24481943625,0x389,0x0a,write8
24481996375,0x388,0xc3,write8
24482094500,0x389,0x0a,write8
24482146500,0x388,0x28,write8
24482244625,0x389,0x28,write8
24482296250,0x388,0x48,write8
24482394250,0x389,0x2b,write8
24482446000,0x388,0x68,write8
24482544000,0x389,0xe6,write8
24482595750,0x388,0x88,write8
24482693750,0x389,0x97,write8
24482745375,0x388,0xe8,write8
24482843375,0x389,0x02,write8
24482895625,0x388,0x2b,write8
24482993625,0x389,0x22,write8
24483045500,0x388,0x4b,write8
24483143500,0x389,0x08,write8
24483195125,0x388,0x6b,write8
24483293250,0x389,0xf6,write8
24483344875,0x388,0x8b,write8
24483442875,0x389,0xf7,write8
24483494375,0x388,0xeb,write8
24483592000,0x389,0x00,write8
24483648125,0x388,0xa3,write8
24483745750,0x389,0xc7,write8
24483797250,0x388,0xb3,write8
24483895000,0x389,0x2b,write8
24483954250,0x388,0xb4,write8
24484052125,0x389,0x0e,write8
24484104625,0x388,0xc4,write8
24484202250,0x389,0x0e,write8
24484254125,0x388,0x29,write8
24484351750,0x389,0xe6,write8
24484403250,0x388,0x49,write8
24484500875,0x389,0xe7,write8
24484552375,0x388,0x69,write8
24484650000,0x389,0x80,write8
24484701500,0x388,0x89,write8
24484799125,0x389,0x01,write8
24484850625,0x388,0xe9,write8
24484948250,0x389,0x00,write8
24485000500,0x388,0x2c,write8
24485098625,0x389,0xe4,write8
24485150375,0x388,0x4c,write8
24485248375,0x389,0x8d,write8
24485300125,0x388,0x6c,write8
24485398125,0x389,0xf5,write8
24485449750,0x388,0x8c,write8
24485547875,0x389,0x07,write8
24485599500,0x388,0xec,write8
24485697500,0x389,0x00,write8
24485753875,0x388,0xa4,write8
24485851875,0x389,0x3f,write8
24485903500,0x388,0xb4,write8
24486001625,0x389,0x2a,write8
24486061625,0x388,0xb5,write8
24486159750,0x389,0x07,write8
24486212375,0x388,0xc5,write8
24486310500,0x389,0x0e,write8
24486362500,0x388,0x2a,write8
24486460500,0x389,0xe6,write8
24486512250,0x388,0x4a,write8
24486610250,0x389,0xe7,write8
24486662000,0x388,0x6a,write8
24486760000,0x389,0x80,write8
24486811625,0x388,0x8a,write8
24486909625,0x389,0x01,write8
24486961375,0x388,0xea,write8
24487059500,0x389,0x00,write8
24487111750,0x388,0x2d,write8
24487209750,0x389,0xe4,write8
24487261375,0x388,0x4d,write8
24487359500,0x389,0x8d,write8
24487411125,0x388,0x6d,write8
24487509125,0x389,0xf5,write8
24487560875,0x388,0x8d,write8
24487658875,0x389,0x07,write8
24487710625,0x388,0xed,write8
24487808625,0x389,0x00,write8
24487864875,0x388,0xa5,write8
24487963000,0x389,0x00,write8
24488014625,0x388,0xb5,write8
24488112625,0x389,0x2b,write8
24488173125,0x388,0xb6,write8
24488271250,0x389,0x0a,write8
24488324000,0x388,0xc6,write8
24488422000,0x389,0x0e,write8
24488474125,0x388,0x30,write8
24488572125,0x389,0xe6,write8
24488623750,0x388,0x50,write8
24488721750,0x389,0xe7,write8
24488773500,0x388,0x70,write8
24488871500,0x389,0x80,write8
24488923250,0x388,0x90,write8
24489021375,0x389,0x01,write8
24489073000,0x388,0xf0,write8
24489171125,0x389,0x00,write8
24489223250,0x388,0x33,write8
24489321250,0x389,0xe4,write8
24489373000,0x388,0x53,write8
24489471000,0x389,0x8d,write8
24489522750,0x388,0x73,write8
24489620750,0x389,0xf5,write8
24489672375,0x388,0x93,write8
24489770375,0x389,0x07,write8
24489822125,0x388,0xf3,write8
24489920125,0x389,0x00,write8
24489976500,0x388,0xa6,write8
24490074625,0x389,0xc7,write8
24490126250,0x388,0xb6,write8
24490224250,0x389,0x2b,write8
24502987375,0x388,0xb7,write8
24503085500,0x389,0x0e,write8
24503138250,0x388,0xc7,write8
24503236250,0x389,0x0a,write8
24503288375,0x388,0x31,write8
24503386375,0x389,0x22,write8
24503438125,0x388,0x51,write8
24503536125,0x389,0x19,write8
24503587750,0x388,0x71,write8
24503685750,0x389,0xc6,write8
24503737500,0x388,0x91,write8
24503835500,0x389,0x77,write8
24503887250,0x388,0xf1,write8
24503985250,0x389,0x00,write8
24504037500,0x388,0x34,write8
24504135500,0x389,0x22,write8
24504187250,0x388,0x54,write8
24504285250,0x389,0x40,write8
24504337000,0x388,0x74,write8
24504435000,0x389,0xf4,write8
24504486750,0x388,0x94,write8
24504584750,0x389,0xf7,write8
24504636375,0x388,0xf4,write8
24504734375,0x389,0x00,write8
24504789500,0x388,0xa7,write8
24504887500,0x389,0x00,write8
24504939125,0x388,0xb7,write8
24505037250,0x389,0x23,write8
24511434625,0x388,0xb2,write8
24511532625,0x389,0x0e,write8
24526226875,0x388,0xb1,write8
24526324500,0x389,0x07,write8
24545241000,0x388,0xb4,write8
24545339000,0x389,0x0a,write8
24551581875,0x388,0xb3,write8
24551679875,0x389,0x0b,write8
24551738125,0x388,0xb5,write8
24551836250,0x389,0x0b,write8
24553693625,0x388,0xb6,write8
24553791625,0x389,0x0b,write8
24553847500,0x388,0xb0,write8
24553945500,0x389,0x0a,write8
24568486625,0x388,0xb7,write8
24568584625,0x389,0x03,write8
24646656875,0x388,0xb0,write8
24646755000,0x389,0x0a,write8
24646807625,0x388,0xc0,write8
24646905625,0x389,0x0a,write8
24646957750,0x388,0x20,write8
24647055875,0x389,0x28,write8
24647107625,0x388,0x40,write8
24647205625,0x389,0x2b,write8
24647257250,0x388,0x60,write8
24647355250,0x389,0xe6,write8
24647407000,0x388,0x80,write8
24647505000,0x389,0x97,write8
24647556750,0x388,0xe0,write8
24647654750,0x389,0x02,write8
24647706875,0x388,0x23,write8
24647805000,0x389,0x22,write8
24647856625,0x388,0x43,write8
24647954625,0x389,0x08,write8
24648006500,0x388,0x63,write8
24648104500,0x389,0xf6,write8
24648156250,0x388,0x83,write8
24648254250,0x389,0xf7,write8
24648305875,0x388,0xe3,write8
24648403875,0x389,0x00,write8
24648460250,0x388,0xa0,write8
24648558250,0x389,0x00,write8
24648609875,0x388,0xb0,write8
24648707875,0x389,0x2b,write8
24648766000,0x388,0xb1,write8
24648864000,0x389,0x07,write8
24648916750,0x388,0xc1,write8
24649014875,0x389,0x0a,write8
24649066875,0x388,0x21,write8
24649164875,0x389,0x28,write8
24649216625,0x388,0x41,write8
24649314625,0x389,0x2b,write8
24649366375,0x388,0x61,write8
24649464375,0x389,0xe6,write8
24649516000,0x388,0x81,write8
24649614125,0x389,0x97,write8
24649665750,0x388,0xe1,write8
24649763750,0x389,0x02,write8
24649816000,0x388,0x24,write8
24649914000,0x389,0x22,write8
24649965750,0x388,0x44,write8
24650063875,0x389,0x08,write8
24650115500,0x388,0x64,write8
24650213500,0x389,0xf6,write8
24650265250,0x388,0x84,write8
24650363250,0x389,0xf7,write8
24650415000,0x388,0xe4,write8
24650513000,0x389,0x00,write8
24650569375,0x388,0xa1,write8
24650667375,0x389,0x3f,write8
24650718875,0x388,0xb1,write8
24650816875,0x389,0x2a,write8
24650875500,0x388,0xb2,write8
24650973500,0x389,0x0e,write8
24651026375,0x388,0xc2,write8
24651124375,0x389,0x0e,write8
24651176500,0x388,0x22,write8
24651274500,0x389,0xe6,write8
24651326125,0x388,0x42,write8
24651424125,0x389,0xe7,write8
24651475875,0x388,0x62,write8
24651573875,0x389,0x80,write8
24651625625,0x388,0x82,write8
24651723625,0x389,0x01,write8
24651775375,0x388,0xe2,write8
24651873375,0x389,0x00,write8
24651925500,0x388,0x25,write8
24652023625,0x389,0xe4,write8
24652075375,0x388,0x45,write8
24652173375,0x389,0x8d,write8
24652225125,0x388,0x65,write8
24652323125,0x389,0xf5,write8
24652374750,0x388,0x85,write8
24652472750,0x389,0x07,write8
24652524500,0x388,0xe5,write8
24652622500,0x389,0x00,write8
24652678875,0x388,0xa2,write8
24652776875,0x389,0x00,write8
24652828500,0x388,0xb2,write8
24652926500,0x389,0x2b,write8
24652985625,0x388,0xb3,write8
24653083750,0x389,0x0b,write8
24653136375,0x388,0xc3,write8
24653234375,0x389,0x0e,write8
24653286500,0x388,0x28,write8
24653384500,0x389,0xe6,write8
24653436250,0x388,0x48,write8
24653534250,0x389,0xe7,write8
24653585875,0x388,0x68,write8
24653684000,0x389,0x80,write8
24653735625,0x388,0x88,write8
24653833625,0x389,0x01,write8
24653885375,0x388,0xe8,write8
24653983375,0x389,0x00,write8
24654035750,0x388,0x2b,write8
24654133750,0x389,0xe4,write8
24654185375,0x388,0x4b,write8
24654283375,0x389,0x8d,write8
24654335125,0x388,0x6b,write8
24654433125,0x389,0xf5,write8
24654484875,0x388,0x8b,write8
24654582875,0x389,0x07,write8
24654634625,0x388,0xeb,write8
24654732250,0x389,0x00,write8
24654788375,0x388,0xa3,write8
24654886000,0x389,0xc7,write8
24654937375,0x388,0xb3,write8
24655035250,0x389,0x2b,write8
24655094625,0x388,0xb4,write8
24655192375,0x389,0x0a,write8
24655244875,0x388,0xc4,write8
24655342500,0x389,0x0e,write8
24655394375,0x388,0x29,write8
24655492000,0x389,0xe6,write8
24655543500,0x388,0x49,write8
24655641125,0x389,0xe7,write8
24655692625,0x388,0x69,write8
24655790250,0x389,0x80,write8
24655841750,0x388,0x89,write8
24655939375,0x389,0x01,write8
24655990875,0x388,0xe9,write8
24656088625,0x389,0x00,write8
24656140625,0x388,0x2c,write8
24656238625,0x389,0xe4,write8
24656290375,0x388,0x4c,write8
24656388375,0x389,0x8d,write8
24656440000,0x388,0x6c,write8
24656538000,0x389,0xf5,write8
24656589750,0x388,0x8c,write8
24656687750,0x389,0x07,write8
24656739500,0x388,0xec,write8
24656837500,0x389,0x00,write8
24656893875,0x388,0xa4,write8
24656991875,0x389,0x3f,write8
24657043500,0x388,0xb4,write8
24657141500,0x389,0x2a,write8
24657201500,0x388,0xb5,write8
24657299625,0x389,0x0b,write8
24657352375,0x388,0xc5,write8
24657450375,0x389,0x00,write8
24657502500,0x388,0x2a,write8
24657600500,0x389,0x20,write8
24657652125,0x388,0x4a,write8
24657750250,0x389,0x00,write8
24657801875,0x388,0x6a,write8
24657899875,0x389,0xfa,write8
24657951625,0x388,0x8a,write8
24658049750,0x389,0x6a,write8
24658101500,0x388,0xea,write8
24658199500,0x389,0x00,write8
24658251625,0x388,0x2d,write8
24658349625,0x389,0x26,write8
24658401375,0x388,0x4d,write8
24658499375,0x389,0x07,write8
24658551125,0x388,0x6d,write8
24658649125,0x389,0xaa,write8
24658700750,0x388,0x8d,write8
24658798875,0x389,0xfa,write8
24658850500,0x388,0xed,write8
24658948500,0x389,0x00,write8
24659005625,0x388,0xa5,write8
24659103625,0x389,0x85,write8
24659155250,0x388,0xb5,write8
24659253250,0x389,0x2e,write8
24659313750,0x388,0xb6,write8
24659411875,0x389,0x0b,write8
24659464500,0x388,0xc6,write8
24659562625,0x389,0x00,write8
24659614625,0x388,0x30,write8
24659712625,0x389,0x00,write8
24659764375,0x388,0x50,write8
24659862375,0x389,0x0c,write8
24659914125,0x388,0x70,write8
24660012250,0x389,0xc8,write8
24660063875,0x388,0x90,write8
24660161875,0x389,0x4c,write8
24660213625,0x388,0xf0,write8
24660311625,0x389,0x00,write8
24660363875,0x388,0x33,write8
24660461875,0x389,0x20,write8
24660513625,0x388,0x53,write8
24660611625,0x389,0x00,write8
24660663250,0x388,0x73,write8
24660761250,0x389,0xd6,write8
24660813000,0x388,0x93,write8
24660911000,0x389,0xff,write8
24660962750,0x388,0xf3,write8
24661060875,0x389,0x00,write8
24661116500,0x388,0xa6,write8
24661214625,0x389,0x90,write8
24661266125,0x388,0xb6,write8
24661364125,0x389,0x27,write8
24661425125,0x388,0xb7,write8
24661523250,0x389,0x03,write8
24661576000,0x388,0xc7,write8
24661674000,0x389,0x08,write8
24661726125,0x388,0x31,write8
24661824125,0x389,0x20,write8
24661875750,0x388,0x51,write8
24661973750,0x389,0x24,write8
24662025625,0x388,0x71,write8
24662123625,0x389,0x62,write8
24662175375,0x388,0x91,write8
24662273375,0x389,0x75,write8
24662325125,0x388,0xf1,write8
24662423125,0x389,0x01,write8
24662475250,0x388,0x34,write8
24662573250,0x389,0x22,write8
24662625000,0x388,0x54,write8
24662723000,0x389,0x02,write8
24662774750,0x388,0x74,write8
24662872750,0x389,0xa8,write8
24662924375,0x388,0x94,write8
24663022500,0x389,0xf5,write8
24663074250,0x388,0xf4,write8
24663172250,0x389,0x00,write8
24663228625,0x388,0xa7,write8
24663326625,0x389,0x85,write8
24663378250,0x388,0xb7,write8
24663476250,0x389,0x2a,write8
24663550000,0x388,0xb8,write8
24663648000,0x389,0x03,write8
24663700750,0x388,0xc8,write8
24663798750,0x389,0x0a,write8
24663850875,0x388,0x32,write8
24663948875,0x389,0x22,write8
24664000500,0x388,0x52,write8
24664098625,0x389,0x19,write8
24664150375,0x388,0x72,write8
24664248375,0x389,0xc6,write8
24664300125,0x388,0x92,write8
24664398125,0x389,0x77,write8
24664449750,0x388,0xf2,write8
24664547750,0x389,0x00,write8
24664600000,0x388,0x35,write8
24664698000,0x389,0x22,write8
24664749750,0x388,0x55,write8
24664847750,0x389,0x40,write8
24664899500,0x388,0x75,write8
24664997500,0x389,0xf4,write8
24665049250,0x388,0x95,write8
24665147250,0x389,0xf7,write8
24665199000,0x388,0xf5,write8
24665297000,0x389,0x00,write8
24665352125,0x388,0xa8,write8
24665450125,0x389,0x00,write8
24665501625,0x388,0xb8,write8
24665599750,0x389,0x23,write8
24701591500,0x388,0xb5,write8
24701689500,0x389,0x0e,write8
24701748375,0x388,0xb6,write8
24701846375,0x389,0x07,write8
24737510000,0x388,0xb0,write8
24737608125,0x389,0x0b,write8
24743849250,0x388,0xb7,write8
24743947250,0x389,0x0a,write8
24745963125,0x388,0xb0,write8
24746061250,0x389,0x0b,write8
24746113875,0x388,0xc0,write8
24746211875,0x389,0x0e,write8
24746264000,0x388,0x20,write8
24746362000,0x389,0xe6,write8
24746413750,0x388,0x40,write8
24746511750,0x389,0xe7,write8
24746563375,0x388,0x60,write8
24746661375,0x389,0x80,write8
24746713125,0x388,0x80,write8
24746811125,0x389,0x01,write8
24746862875,0x388,0xe0,write8
24746960875,0x389,0x00,write8
24747013250,0x388,0x23,write8
24747111250,0x389,0xe4,write8
24747162875,0x388,0x43,write8
24747260875,0x389,0x8d,write8
24747312625,0x388,0x63,write8
24747410625,0x389,0xf5,write8
24747462375,0x388,0x83,write8
24747560375,0x389,0x07,write8
24747612000,0x388,0xe3,write8
24747710000,0x389,0x00,write8
24747767000,0x388,0xa0,write8
24747865000,0x389,0x5e,write8
24747916625,0x388,0xb0,write8
24748014750,0x389,0x2f,write8
24756523375,0x388,0xb1,write8
24756621375,0x389,0x0a,write8
24788219125,0x388,0xb2,write8
24788317125,0x389,0x0b,write8
24794556375,0x388,0xb4,write8
24794654375,0x389,0x0a,write8
24796671000,0x388,0xb3,write8
24796769000,0x389,0x0b,write8
24798783500,0x388,0xb8,write8
24798881375,0x389,0x03,write8
24798939375,0x388,0xb1,write8
24799037500,0x389,0x0a,write8
24799090125,0x388,0xc1,write8
24799188125,0x389,0x0e,write8
24799240250,0x388,0x21,write8
24799338250,0x389,0xe6,write8
24799390000,0x388,0x41,write8
24799488000,0x389,0xe7,write8
24799539625,0x388,0x61,write8
24799637750,0x389,0x80,write8
24799689375,0x388,0x81,write8
24799787375,0x389,0x01,write8
24799839125,0x388,0xe1,write8
24799937125,0x389,0x00,write8
24799989375,0x388,0x24,write8
24800087500,0x389,0xe4,write8
24800139125,0x388,0x44,write8
24800237125,0x389,0x8d,write8
24800288875,0x388,0x64,write8
24800386875,0x389,0xf5,write8
24800438625,0x388,0x84,write8
24800536625,0x389,0x07,write8
24800588250,0x388,0xe4,write8
24800686375,0x389,0x00,write8
24800743875,0x388,0xa1,write8
24800841875,0x389,0x00,write8
24800893625,0x388,0xb1,write8
24800991625,0x389,0x32,write8
24811456750,0x388,0xb0,write8
24811554750,0x389,0x0f,write8
24824135250,0x388,0xb0,write8
24824233375,0x389,0x0f,write8
24824286000,0x388,0xc0,write8
24824384000,0x389,0x0a,write8
24824436125,0x388,0x20,write8
24824534125,0x389,0x28,write8
24824585875,0x388,0x40,write8
24824683875,0x389,0x2b,write8
24824735500,0x388,0x60,write8
24824833500,0x389,0xe6,write8
24824885250,0x388,0x80,write8
24824983250,0x389,0x97,write8
24825035125,0x388,0xe0,write8
24825133125,0x389,0x02,write8
24825185375,0x388,0x23,write8
24825283375,0x389,0x22,write8
24825335000,0x388,0x43,write8
24825433000,0x389,0x08,write8
24825484750,0x388,0x63,write8
24825582750,0x389,0xf6,write8
24825634500,0x388,0x83,write8
24825732500,0x389,0xf7,write8
24825784125,0x388,0xe3,write8
24825882125,0x389,0x00,write8
24825937625,0x388,0xa0,write8
24826035375,0x389,0x5e,write8
24826086750,0x388,0xb0,write8
24826184375,0x389,0x27,write8
24826242875,0x388,0xb2,write8
24826340625,0x389,0x0b,write8
24826393125,0x388,0xc2,write8
24826490750,0x389,0x08,write8
24826542625,0x388,0x22,write8
24826640250,0x389,0x20,write8
24826691750,0x388,0x42,write8
24826789375,0x389,0x24,write8
24826840875,0x388,0x62,write8
24826938500,0x389,0x62,write8
24826990000,0x388,0x82,write8
24827087750,0x389,0x75,write8
24827139250,0x388,0xe2,write8
24827236875,0x389,0x01,write8
24827288875,0x388,0x25,write8
24827386500,0x389,0x22,write8
24827438250,0x388,0x45,write8
24827536375,0x389,0x02,write8
24827588000,0x388,0x65,write8
24827686000,0x389,0xa8,write8
24827737750,0x388,0x85,write8
24827835750,0x389,0xf5,write8
24827887500,0x388,0xe5,write8
24827985500,0x389,0x00,write8
24828041875,0x388,0xa2,write8
24828140000,0x389,0x5e,write8
24828191500,0x388,0xb2,write8
24828289500,0x389,0x2b,write8
24828348625,0x388,0xb3,write8
24828446625,0x389,0x0b,write8
24828499375,0x388,0xc3,write8
24828597375,0x389,0x00,write8
24828649500,0x388,0x28,write8
24828747500,0x389,0x00,write8
24828799125,0x388,0x48,write8
24828897125,0x389,0x0c,write8
24828948875,0x388,0x68,write8
24829047000,0x389,0xc8,write8
24829098750,0x388,0x88,write8
24829196750,0x389,0x4c,write8
24829248375,0x388,0xe8,write8
24829346375,0x389,0x00,write8
24829398625,0x388,0x2b,write8
24829496625,0x389,0x20,write8
24829548375,0x388,0x4b,write8
24829646375,0x389,0x00,write8
24829698125,0x388,0x6b,write8
24829796125,0x389,0xd6,write8
24829847750,0x388,0x8b,write8
24829945750,0x389,0xff,write8
24829997500,0x388,0xeb,write8
24830095625,0x389,0x00,write8
24830151375,0x388,0xa3,write8
24830249375,0x389,0x90,write8
24830301000,0x388,0xb3,write8
24830399000,0x389,0x27,write8
24830520125,0x388,0xb4,write8
24830618250,0x389,0x0a,write8
24830670875,0x388,0xc4,write8
24830768875,0x389,0x0a,write8
24830821000,0x388,0x29,write8
24830919000,0x389,0x22,write8
24830970750,0x388,0x49,write8
24831068875,0x389,0x19,write8
24831120500,0x388,0x69,write8
24831218500,0x389,0xc6,write8
24831270250,0x388,0x89,write8
24831368250,0x389,0x77,write8
24831420000,0x388,0xe9,write8
24831518000,0x389,0x00,write8
24831570125,0x388,0x2c,write8
24831668250,0x389,0x22,write8
24831719875,0x388,0x4c,write8
24831817875,0x389,0x40,write8
24831869625,0x388,0x6c,write8
24831967625,0x389,0xf4,write8
24832019500,0x388,0x8c,write8
24832117500,0x389,0xf7,write8
24832169125,0x388,0xec,write8
24832267125,0x389,0x00,write8
24832322250,0x388,0xa4,write8
24832420250,0x389,0x5e,write8
24832471875,0x388,0xb4,write8
24832569875,0x389,0x23,write8
24832642250,0x388,0xb5,write8
24832740250,0x389,0x0e,write8
24832793000,0x388,0xc5,write8
24832891000,0x389,0x0e,write8
24832943125,0x388,0x2a,write8
24833041250,0x389,0xe6,write8
24833092875,0x388,0x4a,write8
24833190875,0x389,0xe7,write8
24833242625,0x388,0x6a,write8
24833340625,0x389,0x80,write8
24833392375,0x388,0x8a,write8
24833490375,0x389,0x01,write8
24833542125,0x388,0xea,write8
24833640125,0x389,0x00,write8
24833692250,0x388,0x2d,write8
24833790250,0x389,0xe4,write8
24833842000,0x388,0x4d,write8
24833940000,0x389,0x8d,write8
24833991750,0x388,0x6d,write8
24834089875,0x389,0xf5,write8
24834141500,0x388,0x8d,write8
24834239500,0x389,0x07,write8
24834291250,0x388,0xed,write8
24834389250,0x389,0x00,write8
24834446875,0x388,0xa5,write8
24834544875,0x389,0x85,write8
24834596500,0x388,0xb5,write8
24834694625,0x389,0x32,write8
24834760375,0x388,0xb1,write8
24834858375,0x389,0x12,write8
24841040000,0x388,0xb2,write8
24841137625,0x389,0x0b,write8
24866394625,0x388,0xb3,write8
24866492625,0x389,0x07,write8
24870621250,0x388,0xb5,write8
24870719250,0x389,0x12,write8
24934004000,0x388,0xb0,write8
24934102000,0x389,0x07,write8
24988939500,0x388,0xb0,write8
24989037625,0x389,0x07,write8
24989090250,0x388,0xc0,write8
24989188375,0x389,0x0a,write8
24989240375,0x388,0x20,write8
24989338375,0x389,0x28,write8
24989390125,0x388,0x40,write8
24989488125,0x389,0x2b,write8
24989539875,0x388,0x60,write8
24989637875,0x389,0xe6,write8
24989689500,0x388,0x80,write8
24989787500,0x389,0x97,write8
24989839250,0x388,0xe0,write8
24989937250,0x389,0x02,write8
24989989500,0x388,0x23,write8
24990087625,0x389,0x22,write8
24990139250,0x388,0x43,write8
24990237375,0x389,0x08,write8
24990289000,0x388,0x63,write8
24990387000,0x389,0xf6,write8
24990438750,0x388,0x83,write8
24990536750,0x389,0xf7,write8
24990588500,0x388,0xe3,write8
24990686500,0x389,0x00,write8
24990742750,0x388,0xa0,write8
24990840875,0x389,0x5e,write8
24990892375,0x388,0xb0,write8
24990990375,0x389,0x2b,write8
24991048625,0x388,0xb1,write8
24991146625,0x389,0x12,write8
24991199375,0x388,0xc1,write8
24991297375,0x389,0x08,write8
24991349500,0x388,0x21,write8
24991447500,0x389,0x20,write8
24991499125,0x388,0x41,write8
24991597125,0x389,0x24,write8
24991648875,0x388,0x61,write8
24991746875,0x389,0x62,write8
24991798625,0x388,0x81,write8
24991896625,0x389,0x75,write8
24991948250,0x388,0xe1,write8
24992046375,0x389,0x01,write8
24992098625,0x388,0x24,write8
24992196625,0x389,0x22,write8
24992248375,0x388,0x44,write8
24992346375,0x389,0x02,write8
24992398125,0x388,0x64,write8
24992496125,0x389,0xa8,write8
24992547750,0x388,0x84,write8
24992645750,0x389,0xf5,write8
24992697500,0x388,0xe4,write8
24992795500,0x389,0x00,write8
24992851875,0x388,0xa1,write8
24992949875,0x389,0x5e,write8
24993001500,0x388,0xb1,write8
24993099500,0x389,0x2b,write8
24997388250,0x388,0xb4,write8
24997486000,0x389,0x03,write8
25039643750,0x388,0xb1,write8
25039741750,0x389,0x0b,write8
25090351125,0x388,0xb0,write8
25090449125,0x389,0x0b,write8
25155853500,0x388,0xb0,write8
25155951500,0x389,0x0b,write8
25156004375,0x388,0xc0,write8
25156102375,0x389,0x0a,write8
25156154500,0x388,0x20,write8
25156252500,0x389,0x28,write8
25156304125,0x388,0x40,write8
25156402250,0x389,0x2b,write8
25156453875,0x388,0x60,write8
25156551875,0x389,0xe6,write8
25156603625,0x388,0x80,write8
25156701625,0x389,0x97,write8
25156753375,0x388,0xe0,write8
25156851375,0x389,0x02,write8
25156903500,0x388,0x23,write8
25157001625,0x389,0x22,write8
25157053375,0x388,0x43,write8
25157151375,0x389,0x08,write8
25157203125,0x388,0x63,write8
25157301125,0x389,0xf6,write8
25157352750,0x388,0x83,write8
25157450875,0x389,0xf7,write8
25157502500,0x388,0xe3,write8
25157600500,0x389,0x00,write8
25157657500,0x388,0xa0,write8
25157755500,0x389,0x00,write8
25157807125,0x388,0xb0,write8
25157905125,0x389,0x2e,write8
25157963250,0x388,0xb1,write8
25158061375,0x389,0x0b,write8
25158114000,0x388,0xc1,write8
25158212125,0x389,0x0e,write8
25158264125,0x388,0x21,write8
25158362125,0x389,0xe6,write8
25158413875,0x388,0x41,write8
25158511875,0x389,0xe7,write8
25158563625,0x388,0x61,write8
25158661625,0x389,0x80,write8
25158713250,0x388,0x81,write8
25158811250,0x389,0x01,write8
25158863000,0x388,0xe1,write8
25158961000,0x389,0x00,write8
25159013375,0x388,0x24,write8
25159111375,0x389,0xe4,write8
25159163000,0x388,0x44,write8
25159261125,0x389,0x8d,write8
25159312750,0x388,0x64,write8
25159410750,0x389,0xf5,write8
25159462500,0x388,0x84,write8
25159560500,0x389,0x07,write8
25159612250,0x388,0xe4,write8
25159710250,0x389,0x00,write8
25159767125,0x388,0xa1,write8
25159865250,0x389,0x00,write8
25159916750,0x388,0xb1,write8
25160014875,0x389,0x2e,write8
25160073500,0x388,0xb2,write8
25160171500,0x389,0x0b,write8
25160224250,0x388,0xc2,write8
25160322250,0x389,0x0e,write8
25160374375,0x388,0x22,write8
25160472375,0x389,0xe6,write8
25160524000,0x388,0x42,write8
25160622000,0x389,0xe7,write8
25160673750,0x388,0x62,write8
25160771750,0x389,0x80,write8
25160823500,0x388,0x82,write8
25160921500,0x389,0x01,write8
25160973125,0x388,0xe2,write8
25161071250,0x389,0x00,write8
25161123500,0x388,0x25,write8
25161221500,0x389,0xe4,write8
25161273250,0x388,0x45,write8
25161371250,0x389,0x8d,write8
25161423000,0x388,0x65,write8
25161521000,0x389,0xf5,write8
25161572625,0x388,0x85,write8
25161670625,0x389,0x07,write8
25161722375,0x388,0xe5,write8
25161820375,0x389,0x00,write8
25161876750,0x388,0xa2,write8
25161974750,0x389,0x5e,write8
25162026500,0x388,0xb2,write8
25162124500,0x389,0x2b,write8
25162183500,0x388,0xb3,write8
25162281625,0x389,0x07,write8
25162334250,0x388,0xc3,write8
25162432250,0x389,0x0e,write8
25162484375,0x388,0x28,write8
25162582375,0x389,0xe6,write8
25162634125,0x388,0x48,write8
25162732125,0x389,0xe7,write8
25162783750,0x388,0x68,write8
25162881750,0x389,0x80,write8
25162933500,0x388,0x88,write8
25163031625,0x389,0x01,write8
25163083375,0x388,0xe8,write8
25163181375,0x389,0x00,write8
25163233625,0x388,0x2b,write8
25163331625,0x389,0xe4,write8
25163383250,0x388,0x4b,write8
25163481250,0x389,0x8d,write8
25163533000,0x388,0x6b,write8
25163631000,0x389,0xf5,write8
25163682750,0x388,0x8b,write8
25163780750,0x389,0x07,write8
25163832375,0x388,0xeb,write8
25163930375,0x389,0x00,write8
25163986750,0x388,0xa3,write8
25164084875,0x389,0x85,write8
25164136500,0x388,0xb3,write8
25164234500,0x389,0x2a,write8
25164294125,0x388,0xb4,write8
25164392125,0x389,0x03,write8
25164444875,0x388,0xc4,write8
25164542875,0x389,0x08,write8
25164594875,0x388,0x29,write8
25164692875,0x389,0x20,write8
25164744625,0x388,0x49,write8
25164842625,0x389,0x24,write8
25164894375,0x388,0x69,write8
25164992375,0x389,0x62,write8
25165044250,0x388,0x89,write8
25165142250,0x389,0x75,write8
25165193875,0x388,0xe9,write8
25165291875,0x389,0x01,write8
25165344125,0x388,0x2c,write8
25165442125,0x389,0x22,write8
25165493875,0x388,0x4c,write8
25165591875,0x389,0x02,write8
25165643500,0x388,0x6c,write8
25165741500,0x389,0xa8,write8
25165793250,0x388,0x8c,write8
25165891250,0x389,0xf5,write8
25165943000,0x388,0xec,write8
25166041125,0x389,0x00,write8
25166097500,0x388,0xa4,write8
25166195500,0x389,0x5e,write8
25166247000,0x388,0xb4,write8
25166345000,0x389,0x2b,write8
25166405125,0x388,0xb5,write8
25166503125,0x389,0x12,write8
25166555875,0x388,0xc5,write8
25166653875,0x389,0x00,write8
25166706000,0x388,0x2a,write8
25166804000,0x389,0x00,write8
25166855750,0x388,0x4a,write8
25166953750,0x389,0x0c,write8
25167005500,0x388,0x6a,write8
25167103500,0x389,0xc8,write8
25167155250,0x388,0x8a,write8
25167253250,0x389,0x4c,write8
25167305000,0x388,0xea,write8
25167403000,0x389,0x00,write8
25167455125,0x388,0x2d,write8
25167553125,0x389,0x20,write8
25167604875,0x388,0x4d,write8
25167702875,0x389,0x00,write8
25167754625,0x388,0x6d,write8
25167852625,0x389,0xd6,write8
25167904375,0x388,0x8d,write8
25168002500,0x389,0xff,write8
25168054125,0x388,0xed,write8
25168152125,0x389,0x00,write8
25168207875,0x388,0xa5,write8
25168305875,0x389,0x90,write8
25168357250,0x388,0xb5,write8
25168454875,0x389,0x27,write8
25168515250,0x388,0xb6,write8
25168612875,0x389,0x07,write8
25168665500,0x388,0xc6,write8
25168763250,0x389,0x00,write8
25168815125,0x388,0x30,write8
25168912750,0x389,0x20,write8
25168964250,0x388,0x50,write8
25169062000,0x389,0x00,write8
25169113500,0x388,0x70,write8
25169211125,0x389,0xfa,write8
25169262625,0x388,0x90,write8
25169360250,0x389,0x6a,write8
25169411750,0x388,0xf0,write8
25169509375,0x389,0x00,write8
25169561375,0x388,0x33,write8
25169659000,0x389,0x26,write8
25169710500,0x388,0x53,write8
25169808125,0x389,0x07,write8
25169859875,0x388,0x73,write8
25169957875,0x389,0xaa,write8
25170009750,0x388,0x93,write8
25170107750,0x389,0xfa,write8
25170159375,0x388,0xf3,write8
25170257500,0x389,0x00,write8
25170314375,0x388,0xa6,write8
25170412375,0x389,0x85,write8
25170464000,0x388,0xb6,write8
25170562000,0x389,0x2e,write8
25170647000,0x388,0xb7,write8
25170745000,0x389,0x0a,write8
25170797750,0x388,0xc7,write8
25170895750,0x389,0x0a,write8
25170947750,0x388,0x31,write8
25171045875,0x389,0x22,write8
25171097625,0x388,0x51,write8
25171195625,0x389,0x19,write8
25171247375,0x388,0x71,write8
25171345375,0x389,0xc6,write8
25171397000,0x388,0x91,write8
25171495125,0x389,0x77,write8
25171546750,0x388,0xf1,write8
25171644750,0x389,0x00,write8
25171697000,0x388,0x34,write8
25171795000,0x389,0x22,write8
25171846750,0x388,0x54,write8
25171944750,0x389,0x40,write8
25171996375,0x388,0x74,write8
25172094500,0x389,0xf4,write8
25172146250,0x388,0x94,write8
25172244250,0x389,0xf7,write8
25172296000,0x388,0xf4,write8
25172394000,0x389,0x00,write8
25172449125,0x388,0xa7,write8
25172547125,0x389,0x5e,write8
25172598625,0x388,0xb7,write8
25172696625,0x389,0x23,write8
25189657500,0x388,0xb6,write8
25189755500,0x389,0x0e,write8
25206559750,0x388,0xb5,write8
25206657750,0x389,0x07,write8
25221350875,0x388,0xb2,write8
25221449000,0x389,0x0b,write8
25223461500,0x388,0xb3,write8
25223559500,0x389,0x0a,write8
25225577750,0x388,0xb4,write8
25225675375,0x389,0x0b,write8
25238253250,0x388,0xb1,write8
25238351250,0x389,0x0e,write8
25240362625,0x388,0xb0,write8
25240460250,0x389,0x0e,write8
25253043250,0x388,0xb7,write8
25253141250,0x389,0x03,write8
25329103500,0x388,0xb0,write8
25329201500,0x389,0x0e,write8
25329254250,0x388,0xc0,write8
25329352250,0x389,0x0a,write8
25329404375,0x388,0x20,write8
25329502375,0x389,0x28,write8
25329554000,0x388,0x40,write8
25329652125,0x389,0x2b,write8
25329703750,0x388,0x60,write8
25329801750,0x389,0xe6,write8
25329853500,0x388,0x80,write8
25329951500,0x389,0x97,write8
25330003375,0x388,0xe0,write8
25330101375,0x389,0x02,write8
25330153500,0x388,0x23,write8
25330251500,0x389,0x22,write8
25330303250,0x388,0x43,write8
25330401250,0x389,0x08,write8
25330453000,0x388,0x63,write8
25330551000,0x389,0xf6,write8
25330602625,0x388,0x83,write8
25330700750,0x389,0xf7,write8
25330752375,0x388,0xe3,write8
25330850375,0x389,0x00,write8
25330906750,0x388,0xa0,write8
25331004875,0x389,0x5e,write8
25331056500,0x388,0xb0,write8
25331154500,0x389,0x2b,write8
25331212625,0x388,0xb1,write8
25331310625,0x389,0x0e,write8
25331363250,0x388,0xc1,write8
25331461250,0x389,0x0a,write8
25331513375,0x388,0x21,write8
25331611375,0x389,0x28,write8
25331663125,0x388,0x41,write8
25331761125,0x389,0x2b,write8
25331812875,0x388,0x61,write8
25331910875,0x389,0xe6,write8
25331962500,0x388,0x81,write8
25332060625,0x389,0x97,write8
25332112375,0x388,0xe1,write8
25332210375,0x389,0x02,write8
25332262625,0x388,0x24,write8
25332360625,0x389,0x22,write8
25332412250,0x388,0x44,write8
25332510250,0x389,0x08,write8
25332562000,0x388,0x64,write8
25332660000,0x389,0xf6,write8
25332711750,0x388,0x84,write8
25332809750,0x389,0xf7,write8
25332861500,0x388,0xe4,write8
25332959500,0x389,0x00,write8
25333015875,0x388,0xa1,write8
25333113875,0x389,0x85,write8
25333165500,0x388,0xb1,write8
25333263500,0x389,0x2a,write8
25333322125,0x388,0xb2,write8
25333420125,0x389,0x0b,write8
25333472875,0x388,0xc2,write8
25333570875,0x389,0x0e,write8
25333622875,0x388,0x22,write8
25333721000,0x389,0xe6,write8
25333772625,0x388,0x42,write8
25333870625,0x389,0xe7,write8
25333922375,0x388,0x62,write8
25334020500,0x389,0x80,write8
25334072250,0x388,0x82,write8
25334170250,0x389,0x01,write8
25334221875,0x388,0xe2,write8
25334319875,0x389,0x00,write8
25334372125,0x388,0x25,write8
25334470125,0x389,0xe4,write8
25334521875,0x388,0x45,write8
25334619875,0x389,0x8d,write8
25334671500,0x388,0x65,write8
25334769625,0x389,0xf5,write8
25334821250,0x388,0x85,write8
25334919250,0x389,0x07,write8
25334971000,0x388,0xe5,write8
25335069125,0x389,0x00,write8
25335126125,0x388,0xa2,write8
25335224125,0x389,0x00,write8
25335275750,0x388,0xb2,write8
25335373750,0x389,0x2e,write8
25335432750,0x388,0xb3,write8
25335530875,0x389,0x0a,write8
25335583500,0x388,0xc3,write8
25335681500,0x389,0x0e,write8
25335733625,0x388,0x28,write8
25335831625,0x389,0xe6,write8
25335883375,0x388,0x48,write8
25335981375,0x389,0xe7,write8
25336033125,0x388,0x68,write8
25336131125,0x389,0x80,write8
25336182875,0x388,0x88,write8
25336280875,0x389,0x01,write8
25336332625,0x388,0xe8,write8
25336430625,0x389,0x00,write8
25336482750,0x388,0x2b,write8
25336580875,0x389,0xe4,write8
25336632500,0x388,0x4b,write8
25336730500,0x389,0x8d,write8
25336782250,0x388,0x6b,write8
25336880250,0x389,0xf5,write8
25336932000,0x388,0x8b,write8
25337030125,0x389,0x07,write8
25337081750,0x388,0xeb,write8
25337179750,0x389,0x00,write8
25337236125,0x388,0xa3,write8
25337334125,0x389,0x85,write8
25337385750,0x388,0xb3,write8
25337483750,0x389,0x2a,write8
25337543375,0x388,0xb4,write8
25337641375,0x389,0x0b,write8
25337694125,0x388,0xc4,write8
25337792125,0x389,0x0e,write8
25337844125,0x388,0x29,write8
25337942125,0x389,0xe6,write8
25337993875,0x388,0x49,write8
25338092000,0x389,0xe7,write8
25338143750,0x388,0x69,write8
25338241750,0x389,0x80,write8
25338293375,0x388,0x89,write8
25338391500,0x389,0x01,write8
25338443125,0x388,0xe9,write8
25338541125,0x389,0x00,write8
25338593375,0x388,0x2c,write8
25338691375,0x389,0xe4,write8
25338743125,0x388,0x4c,write8
25338841125,0x389,0x8d,write8
25338892750,0x388,0x6c,write8
25338990750,0x389,0xf5,write8
25339042625,0x388,0x8c,write8
25339140625,0x389,0x07,write8
25339192375,0x388,0xec,write8
25339290375,0x389,0x00,write8
25339346750,0x388,0xa4,write8
25339444750,0x389,0x5e,write8
25339496250,0x388,0xb4,write8
25339594000,0x389,0x2b,write8
25339653750,0x388,0xb5,write8
25339751500,0x389,0x07,write8
25339804000,0x388,0xc5,write8
25339901750,0x389,0x00,write8
25339953750,0x388,0x2a,write8
25340051500,0x389,0x20,write8
25340103000,0x388,0x4a,write8
25340200625,0x389,0x00,write8
25340252125,0x388,0x6a,write8
25340349750,0x389,0xfa,write8
25340401250,0x388,0x8a,write8
25340498875,0x389,0x6a,write8
25340550375,0x388,0xea,write8
25340648000,0x389,0x00,write8
25340700000,0x388,0x2d,write8
25340797625,0x389,0x26,write8
25340849125,0x388,0x4d,write8
25340946750,0x389,0x07,write8
25340998250,0x388,0x6d,write8
25341096375,0x389,0xaa,write8
25341148000,0x388,0x8d,write8
25341246000,0x389,0xfa,write8
25341297750,0x388,0xed,write8
25341395750,0x389,0x00,write8
25341452750,0x388,0xa5,write8
25341550750,0x389,0x85,write8
25341602375,0x388,0xb5,write8
25341700375,0x389,0x2e,write8
25341760875,0x388,0xb6,write8
25341859000,0x389,0x0e,write8
25341911625,0x388,0xc6,write8
25342009750,0x389,0x00,write8
25342061875,0x388,0x30,write8
25342159875,0x389,0x00,write8
25342211625,0x388,0x50,write8
25342309625,0x389,0x0c,write8
25342361250,0x388,0x70,write8
25342459375,0x389,0xc8,write8
25342511000,0x388,0x90,write8
25342609000,0x389,0x4c,write8
25342660750,0x388,0xf0,write8
25342758750,0x389,0x00,write8
25342811000,0x388,0x33,write8
25342909000,0x389,0x20,write8
25342960625,0x388,0x53,write8
25343058750,0x389,0x00,write8
25343110500,0x388,0x73,write8
25343208500,0x389,0xd6,write8
25343260250,0x388,0x93,write8
25343358250,0x389,0xff,write8
25343409875,0x388,0xf3,write8
25343508000,0x389,0x00,write8
25343563625,0x388,0xa6,write8
25343661625,0x389,0x90,write8
25343713250,0x388,0xb6,write8
25343811250,0x389,0x27,write8
25343872250,0x388,0xb7,write8
25343970375,0x389,0x03,write8
25344023250,0x388,0xc7,write8
25344121250,0x389,0x08,write8
25344173375,0x388,0x31,write8
25344271375,0x389,0x20,write8
25344323000,0x388,0x51,write8
25344421000,0x389,0x24,write8
25344472750,0x388,0x71,write8
25344570750,0x389,0x62,write8
25344622500,0x388,0x91,write8
25344720500,0x389,0x75,write8
25344772125,0x388,0xf1,write8
25344870125,0x389,0x01,write8
25344922375,0x388,0x34,write8
25345020500,0x389,0x22,write8
25345072250,0x388,0x54,write8
25345170250,0x389,0x02,write8
25345222000,0x388,0x74,write8
25345320000,0x389,0xa8,write8
25345371625,0x388,0x94,write8
25345469625,0x389,0xf5,write8
25345521375,0x388,0xf4,write8
25345619375,0x389,0x00,write8
25345675750,0x388,0xa7,write8
25345773750,0x389,0x5e,write8
25345825250,0x388,0xb7,write8
25345923375,0x389,0x2b,write8
25346010250,0x388,0xb8,write8
25346108250,0x389,0x03,write8
25346161000,0x388,0xc8,write8
25346259000,0x389,0x0a,write8
25346311125,0x388,0x32,write8
25346409125,0x389,0x22,write8
25346460750,0x388,0x52,write8
25346558875,0x389,0x19,write8
25346610500,0x388,0x72,write8
25346708500,0x389,0xc6,write8
25346760250,0x388,0x92,write8
25346858250,0x389,0x77,write8
25346910000,0x388,0xf2,write8
25347008125,0x389,0x00,write8
25347060250,0x388,0x35,write8
25347158250,0x389,0x22,write8
25347210000,0x388,0x55,write8
25347308000,0x389,0x40,write8
25347359750,0x388,0x75,write8
25347457750,0x389,0xf4,write8
25347509375,0x388,0x95,write8
25347607500,0x389,0xf7,write8
25347659125,0x388,0xf5,write8
25347757125,0x389,0x00,write8
25347812250,0x388,0xa8,write8
25347910250,0x389,0x5e,write8
25347961875,0x388,0xb8,write8
25348060000,0x389,0x23,write8
25384038125,0x388,0xb5,write8
25384136125,0x389,0x0e,write8
25384195000,0x388,0xb6,write8
25384293000,0x389,0x07,write8
25432637625,0x388,0xb7,write8
25432735625,0x389,0x0b,write8
25436861000,0x388,0xb3,write8
25436959000,0x389,0x0a,write8
25441087250,0x388,0xb4,write8
25441185250,0x389,0x0b,write8
25453762500,0x388,0xb1,write8
25453860125,0x389,0x0a,write8
25453915750,0x388,0xb0,write8
25454013500,0x389,0x0b,write8
25457988750,0x388,0xb2,write8
25458086875,0x389,0x0e,write8
25510807500,0x388,0xb0,write8
25510905125,0x389,0x0b,write8
25510957625,0x388,0xc0,write8
25511055375,0x389,0x0a,write8
25511107375,0x388,0x20,write8
25511205125,0x389,0x28,write8
25511256625,0x388,0x40,write8
25511354250,0x389,0x2b,write8
25511405750,0x388,0x60,write8
25511503375,0x389,0xe6,write8
25511554875,0x388,0x80,write8
25511652500,0x389,0x97,write8
25511704000,0x388,0xe0,write8
25511801625,0x389,0x02,write8
25511853625,0x388,0x23,write8
25511951250,0x389,0x22,write8
25512002875,0x388,0x43,write8
25512100500,0x389,0x08,write8
25512152000,0x388,0x63,write8
25512249625,0x389,0xf6,write8
25512301375,0x388,0x83,write8
25512399375,0x389,0xf7,write8
25512451125,0x388,0xe3,write8
25512549125,0x389,0x00,write8
25512606125,0x388,0xa0,write8
25512704125,0x389,0x85,write8
25512755750,0x388,0xb0,write8
25512853750,0x389,0x2e,write8
25512911875,0x388,0xb1,write8
25513010000,0x389,0x0a,write8
25513062625,0x388,0xc1,write8
25513160625,0x389,0x08,write8
25513212750,0x388,0x21,write8
25513310750,0x389,0x20,write8
25513362500,0x388,0x41,write8
25513460500,0x389,0x24,write8
25513512125,0x388,0x61,write8
25513610125,0x389,0x62,write8
25513661875,0x388,0x81,write8
25513759875,0x389,0x75,write8
25513811625,0x388,0xe1,write8
25513909625,0x389,0x01,write8
25513961875,0x388,0x24,write8
25514060000,0x389,0x22,write8
25514111625,0x388,0x44,write8
25514209625,0x389,0x02,write8
25514261375,0x388,0x64,write8
25514359375,0x389,0xa8,write8
25514411125,0x388,0x84,write8
25514509125,0x389,0xf5,write8
25514560750,0x388,0xe4,write8
25514658750,0x389,0x00,write8
25514715125,0x388,0xa1,write8
25514813125,0x389,0x85,write8
25514864750,0x388,0xb1,write8
25514962750,0x389,0x2a,write8
25521377000,0x388,0xb8,write8
25521475000,0x389,0x03,write8
25588984125,0x388,0xb1,write8
25589082375,0x389,0x0a,write8
25607996500,0x388,0xb0,write8
25608094625,0x389,0x0e,write8
25675608875,0x388,0xb0,write8
25675707000,0x389,0x0e,write8
25675759625,0x388,0xc0,write8
25675857625,0x389,0x0a,write8
25675909750,0x388,0x20,write8
25676007875,0x389,0x28,write8
25676059625,0x388,0x40,write8
25676157625,0x389,0x2b,write8
25676209250,0x388,0x60,write8
25676307250,0x389,0xe6,write8
25676359000,0x388,0x80,write8
25676457000,0x389,0x97,write8
25676508750,0x388,0xe0,write8
25676606750,0x389,0x02,write8
25676658875,0x388,0x23,write8
25676757000,0x389,0x22,write8
25676808625,0x388,0x43,write8
25676906625,0x389,0x08,write8
25676958375,0x388,0x63,write8
25677056500,0x389,0xf6,write8
25677108250,0x388,0x83,write8
25677206250,0x389,0xf7,write8
25677257875,0x388,0xe3,write8
25677355875,0x389,0x00,write8
25677412875,0x388,0xa0,write8
25677510875,0x389,0x00,write8
25677562500,0x388,0xb0,write8
25677660500,0x389,0x2e,write8
25677718625,0x388,0xb1,write8
25677816625,0x389,0x0a,write8
25677869375,0x388,0xc1,write8
25677967375,0x389,0x08,write8
25678019500,0x388,0x21,write8
25678117500,0x389,0x20,write8
25678169250,0x388,0x41,write8
25678267250,0x389,0x24,write8
25678319000,0x388,0x61,write8
25678417000,0x389,0x62,write8
25678468625,0x388,0x81,write8
25678566625,0x389,0x75,write8
25678618375,0x388,0xe1,write8
25678716375,0x389,0x01,write8
25678768625,0x388,0x24,write8
25678866625,0x389,0x22,write8
25678918375,0x388,0x44,write8
25679016500,0x389,0x02,write8
25679068125,0x388,0x64,write8
25679166125,0x389,0xa8,write8
25679217875,0x388,0x84,write8
25679315875,0x389,0xf5,write8
25679367625,0x388,0xe4,write8
25679465625,0x389,0x00,write8
25679522000,0x388,0xa1,write8
25679620000,0x389,0x85,write8
25679671500,0x388,0xb1,write8
25679769500,0x389,0x2a,write8
25753782750,0x388,0xb1,write8
25753880375,0x389,0x0a,write8
25755897875,0x388,0xb0,write8
25755995875,0x389,0x0e,write8
25846748750,0x388,0xb0,write8
25846846750,0x389,0x0e,write8
25846899500,0x388,0xc0,write8
25846997500,0x389,0x0a,write8
25847049625,0x388,0x20,write8
25847147750,0x389,0x28,write8
25847199375,0x388,0x40,write8
25847297375,0x389,0x2b,write8
25847349125,0x388,0x60,write8
25847447125,0x389,0xe6,write8
25847498875,0x388,0x80,write8
25847596875,0x389,0x97,write8
25847648500,0x388,0xe0,write8
25847746500,0x389,0x02,write8
25847798750,0x388,0x23,write8
25847896750,0x389,0x22,write8
25847948500,0x388,0x43,write8
25848046625,0x389,0x08,write8
25848098250,0x388,0x63,write8
25848196375,0x389,0xf6,write8
25848248000,0x388,0x83,write8
25848346000,0x389,0xf7,write8
25848397750,0x388,0xe3,write8
25848495750,0x389,0x00,write8
25848552125,0x388,0xa0,write8
25848650125,0x389,0x5e,write8
25848701625,0x388,0xb0,write8
25848799750,0x389,0x2b,write8
25848857750,0x388,0xb1,write8
25848955750,0x389,0x0a,write8
25849008625,0x388,0xc1,write8
25849106625,0x389,0x0e,write8
25849158750,0x388,0x21,write8
25849256750,0x389,0xe6,write8
25849308500,0x388,0x41,write8
25849406500,0x389,0xe7,write8
25849458125,0x388,0x61,write8
25849556125,0x389,0x80,write8
25849607875,0x388,0x81,write8
25849705875,0x389,0x01,write8
25849757625,0x388,0xe1,write8
25849855625,0x389,0x00,write8
25849907750,0x388,0x24,write8
25850005875,0x389,0xe4,write8
25850057625,0x388,0x44,write8
25850155625,0x389,0x8d,write8
25850207375,0x388,0x64,write8
25850305375,0x389,0xf5,write8
25850357125,0x388,0x84,write8
25850455125,0x389,0x07,write8
25850506750,0x388,0xe4,write8
25850604750,0x389,0x00,write8
25850661750,0x388,0xa1,write8
25850759750,0x389,0x00,write8
25850811375,0x388,0xb1,write8
25850909375,0x389,0x2e,write8
25850968000,0x388,0xb2,write8
25851066125,0x389,0x0e,write8
25851118875,0x388,0xc2,write8
25851216875,0x389,0x0e,write8
25851268875,0x388,0x22,write8
25851366875,0x389,0xe6,write8
25851418625,0x388,0x42,write8
25851516625,0x389,0xe7,write8
25851568375,0x388,0x62,write8
25851666375,0x389,0x80,write8
25851718000,0x388,0x82,write8
25851816000,0x389,0x01,write8
25851867750,0x388,0xe2,write8
25851965750,0x389,0x00,write8
25852018125,0x388,0x25,write8
25852116125,0x389,0xe4,write8
25852167875,0x388,0x45,write8
25852265875,0x389,0x8d,write8
25852317500,0x388,0x65,write8
25852415500,0x389,0xf5,write8
25852467250,0x388,0x85,write8
25852565250,0x389,0x07,write8
25852617000,0x388,0xe5,write8
25852715000,0x389,0x00,write8
25852771375,0x388,0xa2,write8
25852869375,0x389,0x5e,write8
25852920875,0x388,0xb2,write8
25853019000,0x389,0x2b,write8
25853078125,0x388,0xb3,write8
25853176125,0x389,0x0a,write8
25853228625,0x388,0xc3,write8
25853326250,0x389,0x0e,write8
25853378125,0x388,0x28,write8
25853475750,0x389,0xe6,write8
25853527375,0x388,0x48,write8
25853625125,0x389,0xe7,write8
25853676625,0x388,0x68,write8
25853774250,0x389,0x80,write8
25853825750,0x388,0x88,write8
25853923375,0x389,0x01,write8
25853974875,0x388,0xe8,write8
25854072625,0x389,0x00,write8
25854124625,0x388,0x2b,write8
25854222250,0x389,0xe4,write8
25854273750,0x388,0x4b,write8
25854371375,0x389,0x8d,write8
25854422875,0x388,0x6b,write8
25854520500,0x389,0xf5,write8
25854572000,0x388,0x8b,write8
25854669625,0x389,0x07,write8
25854721375,0x388,0xeb,write8
25854819375,0x389,0x00,write8
25854875750,0x388,0xa3,write8
25854973750,0x389,0x85,write8
25855025375,0x388,0xb3,write8
25855123500,0x389,0x2a,write8
25855182875,0x388,0xb4,write8
25855281000,0x389,0x0b,write8
25855333750,0x388,0xc4,write8
25855431750,0x389,0x08,write8
25855483875,0x388,0x29,write8
25855581875,0x389,0x20,write8
25855633625,0x388,0x49,write8
25855731625,0x389,0x24,write8
25855783250,0x388,0x69,write8
25855881250,0x389,0x62,write8
25855933000,0x388,0x89,write8
25856031125,0x389,0x75,write8
25856082875,0x388,0xe9,write8
25856180875,0x389,0x01,write8
25856233000,0x388,0x2c,write8
25856331125,0x389,0x22,write8
25856382750,0x388,0x4c,write8
25856480750,0x389,0x02,write8
25856532500,0x388,0x6c,write8
25856630500,0x389,0xa8,write8
25856682250,0x388,0x8c,write8
25856780250,0x389,0xf5,write8
25856831875,0x388,0xec,write8
25856929875,0x389,0x00,write8
25856986250,0x388,0xa4,write8
25857084375,0x389,0x5e,write8
25857136000,0x388,0xb4,write8
25857234000,0x389,0x2b,write8
25857294000,0x388,0xb5,write8
25857392125,0x389,0x0e,write8
25857444875,0x388,0xc5,write8
25857542875,0x389,0x00,write8
25857594875,0x388,0x2a,write8
25857692875,0x389,0x20,write8
25857744625,0x388,0x4a,write8
25857842625,0x389,0x00,write8
25857894375,0x388,0x6a,write8
25857992375,0x389,0xfa,write8
25858044125,0x388,0x8a,write8
25858142250,0x389,0x6a,write8
25858193875,0x388,0xea,write8
25858291875,0x389,0x00,write8
25858344125,0x388,0x2d,write8
25858442125,0x389,0x26,write8
25858493875,0x388,0x4d,write8
25858591875,0x389,0x07,write8
25858643500,0x388,0x6d,write8
25858741500,0x389,0xaa,write8
25858793250,0x388,0x8d,write8
25858891250,0x389,0xfa,write8
25858943000,0x388,0xed,write8
25859041125,0x389,0x00,write8
25859098125,0x388,0xa5,write8
25859196125,0x389,0x85,write8
25859247625,0x388,0xb5,write8
25859345625,0x389,0x2e,write8
25876329500,0x388,0xb5,write8
25876427500,0x389,0x0e,write8
25910133875,0x388,0xb3,write8
25910231875,0x389,0x0a,write8
25910288750,0x388,0xb2,write8
25910386375,0x389,0x0b,write8
25922809875,0x388,0xb1,write8
25922907875,0x389,0x0e,write8
25931263250,0x388,0xb4,write8
25931361250,0x389,0x0b,write8
25958730250,0x388,0xb0,write8
25958828250,0x389,0x0b,write8
26017891500,0x388,0xb0,write8
26017989500,0x389,0x0b,write8
26018042250,0x388,0xc0,write8
26018140250,0x389,0x0e,write8
26018192375,0x388,0x20,write8
26018290375,0x389,0xe6,write8
26018342125,0x388,0x40,write8
26018440125,0x389,0xe7,write8
26018491875,0x388,0x60,write8
26018589875,0x389,0x80,write8
26018641500,0x388,0x80,write8
26018739500,0x389,0x01,write8
26018791250,0x388,0xe0,write8
26018889250,0x389,0x00,write8
26018941500,0x388,0x23,write8
26019039625,0x389,0xe4,write8
26019091250,0x388,0x43,write8
26019189375,0x389,0x8d,write8
26019241000,0x388,0x63,write8
26019339000,0x389,0xf5,write8
26019390750,0x388,0x83,write8
26019488750,0x389,0x07,write8
26019540500,0x388,0xe3,write8
26019638500,0x389,0x00,write8
26019694750,0x388,0xa0,write8
26019792750,0x389,0x5e,write8
26019844375,0x388,0xb0,write8
26019942375,0x389,0x2b,write8
26020000500,0x388,0xb1,write8
26020098625,0x389,0x0e,write8
26020151375,0x388,0xc1,write8
26020249375,0x389,0x0e,write8
26020301500,0x388,0x21,write8
26020399500,0x389,0xe6,write8
26020451125,0x388,0x41,write8
26020549125,0x389,0xe7,write8
26020600875,0x388,0x61,write8
26020698875,0x389,0x80,write8
26020750625,0x388,0x81,write8
26020848625,0x389,0x01,write8
26020900250,0x388,0xe1,write8
26020998250,0x389,0x00,write8
26021050625,0x388,0x24,write8
26021148625,0x389,0xe4,write8
26021200375,0x388,0x44,write8
26021298375,0x389,0x8d,write8
26021350125,0x388,0x64,write8
26021448125,0x389,0xf5,write8
26021499750,0x388,0x84,write8
26021597750,0x389,0x07,write8
26021649500,0x388,0xe4,write8
26021747500,0x389,0x00,write8
26021803875,0x388,0xa1,write8
26021901875,0x389,0x85,write8
26021953375,0x388,0xb1,write8
26022051625,0x389,0x2a,write8
26022110125,0x388,0xb2,write8
26022208250,0x389,0x0b,write8
26022260875,0x388,0xc2,write8
26022358875,0x389,0x0e,write8
26022411000,0x388,0x22,write8
26022509000,0x389,0xe6,write8
26022560750,0x388,0x42,write8
26022658750,0x389,0xe7,write8
26022710375,0x388,0x62,write8
26022808375,0x389,0x80,write8
26022860125,0x388,0x82,write8
26022958125,0x389,0x01,write8
26023010000,0x388,0xe2,write8
26023108000,0x389,0x00,write8
26023160125,0x388,0x25,write8
26023258250,0x389,0xe4,write8
26023309875,0x388,0x45,write8
26023407875,0x389,0x8d,write8
26023459625,0x388,0x65,write8
26023557625,0x389,0xf5,write8
26023609375,0x388,0x85,write8
26023707375,0x389,0x07,write8
26023759000,0x388,0xe5,write8
26023857000,0x389,0x00,write8
26023914000,0x388,0xa2,write8
26024012125,0x389,0x00,write8
26024063750,0x388,0xb2,write8
26024161750,0x389,0x2e,write8
26024220875,0x388,0xb3,write8
26024318875,0x389,0x0a,write8
26024371625,0x388,0xc3,write8
26024469250,0x389,0x0a,write8
26024521125,0x388,0x28,write8
26024618750,0x389,0x28,write8
26024670250,0x388,0x48,write8
26024768000,0x389,0x2b,write8
26024819625,0x388,0x68,write8
26024917250,0x389,0xe6,write8
26024968750,0x388,0x88,write8
26025066500,0x389,0x97,write8
26025118000,0x388,0xe8,write8
26025215625,0x389,0x02,write8
26025267625,0x388,0x2b,write8
26025365250,0x389,0x22,write8
26025416750,0x388,0x4b,write8
26025514375,0x389,0x08,write8
26025565875,0x388,0x6b,write8
26025663500,0x389,0xf6,write8
26025715000,0x388,0x8b,write8
26025812625,0x389,0xf7,write8
26025864125,0x388,0xeb,write8
26025962125,0x389,0x00,write8
26026018500,0x388,0xa3,write8
26026116500,0x389,0x00,write8
26026168125,0x388,0xb3,write8
26026266125,0x389,0x2a,write8
26026325625,0x388,0xb4,write8
26026423750,0x389,0x0b,write8
26026476500,0x388,0xc4,write8
26026574500,0x389,0x00,write8
26026626625,0x388,0x29,write8
26026724625,0x389,0x20,write8
26026776250,0x388,0x49,write8
26026874250,0x389,0x00,write8
26026926000,0x388,0x69,write8
26027024125,0x389,0xfa,write8
26027075875,0x388,0x89,write8
26027173875,0x389,0x6a,write8
26027225500,0x388,0xe9,write8
26027323500,0x389,0x00,write8
26027375750,0x388,0x2c,write8
26027473750,0x389,0x26,write8
26027525500,0x388,0x4c,write8
26027623500,0x389,0x07,write8
26027675250,0x388,0x6c,write8
26027773250,0x389,0xaa,write8
26027824875,0x388,0x8c,write8
26027922875,0x389,0xfa,write8
26027974625,0x388,0xec,write8
26028072750,0x389,0x00,write8
26028129750,0x388,0xa4,write8
26028227750,0x389,0x85,write8
26028279375,0x388,0xb4,write8
26028377375,0x389,0x2e,write8
26028437375,0x388,0xb5,write8
26028535500,0x389,0x0e,write8
26028588125,0x388,0xc5,write8
26028686125,0x389,0x08,write8
26028738250,0x388,0x2a,write8
26028836250,0x389,0x20,write8
26028888000,0x388,0x4a,write8
26028986000,0x389,0x24,write8
26029037750,0x388,0x6a,write8
26029135875,0x389,0x62,write8
26029187500,0x388,0x8a,write8
26029285500,0x389,0x75,write8
26029337250,0x388,0xea,write8
26029435250,0x389,0x01,write8
26029487500,0x388,0x2d,write8
26029585500,0x389,0x22,write8
26029637125,0x388,0x4d,write8
26029735125,0x389,0x02,write8
26029786875,0x388,0x6d,write8
26029884875,0x389,0xa8,write8
26029936625,0x388,0x8d,write8
26030034750,0x389,0xf5,write8
26030086375,0x388,0xed,write8
26030184500,0x389,0x00,write8
26030240750,0x388,0xa5,write8
26030338750,0x389,0x5e,write8
26030390375,0x388,0xb5,write8
26030488375,0x389,0x2b,write8
26068599750,0x388,0xb4,write8
26068697375,0x389,0x0e,write8
26106630375,0x388,0xb3,write8
26106728375,0x389,0x0a,write8
26123575000,0x388,0xb2,write8
26123673000,0x389,0x0e,write8
26131983000,0x388,0xb0,write8
26132081125,0x389,0x0b,write8
26134095750,0x388,0xb5,write8
26134193875,0x389,0x0b,write8
26134250125,0x388,0xb1,write8
26134348125,0x389,0x0a,write8
26189028375,0x388,0xb0,write8
26189126375,0x389,0x0b,write8
26189179125,0x388,0xc0,write8
26189277125,0x389,0x0a,write8
26189329250,0x388,0x20,write8
26189427250,0x389,0x22,write8
26189478875,0x388,0x40,write8
26189576875,0x389,0x19,write8
26189628625,0x388,0x60,write8
26189726625,0x389,0xc6,write8
26189778375,0x388,0x80,write8
26189876375,0x389,0x77,write8
26189928000,0x388,0xe0,write8
26190026250,0x389,0x00,write8
26190078375,0x388,0x23,write8
26190176375,0x389,0x22,write8
26190228125,0x388,0x43,write8
26190326125,0x389,0x40,write8
26190377875,0x388,0x63,write8
26190475875,0x389,0xf4,write8
26190527500,0x388,0x83,write8
26190625500,0x389,0xf7,write8
26190677250,0x388,0xe3,write8
26190775250,0x389,0x00,write8
26190830375,0x388,0xa0,write8
26190928375,0x389,0x00,write8
26190980000,0x388,0xb0,write8
26191078125,0x389,0x23,write8
26191190875,0x388,0xb1,write8
26191288875,0x389,0x0a,write8
26191341625,0x388,0xc1,write8
26191439625,0x389,0x0a,write8
26191491750,0x388,0x21,write8
26191589750,0x389,0x28,write8
26191641375,0x388,0x41,write8
26191739375,0x389,0x2b,write8
26191791125,0x388,0x61,write8
26191889125,0x389,0xe6,write8
26191940875,0x388,0x81,write8
26192039000,0x389,0x97,write8
26192090750,0x388,0xe1,write8
26192188750,0x389,0x02,write8
26192240875,0x388,0x24,write8
26192338875,0x389,0x22,write8
26192390625,0x388,0x44,write8
26192488625,0x389,0x08,write8
26192540375,0x388,0x64,write8
26192638375,0x389,0xf6,write8
26192690000,0x388,0x84,write8
26192788000,0x389,0xf7,write8
26192839750,0x388,0xe4,write8
26192937750,0x389,0x00,write8
26192993500,0x388,0xa1,write8
26193091625,0x389,0x00,write8
26193143250,0x388,0xb1,write8
26193241250,0x389,0x27,write8
26193299875,0x388,0xb2,write8
26193397875,0x389,0x0e,write8
26193450500,0x388,0xc2,write8
26193548500,0x389,0x08,write8
26193600625,0x388,0x22,write8
26193698625,0x389,0x20,write8
26193750375,0x388,0x42,write8
26193848375,0x389,0x24,write8
26193900000,0x388,0x62,write8
26193998125,0x389,0x62,write8
26194049875,0x388,0x82,write8
26194147875,0x389,0x75,write8
26194199625,0x388,0xe2,write8
26194297625,0x389,0x01,write8
26194349875,0x388,0x25,write8
26194447875,0x389,0x22,write8
26194499500,0x388,0x45,write8
26194597500,0x389,0x02,write8
26194649250,0x388,0x65,write8
26194747250,0x389,0xa8,write8
26194799000,0x388,0x85,write8
26194897000,0x389,0xf5,write8
26194948625,0x388,0xe5,write8
26195046875,0x389,0x00,write8
26195103125,0x388,0xa2,write8
26195201125,0x389,0x85,write8
26195252750,0x388,0xb2,write8
26195350750,0x389,0x2a,write8
26195409875,0x388,0xb3,write8
26195507875,0x389,0x0a,write8
26195560625,0x388,0xc3,write8
26195658375,0x389,0x00,write8
26195710250,0x388,0x28,write8
26195807875,0x389,0x00,write8
26195859375,0x388,0x48,write8
26195957000,0x389,0x0c,write8
26196008750,0x388,0x68,write8
26196106500,0x389,0xc8,write8
26196158000,0x388,0x88,write8
26196255625,0x389,0x4c,write8
26196307125,0x388,0xe8,write8
26196404750,0x389,0x00,write8
26196456750,0x388,0x2b,write8
26196554375,0x389,0x20,write8
26196605875,0x388,0x4b,write8
26196703500,0x389,0x00,write8
26196755000,0x388,0x6b,write8
26196852625,0x389,0xd6,write8
26196904125,0x388,0x8b,write8
26197001875,0x389,0xff,write8
26197053375,0x388,0xeb,write8
26197151250,0x389,0x00,write8
26197207000,0x388,0xa3,write8
26197305000,0x389,0x90,write8
26197356500,0x388,0xb3,write8
26197454500,0x389,0x27,write8
26237626375,0x388,0xb3,write8
26237724500,0x389,0x07,write8
26263022500,0x388,0xb2,write8
26263120500,0x389,0x0a,write8
26305236125,0x388,0xb1,write8
26305334125,0x389,0x07,write8
26341151125,0x388,0xb0,write8
26341249125,0x389,0x03,write8
26360171125,0x388,0xb0,write8
26360269125,0x389,0x03,write8
26360321875,0x388,0xc0,write8
26360419875,0x389,0x0a,write8
26360471875,0x388,0x20,write8
26360569875,0x389,0x28,write8
26360621625,0x388,0x40,write8
26360719625,0x389,0x2b,write8
26360771375,0x388,0x60,write8
26360869375,0x389,0xe6,write8
26360921000,0x388,0x80,write8
26361019250,0x389,0x97,write8
26361070875,0x388,0xe0,write8
26361168875,0x389,0x02,write8
26361221125,0x388,0x23,write8
26361319125,0x389,0x22,write8
26361370875,0x388,0x43,write8
26361468875,0x389,0x08,write8
26361520500,0x388,0x63,write8
26361618500,0x389,0xf6,write8
26361670250,0x388,0x83,write8
26361768250,0x389,0xf7,write8
26361820000,0x388,0xe3,write8
26361918000,0x389,0x00,write8
26361974375,0x388,0xa0,write8
26362072500,0x389,0x00,write8
26362124000,0x388,0xb0,write8
26362222000,0x389,0x2b,write8
26461585625,0x388,0xb0,write8
26461683625,0x389,0x0b,write8
26529198250,0x388,0xb0,write8
26529296250,0x389,0x0b,write8
26529349000,0x388,0xc0,write8
26529447000,0x389,0x0a,write8
26529499000,0x388,0x20,write8
26529597000,0x389,0x28,write8
26529648750,0x388,0x40,write8
26529746750,0x389,0x2b,write8
26529798500,0x388,0x60,write8
26529896500,0x389,0xe6,write8
26529948250,0x388,0x80,write8
26530046375,0x389,0x97,write8
26530098000,0x388,0xe0,write8
26530196000,0x389,0x02,write8
26530248250,0x388,0x23,write8
26530346250,0x389,0x22,write8
26530398000,0x388,0x43,write8
26530496000,0x389,0x08,write8
26530547625,0x388,0x63,write8
26530645625,0x389,0xf6,write8
26530697375,0x388,0x83,write8
26530795375,0x389,0xf7,write8
26530847125,0x388,0xe3,write8
26530945125,0x389,0x00,write8
26531001625,0x388,0xa0,write8
26531099625,0x389,0xc7,write8
26531151125,0x388,0xb0,write8
26531249125,0x389,0x2b,write8
26531307250,0x388,0xb1,write8
26531405250,0x389,0x07,write8
26531458000,0x388,0xc1,write8
26531556000,0x389,0x0e,write8
26531608125,0x388,0x21,write8
26531706125,0x389,0xe6,write8
26531757750,0x388,0x41,write8
26531855875,0x389,0xe7,write8
26531907500,0x388,0x61,write8
26532005625,0x389,0x80,write8
26532057375,0x388,0x81,write8
26532155375,0x389,0x01,write8
26532207125,0x388,0xe1,write8
26532305125,0x389,0x00,write8
26532357250,0x388,0x24,write8
26532455250,0x389,0xe4,write8
26532507000,0x388,0x44,write8
26532605000,0x389,0x8d,write8
26532656750,0x388,0x64,write8
26532754750,0x389,0xf5,write8
26532806375,0x388,0x84,write8
26532904500,0x389,0x07,write8
26532956125,0x388,0xe4,write8
26533054250,0x389,0x00,write8
26533110625,0x388,0xa1,write8
26533208625,0x389,0x00,write8
26533260250,0x388,0xb1,write8
26533358250,0x389,0x2b,write8
26533416875,0x388,0xb2,write8
26533514875,0x389,0x0a,write8
26533567500,0x388,0xc2,write8
26533665500,0x389,0x0e,write8
26533717625,0x388,0x22,write8
26533815625,0x389,0xe6,write8
26533867375,0x388,0x42,write8
26533965375,0x389,0xe7,write8
26534017250,0x388,0x62,write8
26534115250,0x389,0x80,write8
26534166875,0x388,0x82,write8
26534264875,0x389,0x01,write8
26534316625,0x388,0xe2,write8
26534414625,0x389,0x00,write8
26534466875,0x388,0x25,write8
26534564875,0x389,0xe4,write8
26534616500,0x388,0x45,write8
26534714625,0x389,0x8d,write8
26534766250,0x388,0x65,write8
26534864250,0x389,0xf5,write8
26534916000,0x388,0x85,write8
26535014125,0x389,0x07,write8
26535065875,0x388,0xe5,write8
26535163875,0x389,0x00,write8
26535220125,0x388,0xa2,write8
26535318250,0x389,0x3f,write8
26535369750,0x388,0xb2,write8
26535467750,0x389,0x2a,write8
26535526875,0x388,0xb3,write8
26535624875,0x389,0x07,write8
26535677625,0x388,0xc3,write8
26535775625,0x389,0x0e,write8
26535827750,0x388,0x28,write8
26535925750,0x389,0xe6,write8
26535977375,0x388,0x48,write8
26536075500,0x389,0xe7,write8
26536127250,0x388,0x68,write8
26536225250,0x389,0x80,write8
26536277000,0x388,0x88,write8
26536375000,0x389,0x01,write8
26536426625,0x388,0xe8,write8
26536524625,0x389,0x00,write8
26536576875,0x388,0x2b,write8
26536674875,0x389,0xe4,write8
26536726625,0x388,0x4b,write8
26536824625,0x389,0x8d,write8
26536876375,0x388,0x6b,write8
26536974375,0x389,0xf5,write8
26537026125,0x388,0x8b,write8
26537124125,0x389,0x07,write8
26537175875,0x388,0xeb,write8
26537273875,0x389,0x00,write8
26537330250,0x388,0xa3,write8
26537428250,0x389,0xc7,write8
26537479875,0x388,0xb3,write8
26537577875,0x389,0x2b,write8
26537637375,0x388,0xb4,write8
26537735500,0x389,0x0e,write8
26537788125,0x388,0xc4,write8
26537886125,0x389,0x00,write8
26537938250,0x388,0x29,write8
26538036375,0x389,0x00,write8
26538087875,0x388,0x49,write8
26538185500,0x389,0x0c,write8
26538237000,0x388,0x69,write8
26538334625,0x389,0xc8,write8
26538386125,0x388,0x89,write8
26538484000,0x389,0x4c,write8
26538535500,0x388,0xe9,write8
26538633125,0x389,0x00,write8
26538685125,0x388,0x2c,write8
26538782750,0x389,0x20,write8
26538834250,0x388,0x4c,write8
26538931875,0x389,0x00,write8
26538983375,0x388,0x6c,write8
26539081125,0x389,0xd6,write8
26539132625,0x388,0x8c,write8
26539230250,0x389,0xff,write8
26539281750,0x388,0xec,write8
26539379375,0x389,0x00,write8
26539434875,0x388,0xa4,write8
26539532500,0x389,0x90,write8
26539584125,0x388,0xb4,write8
26539682125,0x389,0x27,write8
26539742125,0x388,0xb5,write8
26539840250,0x389,0x0b,write8
26539892875,0x388,0xc5,write8
26539991000,0x389,0x08,write8
26540043125,0x388,0x2a,write8
26540141125,0x389,0x20,write8
26540192875,0x388,0x4a,write8
26540290875,0x389,0x24,write8
26540342625,0x388,0x6a,write8
26540440625,0x389,0x62,write8
26540492250,0x388,0x8a,write8
26540590250,0x389,0x75,write8
26540642000,0x388,0xea,write8
26540740000,0x389,0x01,write8
26540792250,0x388,0x2d,write8
26540890250,0x389,0x22,write8
26540941875,0x388,0x4d,write8
26541040125,0x389,0x02,write8
26541091750,0x388,0x6d,write8
26541189750,0x389,0xa8,write8
26541241500,0x388,0x8d,write8
26541339500,0x389,0xf5,write8
26541391250,0x388,0xed,write8
26541489250,0x389,0x00,write8
26541545500,0x388,0xa5,write8
26541643625,0x389,0x85,write8
26541695125,0x388,0xb5,write8
26541793125,0x389,0x2a,write8
26541853625,0x388,0xb6,write8
26541951750,0x389,0x07,write8
26542004625,0x388,0xc6,write8
26542102625,0x389,0x00,write8
26542154750,0x388,0x30,write8
26542252750,0x389,0x20,write8
26542304375,0x388,0x50,write8
26542402375,0x389,0x00,write8
26542454125,0x388,0x70,write8
26542552125,0x389,0xfa,write8
26542603875,0x388,0x90,write8
26542701875,0x389,0x6a,write8
26542753500,0x388,0xf0,write8
26542851625,0x389,0x00,write8
26542903750,0x388,0x33,write8
26543001875,0x389,0x26,write8
26543053625,0x388,0x53,write8
26543151625,0x389,0x07,write8
26543203375,0x388,0x73,write8
26543301375,0x389,0xaa,write8
26543353000,0x388,0x93,write8
26543451000,0x389,0xfa,write8
26543502750,0x388,0xf3,write8
26543600750,0x389,0x00,write8
26543657750,0x388,0xa6,write8
26543755750,0x389,0x85,write8
26543807375,0x388,0xb6,write8
26543905375,0x389,0x2e,write8
26556668500,0x388,0xb7,write8
26556766500,0x389,0x0b,write8
26556819250,0x388,0xc7,write8
26556917250,0x389,0x0a,write8
26556969375,0x388,0x31,write8
26557067500,0x389,0x22,write8
26557119250,0x388,0x51,write8
26557217250,0x389,0x19,write8
26557268875,0x388,0x71,write8
26557366875,0x389,0xc6,write8
26557418625,0x388,0x91,write8
26557516625,0x389,0x77,write8
26557568375,0x388,0xf1,write8
26557666375,0x389,0x00,write8
26557718500,0x388,0x34,write8
26557816625,0x389,0x22,write8
26557868250,0x388,0x54,write8
26557966250,0x389,0x40,write8
26558018125,0x388,0x74,write8
26558116125,0x389,0xf4,write8
26558167875,0x388,0x94,write8
26558265875,0x389,0xf7,write8
26558317500,0x388,0xf4,write8
26558415500,0x389,0x00,write8
26558470625,0x388,0xa7,write8
26558568625,0x389,0x00,write8
26558620250,0x388,0xb7,write8
26558718250,0x389,0x23,write8
26577836375,0x388,0xb4,write8
26577934375,0x389,0x07,write8
26577993125,0x388,0xb6,write8
26578091375,0x389,0x0e,write8
26592580125,0x388,0xb2,write8
26592678250,0x389,0x0a,write8
26601031875,0x388,0xb3,write8
26601130000,0x389,0x0b,write8
26601186250,0x388,0xb1,write8
26601284250,0x389,0x0b,write8
26609481500,0x388,0xb0,write8
26609579125,0x389,0x0b,write8
26617935375,0x388,0xb5,write8
26618033500,0x389,0x0a,write8
26649631875,0x388,0xb7,write8
26649729875,0x389,0x03,write8
26702448000,0x388,0xb0,write8
26702546000,0x389,0x0b,write8
26702598750,0x388,0xc0,write8
26702696750,0x389,0x0a,write8
26702748750,0x388,0x20,write8
26702846750,0x389,0x28,write8
26702898500,0x388,0x40,write8
26702996500,0x389,0x2b,write8
26703048375,0x388,0x60,write8
26703146375,0x389,0xe6,write8
26703198000,0x388,0x80,write8
26703296125,0x389,0x97,write8
26703347750,0x388,0xe0,write8
26703445750,0x389,0x02,write8
26703498000,0x388,0x23,write8
26703596000,0x389,0x22,write8
26703647750,0x388,0x43,write8
26703745750,0x389,0x08,write8
26703797375,0x388,0x63,write8
26703895375,0x389,0xf6,write8
26703947125,0x388,0x83,write8
26704045250,0x389,0xf7,write8
26704097000,0x388,0xe3,write8
26704195000,0x389,0x00,write8
26704251375,0x388,0xa0,write8
26704349375,0x389,0x3f,write8
26704400875,0x388,0xb0,write8
26704498875,0x389,0x2a,write8
26704557000,0x388,0xb1,write8
26704655000,0x389,0x0b,write8
26704707750,0x388,0xc1,write8
26704805750,0x389,0x0a,write8
26704857875,0x388,0x21,write8
26704955875,0x389,0x28,write8
26705007625,0x388,0x41,write8
26705105750,0x389,0x2b,write8
26705157375,0x388,0x61,write8
26705255375,0x389,0xe6,write8
26705307125,0x388,0x81,write8
26705405125,0x389,0x97,write8
26705456875,0x388,0xe1,write8
26705554875,0x389,0x02,write8
26705607000,0x388,0x24,write8
26705705000,0x389,0x22,write8
26705756750,0x388,0x44,write8
26705854750,0x389,0x08,write8
26705906500,0x388,0x64,write8
26706004625,0x389,0xf6,write8
26706056250,0x388,0x84,write8
26706154375,0x389,0xf7,write8
26706206000,0x388,0xe4,write8
26706304000,0x389,0x00,write8
26706360375,0x388,0xa1,write8
26706458375,0x389,0x00,write8
26706510000,0x388,0xb1,write8
26706608000,0x389,0x2b,write8
26706666625,0x388,0xb2,write8
26706764625,0x389,0x0a,write8
26706817250,0x388,0xc2,write8
26706915250,0x389,0x0e,write8
26706967375,0x388,0x22,write8
26707065500,0x389,0xe6,write8
26707117250,0x388,0x42,write8
26707215250,0x389,0xe7,write8
26707267000,0x388,0x62,write8
26707365000,0x389,0x80,write8
26707416625,0x388,0x82,write8
26707514625,0x389,0x01,write8
26707566375,0x388,0xe2,write8
26707664375,0x389,0x00,write8
26707716625,0x388,0x25,write8
26707814625,0x389,0xe4,write8
26707866250,0x388,0x45,write8
26707964250,0x389,0x8d,write8
26708016125,0x388,0x65,write8
26708114125,0x389,0xf5,write8
26708165875,0x388,0x85,write8
26708263875,0x389,0x07,write8
26708315625,0x388,0xe5,write8
26708413625,0x389,0x00,write8
26708469875,0x388,0xa2,write8
26708567875,0x389,0x3f,write8
26708619500,0x388,0xb2,write8
26708717500,0x389,0x2a,write8
26708776625,0x388,0xb3,write8
26708874625,0x389,0x0b,write8
26708927375,0x388,0xc3,write8
26709025500,0x389,0x0e,write8
26709077625,0x388,0x28,write8
26709175625,0x389,0xe6,write8
26709227250,0x388,0x48,write8
26709325000,0x389,0xe7,write8
26709376500,0x388,0x68,write8
26709474125,0x389,0x80,write8
26709525625,0x388,0x88,write8
26709623375,0x389,0x01,write8
26709675000,0x388,0xe8,write8
26709772625,0x389,0x00,write8
26709824625,0x388,0x2b,write8
26709922250,0x389,0xe4,write8
26709973750,0x388,0x4b,write8
26710071500,0x389,0x8d,write8
26710123000,0x388,0x6b,write8
26710220625,0x389,0xf5,write8
26710272125,0x388,0x8b,write8
26710369750,0x389,0x07,write8
26710421250,0x388,0xeb,write8
26710518875,0x389,0x00,write8
26710575000,0x388,0xa3,write8
26710672625,0x389,0x00,write8
26710724000,0x388,0xb3,write8
26710821875,0x389,0x2b,write8
26710881375,0x388,0xb4,write8
26710979500,0x389,0x07,write8
26711032375,0x388,0xc4,write8
26711130375,0x389,0x0e,write8
26711182500,0x388,0x29,write8
26711280500,0x389,0xe6,write8
26711332125,0x388,0x49,write8
26711430250,0x389,0xe7,write8
26711481875,0x388,0x69,write8
26711579875,0x389,0x80,write8
26711631625,0x388,0x89,write8
26711729625,0x389,0x01,write8
26711781375,0x388,0xe9,write8
26711879375,0x389,0x00,write8
26711931500,0x388,0x2c,write8
26712029625,0x389,0xe4,write8
26712081375,0x388,0x4c,write8
26712179375,0x389,0x8d,write8
26712231125,0x388,0x6c,write8
26712329125,0x389,0xf5,write8
26712380750,0x388,0x8c,write8
26712478875,0x389,0x07,write8
26712530500,0x388,0xec,write8
26712628500,0x389,0x00,write8
26712684875,0x388,0xa4,write8
26712782875,0x389,0xc7,write8
26712834500,0x388,0xb4,write8
26712932500,0x389,0x2b,write8
26712992500,0x388,0xb5,write8
26713090750,0x389,0x0a,write8
26713143375,0x388,0xc5,write8
26713241500,0x389,0x08,write8
26713293500,0x388,0x2a,write8
26713391500,0x389,0x20,write8
26713443250,0x388,0x4a,write8
26713541250,0x389,0x24,write8
26713593000,0x388,0x6a,write8
26713691000,0x389,0x62,write8
26713742625,0x388,0x8a,write8
26713840625,0x389,0x75,write8
26713892375,0x388,0xea,write8
26713990375,0x389,0x01,write8
26714042750,0x388,0x2d,write8
26714140750,0x389,0x22,write8
26714192375,0x388,0x4d,write8
26714290500,0x389,0x02,write8
26714342125,0x388,0x6d,write8
26714440125,0x389,0xa8,write8
26714491875,0x388,0x8d,write8
26714589875,0x389,0xf5,write8
26714641625,0x388,0xed,write8
26714739625,0x389,0x00,write8
26714795875,0x388,0xa5,write8
26714894000,0x389,0x85,write8
26714945500,0x388,0xb5,write8
26715043625,0x389,0x2a,write8
26715104125,0x388,0xb6,write8
26715202250,0x389,0x0e,write8
26715255000,0x388,0xc6,write8
26715353000,0x389,0x00,write8
26715405125,0x388,0x30,write8
26715503125,0x389,0x00,write8
26715554750,0x388,0x50,write8
26715652750,0x389,0x0c,write8
26715704500,0x388,0x70,write8
26715802500,0x389,0xc8,write8
26715854250,0x388,0x90,write8
26715952250,0x389,0x4c,write8
26716004000,0x388,0xf0,write8
26716102125,0x389,0x00,write8
26716154250,0x388,0x33,write8
26716252250,0x389,0x20,write8
26716304000,0x388,0x53,write8
26716402000,0x389,0x00,write8
26716453750,0x388,0x73,write8
26716551750,0x389,0xd6,write8
26716603375,0x388,0x93,write8
26716701375,0x389,0xff,write8
26716753125,0x388,0xf3,write8
26716851125,0x389,0x00,write8
26716906875,0x388,0xa6,write8
26717005000,0x389,0x90,write8
26717056625,0x388,0xb6,write8
26717154625,0x389,0x27,write8
26721467000,0x388,0xb7,write8
26721565000,0x389,0x03,write8
26721617750,0x388,0xc7,write8
26721715750,0x389,0x0a,write8
26721767875,0x388,0x31,write8
26721865875,0x389,0x22,write8
26721917625,0x388,0x51,write8
26722015750,0x389,0x19,write8
26722067375,0x388,0x71,write8
26722165375,0x389,0xc6,write8
26722217125,0x388,0x91,write8
26722315125,0x389,0x77,write8
26722366875,0x388,0xf1,write8
26722464875,0x389,0x00,write8
26722517000,0x388,0x34,write8
26722615125,0x389,0x22,write8
26722666750,0x388,0x54,write8
26722764750,0x389,0x40,write8
26722816500,0x388,0x74,write8
26722914500,0x389,0xf4,write8
26722966250,0x388,0x94,write8
26723064375,0x389,0xf7,write8
26723116000,0x388,0xf4,write8
26723214000,0x389,0x00,write8
26723269125,0x388,0xa7,write8
26723367125,0x389,0x00,write8
26723418750,0x388,0xb7,write8
26723516750,0x389,0x23,write8
26755270375,0x388,0xb6,write8
26755368375,0x389,0x07,write8
26782737625,0x388,0xb1,write8
26782835625,0x389,0x0b,write8
26801749875,0x388,0xb0,write8
26801847875,0x389,0x0a,write8
26803867125,0x388,0xb3,write8
26803965250,0x389,0x0b,write8
26804022375,0x388,0xb2,write8
26804120375,0x389,0x0a,write8
26808093000,0x388,0xb4,write8
26808191125,0x389,0x0b,write8
26818655125,0x388,0xb5,write8
26818753125,0x389,0x0a,write8
26844010250,0x388,0xb7,write8
26844108250,0x389,0x03,write8
26871477750,0x388,0xb0,write8
26871575750,0x389,0x0a,write8
26871628500,0x388,0xc0,write8
26871726500,0x389,0x0a,write8
26871778625,0x388,0x20,write8
26871876625,0x389,0x22,write8
26871928250,0x388,0x40,write8
26872026375,0x389,0x19,write8
26872078125,0x388,0x60,write8
26872176125,0x389,0xc6,write8
26872227875,0x388,0x80,write8
26872325875,0x389,0x77,write8
26872377500,0x388,0xe0,write8
26872475500,0x389,0x00,write8
26872527750,0x388,0x23,write8
26872625750,0x389,0x22,write8
26872677500,0x388,0x43,write8
26872775500,0x389,0x40,write8
26872827250,0x388,0x63,write8
26872925250,0x389,0xf4,write8
26872976875,0x388,0x83,write8
26873075000,0x389,0xf7,write8
26873126750,0x388,0xe3,write8
26873224750,0x389,0x00,write8
26873279875,0x388,0xa0,write8
26873377875,0x389,0x5e,write8
26873429375,0x388,0xb0,write8
26873527500,0x389,0x23,write8
26875704000,0x388,0xb1,write8
26875802000,0x389,0x0b,write8
26875854750,0x388,0xc1,write8
26875952750,0x389,0x0a,write8
26876005000,0x388,0x21,write8
26876103000,0x389,0x28,write8
26876154625,0x388,0x41,write8
26876252625,0x389,0x2b,write8
26876304375,0x388,0x61,write8
26876402375,0x389,0xe6,write8
26876454125,0x388,0x81,write8
26876552125,0x389,0x97,write8
26876603750,0x388,0xe1,write8
26876701750,0x389,0x02,write8
26876754000,0x388,0x24,write8
26876852000,0x389,0x22,write8
26876903750,0x388,0x44,write8
26877001875,0x389,0x08,write8
26877053625,0x388,0x64,write8
26877151625,0x389,0xf6,write8
26877203250,0x388,0x84,write8
26877301250,0x389,0xf7,write8
26877353000,0x388,0xe4,write8
26877451000,0x389,0x00,write8
26877506750,0x388,0xa1,write8
26877604750,0x389,0x5e,write8
26877656375,0x388,0xb1,write8
26877754375,0x389,0x27,write8
26877812875,0x388,0xb2,write8
26877911000,0x389,0x0a,write8
26877963625,0x388,0xc2,write8
26878061750,0x389,0x00,write8
26878113875,0x388,0x22,write8
26878211875,0x389,0x00,write8
26878263625,0x388,0x42,write8
26878361625,0x389,0x0c,write8
26878413250,0x388,0x62,write8
26878511250,0x389,0xc8,write8
26878563000,0x388,0x82,write8
26878661000,0x389,0x4c,write8
26878712750,0x388,0xe2,write8
26878810750,0x389,0x00,write8
26878862875,0x388,0x25,write8
26878961000,0x389,0x20,write8
26879012750,0x388,0x45,write8
26879110750,0x389,0x00,write8
26879162500,0x388,0x65,write8
26879260500,0x389,0xd6,write8
26879312250,0x388,0x85,write8
26879410250,0x389,0xff,write8
26879461875,0x388,0xe5,write8
26879559875,0x389,0x00,write8
26879615625,0x388,0xa2,write8
26879713625,0x389,0x90,write8
26879765250,0x388,0xb2,write8
26879863250,0x389,0x27,write8
26920072375,0x388,0xb2,write8
26920170375,0x389,0x07,write8
26983456625,0x388,0xb0,write8
26983554625,0x389,0x03,write8
26985567125,0x388,0xb1,write8
26985665125,0x389,0x07,write8
27036276375,0x388,0xb0,write8
27036374375,0x389,0x03,write8
27036427125,0x388,0xc0,write8
27036525125,0x389,0x0a,write8
27036577250,0x388,0x20,write8
27036675250,0x389,0x22,write8
27036726875,0x388,0x40,write8
27036824875,0x389,0x19,write8
27036876625,0x388,0x60,write8
27036974625,0x389,0xc6,write8
27037026500,0x388,0x80,write8
27037124500,0x389,0x77,write8
27037176125,0x388,0xe0,write8
27037274125,0x389,0x00,write8
27037326375,0x388,0x23,write8
27037424375,0x389,0x22,write8
27037475875,0x388,0x43,write8
27037573500,0x389,0x40,write8
27037625000,0x388,0x63,write8
27037722625,0x389,0xf4,write8
27037774125,0x388,0x83,write8
27037872000,0x389,0xf7,write8
27037923500,0x388,0xe3,write8
27038021250,0x389,0x00,write8
27038076125,0x388,0xa0,write8
27038173750,0x389,0x5e,write8
27038225125,0x388,0xb0,write8
27038322750,0x389,0x23,write8
27042618250,0x388,0xb1,write8
27042716250,0x389,0x07,write8
27042768875,0x388,0xc1,write8
27042866875,0x389,0x0a,write8
27042919000,0x388,0x21,write8
27043017125,0x389,0x28,write8
27043068875,0x388,0x41,write8
27043166875,0x389,0x2b,write8
27043218625,0x388,0x61,write8
27043316625,0x389,0xe6,write8
27043368250,0x388,0x81,write8
27043466250,0x389,0x97,write8
27043518000,0x388,0xe1,write8
27043616000,0x389,0x02,write8
27043668250,0x388,0x24,write8
27043766250,0x389,0x22,write8
27043817875,0x388,0x44,write8
27043916000,0x389,0x08,write8
27043967625,0x388,0x64,write8
27044065750,0x389,0xf6,write8
27044117500,0x388,0x84,write8
27044215500,0x389,0xf7,write8
27044267250,0x388,0xe4,write8
27044365250,0x389,0x00,write8
27044421500,0x388,0xa1,write8
27044519625,0x389,0x5e,write8
27044571125,0x388,0xb1,write8
27044669125,0x389,0x2b,write8
27044727750,0x388,0xb2,write8
27044825750,0x389,0x07,write8
27044878500,0x388,0xc2,write8
27044976500,0x389,0x00,write8
27045028750,0x388,0x22,write8
27045126750,0x389,0x00,write8
27045178375,0x388,0x42,write8
27045276375,0x389,0x0c,write8
27045328125,0x388,0x62,write8
27045426125,0x389,0xc8,write8
27045477875,0x388,0x82,write8
27045575875,0x389,0x4c,write8
27045627500,0x388,0xe2,write8
27045725500,0x389,0x00,write8
27045777750,0x388,0x25,write8
27045875750,0x389,0x20,write8
27045927500,0x388,0x45,write8
27046025625,0x389,0x00,write8
27046077375,0x388,0x65,write8
27046175375,0x389,0xd6,write8
27046227000,0x388,0x85,write8
27046325000,0x389,0xff,write8
27046376750,0x388,0xe5,write8
27046474750,0x389,0x00,write8
27046530500,0x388,0xa2,write8
27046628500,0x389,0x90,write8
27046680000,0x388,0xb2,write8
27046778125,0x389,0x27,write8
27086986750,0x388,0xb2,write8
27087084875,0x389,0x07,write8
27131353000,0x388,0xb1,write8
27131451000,0x389,0x0b,write8
27211642500,0x388,0xb1,write8
27211740500,0x389,0x0b,write8
27211793125,0x388,0xc1,write8
27211891125,0x389,0x0a,write8
27211943250,0x388,0x21,write8
27212041375,0x389,0x28,write8
27212093125,0x388,0x41,write8
27212191125,0x389,0x2b,write8
27212242875,0x388,0x61,write8
27212340875,0x389,0xe6,write8
27212392500,0x388,0x81,write8
27212490500,0x389,0x97,write8
27212542250,0x388,0xe1,write8
27212640250,0x389,0x02,write8
27212692500,0x388,0x24,write8
27212790500,0x389,0x22,write8
27212842125,0x388,0x44,write8
27212940250,0x389,0x08,write8
27212991875,0x388,0x64,write8
27213090000,0x389,0xf6,write8
27213141750,0x388,0x84,write8
27213239750,0x389,0xf7,write8
27213291500,0x388,0xe4,write8
27213389500,0x389,0x00,write8
27213446375,0x388,0xa1,write8
27213544500,0x389,0x00,write8
27213596000,0x388,0xb1,write8
27213694000,0x389,0x2e,write8
27213752625,0x388,0xb2,write8
27213850625,0x389,0x07,write8
27213903375,0x388,0xc2,write8
27214001500,0x389,0x0e,write8
27214053625,0x388,0x22,write8
27214151625,0x389,0xe6,write8
27214203250,0x388,0x42,write8
27214301250,0x389,0xe7,write8
27214353000,0x388,0x62,write8
27214451000,0x389,0x80,write8
27214502750,0x388,0x82,write8
27214600750,0x389,0x01,write8
27214652375,0x388,0xe2,write8
27214750375,0x389,0x00,write8
27214802625,0x388,0x25,write8
27214900625,0x389,0xe4,write8
27214952375,0x388,0x45,write8
27215050500,0x389,0x8d,write8
27215102250,0x388,0x65,write8
27215200250,0x389,0xf5,write8
27215251875,0x388,0x85,write8
27215349875,0x389,0x07,write8
27215401625,0x388,0xe5,write8
27215499625,0x389,0x00,write8
27215556000,0x388,0xa2,write8
27215654000,0x389,0x85,write8
27215705625,0x388,0xb2,write8
27215803625,0x389,0x2a,write8
27215862625,0x388,0xb3,write8
27215960750,0x389,0x0b,write8
27216013500,0x388,0xc3,write8
27216111500,0x389,0x0e,write8
27216163625,0x388,0x28,write8
27216261625,0x389,0xe6,write8
27216313375,0x388,0x48,write8
27216411375,0x389,0xe7,write8
27216463000,0x388,0x68,write8
27216561000,0x389,0x80,write8
27216612750,0x388,0x88,write8
27216710750,0x389,0x01,write8
27216762500,0x388,0xe8,write8
27216860500,0x389,0x00,write8
27216912750,0x388,0x2b,write8
27217010875,0x389,0xe4,write8
27217062500,0x388,0x4b,write8
27217160500,0x389,0x8d,write8
27217212250,0x388,0x6b,write8
27217310250,0x389,0xf5,write8
27217362000,0x388,0x8b,write8
27217460000,0x389,0x07,write8
27217511625,0x388,0xeb,write8
27217609625,0x389,0x00,write8
27217666000,0x388,0xa3,write8
27217764000,0x389,0x5e,write8
27217815625,0x388,0xb3,write8
27217913625,0x389,0x2b,write8
27217973250,0x388,0xb4,write8
27218071375,0x389,0x0b,write8
27218124125,0x388,0xc4,write8
27218222125,0x389,0x0e,write8
27218274125,0x388,0x29,write8
27218372125,0x389,0xe6,write8
27218423875,0x388,0x49,write8
27218521875,0x389,0xe7,write8
27218573625,0x388,0x69,write8
27218671625,0x389,0x80,write8
27218723250,0x388,0x89,write8
27218821375,0x389,0x01,write8
27218873000,0x388,0xe9,write8
27218971000,0x389,0x00,write8
27219023375,0x388,0x2c,write8
27219121375,0x389,0xe4,write8
27219173125,0x388,0x4c,write8
27219271125,0x389,0x8d,write8
27219322750,0x388,0x6c,write8
27219420750,0x389,0xf5,write8
27219472500,0x388,0x8c,write8
27219570500,0x389,0x07,write8
27219622250,0x388,0xec,write8
27219720250,0x389,0x00,write8
27219777250,0x388,0xa4,write8
27219875250,0x389,0x00,write8
27219926750,0x388,0xb4,write8
27220024875,0x389,0x2e,write8
27220085000,0x388,0xb5,write8
27220183000,0x389,0x0a,write8
27220235750,0x388,0xc5,write8
27220333750,0x389,0x08,write8
27220385875,0x388,0x2a,write8
27220483875,0x389,0x20,write8
27220535625,0x388,0x4a,write8
27220633625,0x389,0x24,write8
27220685250,0x388,0x6a,write8
27220783250,0x389,0x62,write8
27220835000,0x388,0x8a,write8
27220933000,0x389,0x75,write8
27220984750,0x388,0xea,write8
27221082875,0x389,0x01,write8
27221135000,0x388,0x2d,write8
27221233000,0x389,0x22,write8
27221284750,0x388,0x4d,write8
27221382750,0x389,0x02,write8
27221434500,0x388,0x6d,write8
27221532500,0x389,0xa8,write8
27221584250,0x388,0x8d,write8
27221682250,0x389,0xf5,write8
27221733875,0x388,0xed,write8
27221831875,0x389,0x00,write8
27221888250,0x388,0xa5,write8
27221986250,0x389,0x85,write8
27222038000,0x388,0xb5,write8
27222136000,0x389,0x2a,write8
27230655875,0x388,0xb0,write8
27230753875,0x389,0x03,write8
27249677000,0x388,0xb5,write8
27249775000,0x389,0x0a,write8
27285591500,0x388,0xb3,write8
27285689500,0x389,0x0b,write8
27291933125,0x388,0xb4,write8
27292031250,0x389,0x0e,write8
27294042125,0x388,0xb2,write8
27294140125,0x389,0x0a,write8
27298267250,0x388,0xb1,write8
27298365250,0x389,0x0e,write8
27384897500,0x388,0xb0,write8
27384995500,0x389,0x03,write8
27385048375,0x388,0xc0,write8
27385146375,0x389,0x0e,write8
27385198375,0x388,0x20,write8
27385296375,0x389,0xe6,write8
27385348125,0x388,0x40,write8
27385446125,0x389,0xe7,write8
27385497875,0x388,0x60,write8
27385595875,0x389,0x80,write8
27385647500,0x388,0x80,write8
27385745625,0x389,0x01,write8
27385797250,0x388,0xe0,write8
27385895250,0x389,0x00,write8
27385947500,0x388,0x23,write8
27386045625,0x389,0xe4,write8
27386097375,0x388,0x43,write8
27386195375,0x389,0x8d,write8
27386247000,0x388,0x63,write8
27386345000,0x389,0xf5,write8
27386396750,0x388,0x83,write8
27386494750,0x389,0x07,write8
27386546500,0x388,0xe3,write8
27386644500,0x389,0x00,write8
27386700875,0x388,0xa0,write8
27386798875,0x389,0x85,write8
27386850375,0x388,0xb0,write8
27386948375,0x389,0x2a,write8
27387006625,0x388,0xb1,write8
27387104625,0x389,0x0e,write8
27387157375,0x388,0xc1,write8
27387255375,0x389,0x0e,write8
27387307500,0x388,0x21,write8
27387405500,0x389,0xe6,write8
27387457125,0x388,0x41,write8
27387555125,0x389,0xe7,write8
27387606875,0x388,0x61,write8
27387704875,0x389,0x80,write8
27387756625,0x388,0x81,write8
27387854625,0x389,0x01,write8
27387906250,0x388,0xe1,write8
27388004500,0x389,0x00,write8
27388056625,0x388,0x24,write8
27388154625,0x389,0xe4,write8
27388206375,0x388,0x44,write8
27388304375,0x389,0x8d,write8
27388356125,0x388,0x64,write8
27388454125,0x389,0xf5,write8
27388505750,0x388,0x84,write8
27388603750,0x389,0x07,write8
27388655500,0x388,0xe4,write8
27388753500,0x389,0x00,write8
27388809875,0x388,0xa1,write8
27388907875,0x389,0x5e,write8
27388959500,0x388,0xb1,write8
27389057625,0x389,0x2b,write8
27389116250,0x388,0xb2,write8
27389214250,0x389,0x0a,write8
27389266875,0x388,0xc2,write8
27389364875,0x389,0x0e,write8
27389417000,0x388,0x22,write8
27389515000,0x389,0xe6,write8
27389566750,0x388,0x42,write8
27389664750,0x389,0xe7,write8
27389716375,0x388,0x62,write8
27389814500,0x389,0x80,write8
27389866125,0x388,0x82,write8
27389964125,0x389,0x01,write8
27390016000,0x388,0xe2,write8
27390114000,0x389,0x00,write8
27390166250,0x388,0x25,write8
27390264250,0x389,0xe4,write8
27390315875,0x388,0x45,write8
27390413875,0x389,0x8d,write8
27390465625,0x388,0x65,write8
27390563625,0x389,0xf5,write8
27390615375,0x388,0x85,write8
27390713375,0x389,0x07,write8
27390765000,0x388,0xe5,write8
27390863125,0x389,0x00,write8
27390920000,0x388,0xa2,write8
27391018125,0x389,0x00,write8
27391069750,0x388,0xb2,write8
27391167750,0x389,0x2e,write8
27391226875,0x388,0xb3,write8
27391324875,0x389,0x0b,write8
27391377625,0x388,0xc3,write8
27391475625,0x389,0x0a,write8
27391527625,0x388,0x28,write8
27391625750,0x389,0x28,write8
27391677375,0x388,0x48,write8
27391775375,0x389,0x2b,write8
27391827125,0x388,0x68,write8
27391925125,0x389,0xe6,write8
27391976875,0x388,0x88,write8
27392075000,0x389,0x97,write8
27392126625,0x388,0xe8,write8
27392224625,0x389,0x02,write8
27392276875,0x388,0x2b,write8
27392374875,0x389,0x22,write8
27392426625,0x388,0x4b,write8
27392524625,0x389,0x08,write8
27392576250,0x388,0x6b,write8
27392674375,0x389,0xf6,write8
27392726000,0x388,0x8b,write8
27392824000,0x389,0xf7,write8
27392875750,0x388,0xeb,write8
27392973750,0x389,0x00,write8
27393030250,0x388,0xa3,write8
27393128250,0x389,0x85,write8
27393179750,0x388,0xb3,write8
27393277875,0x389,0x2a,write8
27393337375,0x388,0xb4,write8
27393435375,0x389,0x0e,write8
27393488125,0x388,0xc4,write8
27393586125,0x389,0x0a,write8
27393638250,0x388,0x29,write8
27393736250,0x389,0x28,write8
27393788000,0x388,0x49,write8
27393886000,0x389,0x2b,write8
27393937625,0x388,0x69,write8
27394035750,0x389,0xe6,write8
27394087500,0x388,0x89,write8
27394185250,0x389,0x97,write8
27394236750,0x388,0xe9,write8
27394334375,0x389,0x02,write8
27394386375,0x388,0x2c,write8
27394484125,0x389,0x22,write8
27394535625,0x388,0x4c,write8
27394633375,0x389,0x08,write8
27394684875,0x388,0x6c,write8
27394782500,0x389,0xf6,write8
27394834000,0x388,0x8c,write8
27394931625,0x389,0xf7,write8
27394983125,0x388,0xec,write8
27395080875,0x389,0x00,write8
27395137000,0x388,0xa4,write8
27395234625,0x389,0x5e,write8
27395286000,0x388,0xb4,write8
27395383625,0x389,0x2b,write8
27395443375,0x388,0xb5,write8
27395541125,0x389,0x0a,write8
27395593625,0x388,0xc5,write8
27395691500,0x389,0x08,write8
27395743625,0x388,0x2a,write8
27395841625,0x389,0x20,write8
27395893375,0x388,0x4a,write8
27395991375,0x389,0x24,write8
27396043250,0x388,0x6a,write8
27396141250,0x389,0x62,write8
27396192875,0x388,0x8a,write8
27396290875,0x389,0x75,write8
27396342625,0x388,0xea,write8
27396440625,0x389,0x01,write8
27396492875,0x388,0x2d,write8
27396590875,0x389,0x22,write8
27396642500,0x388,0x4d,write8
27396740625,0x389,0x02,write8
27396792250,0x388,0x6d,write8
27396890250,0x389,0xa8,write8
27396942000,0x388,0x8d,write8
27397040125,0x389,0xf5,write8
27397091875,0x388,0xed,write8
27397189875,0x389,0x00,write8
27397246125,0x388,0xa5,write8
27397344125,0x389,0x85,write8
27397395750,0x388,0xb5,write8
27397493750,0x389,0x2a,write8
27397554250,0x388,0xb6,write8
27397652375,0x389,0x07,write8
27397705125,0x388,0xc6,write8
27397803125,0x389,0x00,write8
27397855250,0x388,0x30,write8
27397953250,0x389,0x20,write8
27398005000,0x388,0x50,write8
27398103000,0x389,0x00,write8
27398154750,0x388,0x70,write8
27398252750,0x389,0xfa,write8
27398304500,0x388,0x90,write8
27398402500,0x389,0x6a,write8
27398454125,0x388,0xf0,write8
27398552250,0x389,0x00,write8
27398604375,0x388,0x33,write8
27398702375,0x389,0x26,write8
27398754125,0x388,0x53,write8
27398852125,0x389,0x07,write8
27398903875,0x388,0x73,write8
27399002000,0x389,0xaa,write8
27399053625,0x388,0x93,write8
27399151625,0x389,0xfa,write8
27399203375,0x388,0xf3,write8
27399301375,0x389,0x00,write8
27399358375,0x388,0xa6,write8
27399456375,0x389,0x85,write8
27399508000,0x388,0xb6,write8
27399606000,0x389,0x2e,write8
27437719625,0x388,0xb6,write8
27437817250,0x389,0x0e,write8
27490535375,0x388,0xb1,write8
27490633375,0x389,0x0b,write8
27492653625,0x388,0xb5,write8
27492751625,0x389,0x0a,write8
27494761500,0x388,0xb2,write8
27494859125,0x389,0x0e,write8
27501102000,0x388,0xb0,write8
27501200000,0x389,0x0a,write8
27507439375,0x388,0xb3,write8
27507537375,0x389,0x0a,write8
27507595500,0x388,0xb4,write8
27507693500,0x389,0x0b,write8
27562373125,0x388,0xb0,write8
27562471125,0x389,0x0a,write8
27562523875,0x388,0xc0,write8
27562621875,0x389,0x0e,write8
27562673875,0x388,0x20,write8
27562771875,0x389,0x21,write8
27562823625,0x388,0x40,write8
27562921625,0x389,0xcd,write8
27562973375,0x388,0x60,write8
27563071500,0x389,0x98,write8
27563123125,0x388,0x80,write8
27563221125,0x389,0x3f,write8
27563272875,0x388,0xe0,write8
27563370875,0x389,0x00,write8
27563423125,0x388,0x23,write8
27563521125,0x389,0x21,write8
27563572875,0x388,0x43,write8
27563670875,0x389,0x02,write8
27563722500,0x388,0x63,write8
27563820500,0x389,0x65,write8
27563872250,0x388,0x83,write8
27563970250,0x389,0x2a,write8
27564022125,0x388,0xe3,write8
27564120125,0x389,0x00,write8
27564177750,0x388,0xa0,write8
27564275750,0x389,0x5e,write8
27564327250,0x388,0xb0,write8
27564425250,0x389,0x33,write8
27564483375,0x388,0xb1,write8
27564581375,0x389,0x0b,write8
27564634125,0x388,0xc1,write8
27564732125,0x389,0x0a,write8
27564784250,0x388,0x21,write8
27564882250,0x389,0x28,write8
27564933875,0x388,0x41,write8
27565032000,0x389,0x2b,write8
27565083750,0x388,0x61,write8
27565181750,0x389,0xe6,write8
27565233500,0x388,0x81,write8
27565331500,0x389,0x97,write8
27565383000,0x388,0xe1,write8
27565480625,0x389,0x02,write8
27565532625,0x388,0x24,write8
27565630250,0x389,0x22,write8
27565681750,0x388,0x44,write8
27565779625,0x389,0x08,write8
27565831125,0x388,0x64,write8
27565928750,0x389,0xf6,write8
27565980250,0x388,0x84,write8
27566078000,0x389,0xf7,write8
27566129500,0x388,0xe4,write8
27566227125,0x389,0x00,write8
27566283875,0x388,0xa1,write8
27566381500,0x389,0x85,write8
27566432875,0x388,0xb1,write8
27566530500,0x389,0x2e,write8
27566588875,0x388,0xb2,write8
27566686500,0x389,0x0e,write8
27566739000,0x388,0xc2,write8
27566836625,0x389,0x0a,write8
27566888750,0x388,0x22,write8
27566986750,0x389,0x2a,write8
27567038625,0x388,0x42,write8
27567136625,0x389,0x28,write8
27567188250,0x388,0x62,write8
27567286250,0x389,0xe6,write8
27567338000,0x388,0x82,write8
27567436000,0x389,0xd7,write8
27567487750,0x388,0xe2,write8
27567585750,0x389,0x00,write8
27567637875,0x388,0x25,write8
27567736000,0x389,0x22,write8
27567787625,0x388,0x45,write8
27567885625,0x389,0x06,write8
27567937375,0x388,0x65,write8
27568035500,0x389,0xf6,write8
27568087250,0x388,0x85,write8
27568185250,0x389,0xf7,write8
27568236875,0x388,0xe5,write8
27568334875,0x389,0x00,write8
27568391875,0x388,0xa2,write8
27568489875,0x389,0x5e,write8
27568541500,0x388,0xb2,write8
27568639500,0x389,0x2f,write8
27568698500,0x388,0xb3,write8
27568796625,0x389,0x0a,write8
27568849375,0x388,0xc3,write8
27568947375,0x389,0x08,write8
27568999375,0x388,0x28,write8
27569097500,0x389,0x20,write8
27569149250,0x388,0x48,write8
27569247250,0x389,0x24,write8
27569299000,0x388,0x68,write8
27569397000,0x389,0x62,write8
27569448625,0x388,0x88,write8
27569546750,0x389,0x75,write8
27569598375,0x388,0xe8,write8
27569696375,0x389,0x01,write8
27569748625,0x388,0x2b,write8
27569846625,0x389,0x22,write8
27569898375,0x388,0x4b,write8
27569996375,0x389,0x02,write8
27570048125,0x388,0x6b,write8
27570146125,0x389,0xa8,write8
27570197875,0x388,0x8b,write8
27570295875,0x389,0xf5,write8
27570347625,0x388,0xeb,write8
27570445625,0x389,0x00,write8
27570502000,0x388,0xa3,write8
27570600000,0x389,0x85,write8
27570651500,0x388,0xb3,write8
27570749500,0x389,0x2a,write8
27644776375,0x388,0xb3,write8
27644874375,0x389,0x0a,write8
27676465125,0x388,0xb1,write8
27676563125,0x389,0x0e,write8
27718722375,0x388,0xb2,write8
27718820375,0x389,0x0f,write8
27729332875,0x388,0xb1,write8
27729430875,0x389,0x0e,write8
27729483625,0x388,0xc1,write8
27729581625,0x389,0x0a,write8
27729633625,0x388,0x21,write8
27729731625,0x389,0x28,write8
27729783375,0x388,0x41,write8
27729881375,0x389,0x2b,write8
27729933125,0x388,0x61,write8
27730031250,0x389,0xe6,write8
27730082875,0x388,0x81,write8
27730180875,0x389,0x97,write8
27730232625,0x388,0xe1,write8
27730330625,0x389,0x02,write8
27730382875,0x388,0x24,write8
27730480875,0x389,0x22,write8
27730532625,0x388,0x44,write8
27730630625,0x389,0x08,write8
27730682250,0x388,0x64,write8
27730780250,0x389,0xf6,write8
27730832000,0x388,0x84,write8
27730930000,0x389,0xf7,write8
27730981750,0x388,0xe4,write8
27731079875,0x389,0x00,write8
27731136875,0x388,0xa1,write8
27731234875,0x389,0x00,write8
27731286375,0x388,0xb1,write8
27731384375,0x389,0x2e,write8
27731443000,0x388,0xb2,write8
27731541000,0x389,0x0f,write8
27731593750,0x388,0xc2,write8
27731691750,0x389,0x08,write8
27731743875,0x388,0x22,write8
27731841875,0x389,0x20,write8
27731893500,0x388,0x42,write8
27731991500,0x389,0x24,write8
27732043375,0x388,0x62,write8
27732141375,0x389,0x62,write8
27732193125,0x388,0x82,write8
27732291125,0x389,0x75,write8
27732342875,0x388,0xe2,write8
27732440875,0x389,0x01,write8
27732493000,0x388,0x25,write8
27732591000,0x389,0x22,write8
27732642750,0x388,0x45,write8
27732740750,0x389,0x02,write8
27732792500,0x388,0x65,write8
27732890500,0x389,0xa8,write8
27732942125,0x388,0x85,write8
27733040250,0x389,0xf5,write8
27733092000,0x388,0xe5,write8
27733190000,0x389,0x00,write8
27733246375,0x388,0xa2,write8
27733344375,0x389,0x5e,write8
27733396000,0x388,0xb2,write8
27733494000,0x389,0x2b,write8
27799054625,0x388,0xb0,write8
27799152625,0x389,0x13,write8
27807463875,0x388,0xb1,write8
27807561875,0x389,0x0e,write8
27841269750,0x388,0xb2,write8
27841367750,0x389,0x0b,write8
27898314250,0x388,0xb0,write8
27898412375,0x389,0x13,write8
27898465000,0x388,0xc0,write8
27898563000,0x389,0x0a,write8
27898615125,0x388,0x20,write8
27898713125,0x389,0x28,write8
27898764875,0x388,0x40,write8
27898862875,0x389,0x2b,write8
27898914500,0x388,0x60,write8
27899012625,0x389,0xe6,write8
27899064375,0x388,0x80,write8
27899162375,0x389,0x97,write8
27899214125,0x388,0xe0,write8
27899312125,0x389,0x02,write8
27899364375,0x388,0x23,write8
27899462375,0x389,0x22,write8
27899514000,0x388,0x43,write8
27899612000,0x389,0x08,write8
27899663750,0x388,0x63,write8
27899761750,0x389,0xf6,write8
27899813500,0x388,0x83,write8
27899911500,0x389,0xf7,write8
27899963125,0x388,0xe3,write8
27900061250,0x389,0x00,write8
27900117625,0x388,0xa0,write8
27900215625,0x389,0x5e,write8
27900267250,0x388,0xb0,write8
27900365250,0x389,0x2b,write8
27900423375,0x388,0xb1,write8
27900521375,0x389,0x0e,write8
27900574125,0x388,0xc1,write8
27900672125,0x389,0x0a,write8
27900724125,0x388,0x21,write8
27900822125,0x389,0x2a,write8
27900873875,0x388,0x41,write8
27900971875,0x389,0x28,write8
27901023750,0x388,0x61,write8
27901121750,0x389,0xe6,write8
27901173375,0x388,0x81,write8
27901271500,0x389,0xd7,write8
27901323125,0x388,0xe1,write8
27901421125,0x389,0x00,write8
27901473375,0x388,0x24,write8
27901571375,0x389,0x22,write8
27901623125,0x388,0x44,write8
27901721125,0x389,0x06,write8
27901772750,0x388,0x64,write8
27901870750,0x389,0xf6,write8
27901922500,0x388,0x84,write8
27902020625,0x389,0xf7,write8
27902072375,0x388,0xe4,write8
27902170375,0x389,0x00,write8
27902227375,0x388,0xa1,write8
27902325375,0x389,0x5e,write8
27902376875,0x388,0xb1,write8
27902474875,0x389,0x2f,write8
27902533500,0x388,0xb2,write8
27902631500,0x389,0x0b,write8
27902684250,0x388,0xc2,write8
27902782250,0x389,0x0e,write8
27902834375,0x388,0x22,write8
27902932375,0x389,0xe6,write8
27902984000,0x388,0x42,write8
27903082250,0x389,0xe7,write8
27903133875,0x388,0x62,write8
27903231875,0x389,0x80,write8
27903283625,0x388,0x82,write8
27903381625,0x389,0x01,write8
27903433375,0x388,0xe2,write8
27903531375,0x389,0x00,write8
27903583500,0x388,0x25,write8
27903681500,0x389,0xe4,write8
27903733250,0x388,0x45,write8
27903831250,0x389,0x8d,write8
27903883000,0x388,0x65,write8
27903981000,0x389,0xf5,write8
27904032750,0x388,0x85,write8
27904130875,0x389,0x07,write8
27904182500,0x388,0xe5,write8
27904280500,0x389,0x00,write8
27904336875,0x388,0xa2,write8
27904434875,0x389,0x85,write8
27904486500,0x388,0xb2,write8
27904584500,0x389,0x2a,write8
27904643625,0x388,0xb3,write8
27904741625,0x389,0x0a,write8
27904794250,0x388,0xc3,write8
27904892250,0x389,0x0e,write8
27904944375,0x388,0x28,write8
27905042500,0x389,0xe6,write8
27905094250,0x388,0x48,write8
27905192250,0x389,0xe7,write8
27905244000,0x388,0x68,write8
27905342000,0x389,0x80,write8
27905393625,0x388,0x88,write8
27905491625,0x389,0x01,write8
27905543375,0x388,0xe8,write8
27905641375,0x389,0x00,write8
27905693625,0x388,0x2b,write8
27905791625,0x389,0xe4,write8
27905843250,0x388,0x4b,write8
27905941250,0x389,0x8d,write8
27905993000,0x388,0x6b,write8
27906091125,0x389,0xf5,write8
27906142875,0x388,0x8b,write8
27906240875,0x389,0x07,write8
27906292625,0x388,0xeb,write8
27906390625,0x389,0x00,write8
27906446875,0x388,0xa3,write8
27906544875,0x389,0x5e,write8
27906596500,0x388,0xb3,write8
27906694500,0x389,0x2b,write8
27906754125,0x388,0xb4,write8
27906852125,0x389,0x0b,write8
27906904875,0x388,0xc4,write8
27907003000,0x389,0x0e,write8
27907055125,0x388,0x29,write8
27907153125,0x389,0xe6,write8
27907204750,0x388,0x49,write8
27907302750,0x389,0xe7,write8
27907354500,0x388,0x69,write8
27907452500,0x389,0x80,write8
27907504250,0x388,0x89,write8
27907602250,0x389,0x01,write8
27907653875,0x388,0xe9,write8
27907752000,0x389,0x00,write8
27907804000,0x388,0x2c,write8
27907901625,0x389,0xe4,write8
27907953125,0x388,0x4c,write8
27908050875,0x389,0x8d,write8
27908102375,0x388,0x6c,write8
27908200250,0x389,0xf5,write8
27908251750,0x388,0x8c,write8
27908349375,0x389,0x07,write8
27908400875,0x388,0xec,write8
27908498500,0x389,0x00,write8
27908555250,0x388,0xa4,write8
27908652875,0x389,0x00,write8
27908704250,0x388,0xb4,write8
27908801875,0x389,0x2e,write8
27908861625,0x388,0xb5,write8
27908959375,0x389,0x0a,write8
27909012000,0x388,0xc5,write8
27909109625,0x389,0x08,write8
27909161500,0x388,0x2a,write8
27909259125,0x389,0x20,write8
27909310875,0x388,0x4a,write8
27909408875,0x389,0x24,write8
27909460500,0x388,0x6a,write8
27909558500,0x389,0x62,write8
27909610250,0x388,0x8a,write8
27909708250,0x389,0x75,write8
27909760000,0x388,0xea,write8
27909858000,0x389,0x01,write8
27909910125,0x388,0x2d,write8
27910008250,0x389,0x22,write8
27910060000,0x388,0x4d,write8
27910158000,0x389,0x02,write8
27910209750,0x388,0x6d,write8
27910307750,0x389,0xa8,write8
27910359500,0x388,0x8d,write8
27910457500,0x389,0xf5,write8
27910509125,0x388,0xed,write8
27910607125,0x389,0x00,write8
27910663500,0x388,0xa5,write8
27910761500,0x389,0x5e,write8
27910813125,0x388,0xb5,write8
27910911125,0x389,0x2b,write8
27911026500,0x388,0xb6,write8
27911124500,0x389,0x0e,write8
27911177125,0x388,0xc6,write8
27911275125,0x389,0x0e,write8
27911327250,0x388,0x30,write8
27911425250,0x389,0x21,write8
27911477000,0x388,0x50,write8
27911575000,0x389,0xcd,write8
27911626625,0x388,0x70,write8
27911724625,0x389,0x98,write8
27911776375,0x388,0x90,write8
27911874375,0x389,0x3f,write8
27911926125,0x388,0xf0,write8
27912024250,0x389,0x00,write8
27912076500,0x388,0x33,write8
27912174500,0x389,0x21,write8
27912226125,0x388,0x53,write8
27912324125,0x389,0x02,write8
27912375875,0x388,0x73,write8
27912473875,0x389,0x65,write8
27912525625,0x388,0x93,write8
27912623625,0x389,0x2a,write8
27912675250,0x388,0xf3,write8
27912773250,0x389,0x00,write8
27912830875,0x388,0xa6,write8
27912928875,0x389,0x5e,write8
27912980500,0x388,0xb6,write8
27913078625,0x389,0x33,write8
27972263000,0x388,0xb2,write8
27972361000,0x389,0x0a,write8
27974379250,0x388,0xb3,write8
27974477250,0x389,0x0b,write8
27989166625,0x388,0xb4,write8
27989264750,0x389,0x0e,write8
28020860000,0x388,0xb0,write8
28020958000,0x389,0x0b,write8
28021017000,0x388,0xb5,write8
28021115000,0x389,0x0b,write8
28022970500,0x388,0xb1,write8
28023068250,0x389,0x0f,write8
28067345500,0x388,0xb6,write8
28067443500,0x389,0x13,write8
28075795500,0x388,0xb0,write8
28075893500,0x389,0x0b,write8
28075946125,0x388,0xc0,write8
28076044250,0x389,0x0e,write8
28076096375,0x388,0x20,write8
28076194375,0x389,0x21,write8
28076246125,0x388,0x40,write8
28076344125,0x389,0xcd,write8
28076395750,0x388,0x60,write8
28076493875,0x389,0x98,write8
28076545500,0x388,0x80,write8
28076643500,0x389,0x3f,write8
28076695250,0x388,0xe0,write8
28076793250,0x389,0x00,write8
28076845500,0x388,0x23,write8
28076943500,0x389,0x21,write8
28076995125,0x388,0x43,write8
28077093250,0x389,0x02,write8
28077145000,0x388,0x63,write8
28077243000,0x389,0x65,write8
28077294750,0x388,0x83,write8
28077392750,0x389,0x2a,write8
28077444375,0x388,0xe3,write8
28077542500,0x389,0x00,write8
28077600625,0x388,0xa0,write8
28077698625,0x389,0x00,write8
28077750250,0x388,0xb0,write8
28077848250,0x389,0x36,write8
28077906375,0x388,0xb1,write8
28078004500,0x389,0x0f,write8
28078057250,0x388,0xc1,write8
28078155250,0x389,0x0e,write8
28078207250,0x388,0x21,write8
28078305375,0x389,0xe6,write8
28078357000,0x388,0x41,write8
28078455000,0x389,0xe7,write8
28078506750,0x388,0x61,write8
28078604750,0x389,0x80,write8
28078656500,0x388,0x81,write8
28078754500,0x389,0x01,write8
28078806125,0x388,0xe1,write8
28078904125,0x389,0x00,write8
28078956375,0x388,0x24,write8
28079054250,0x389,0xe4,write8
28079105750,0x388,0x44,write8
28079203375,0x389,0x8d,write8
28079254875,0x388,0x64,write8
28079352625,0x389,0xf5,write8
28079404125,0x388,0x84,write8
28079501875,0x389,0x07,write8
28079553375,0x388,0xe4,write8
28079651000,0x389,0x00,write8
28079707125,0x388,0xa1,write8
28079804750,0x389,0x85,write8
28079856125,0x388,0xb1,write8
28079953750,0x389,0x2a,write8
28080012250,0x388,0xb2,write8
28080109875,0x389,0x0a,write8
28080162375,0x388,0xc2,write8
28080260000,0x389,0x0e,write8
28080311875,0x388,0x22,write8
28080409500,0x389,0xe6,write8
28080461000,0x388,0x42,write8
28080558875,0x389,0xe7,write8
28080610625,0x388,0x62,write8
28080708625,0x389,0x80,write8
28080760375,0x388,0x82,write8
28080858375,0x389,0x01,write8
28080910125,0x388,0xe2,write8
28081008250,0x389,0x00,write8
28081060375,0x388,0x25,write8
28081158375,0x389,0xe4,write8
28081210125,0x388,0x45,write8
28081308125,0x389,0x8d,write8
28081359875,0x388,0x65,write8
28081457875,0x389,0xf5,write8
28081509500,0x388,0x85,write8
28081607500,0x389,0x07,write8
28081659250,0x388,0xe5,write8
28081757250,0x389,0x00,write8
28081814250,0x388,0xa2,write8
28081912250,0x389,0x00,write8
28081963875,0x388,0xb2,write8
28082062000,0x389,0x2e,write8
28082121125,0x388,0xb3,write8
28082219125,0x389,0x0b,write8
28082271750,0x388,0xc3,write8
28082369750,0x389,0x0e,write8
28082421875,0x388,0x28,write8
28082519875,0x389,0xe6,write8
28082571625,0x388,0x48,write8
28082669625,0x389,0xe7,write8
28082721375,0x388,0x68,write8
28082819375,0x389,0x80,write8
28082871000,0x388,0x88,write8
28082969000,0x389,0x01,write8
28083020875,0x388,0xe8,write8
28083118875,0x389,0x00,write8
28083171125,0x388,0x2b,write8
28083269125,0x389,0xe4,write8
28083320750,0x388,0x4b,write8
28083418750,0x389,0x8d,write8
28083470500,0x388,0x6b,write8
28083568500,0x389,0xf5,write8
28083620250,0x388,0x8b,write8
28083718250,0x389,0x07,write8
28083770000,0x388,0xeb,write8
28083868000,0x389,0x00,write8
28083924250,0x388,0xa3,write8
28084022375,0x389,0x5e,write8
28084074000,0x388,0xb3,write8
28084172000,0x389,0x2b,write8
28084231625,0x388,0xb4,write8
28084329625,0x389,0x0e,write8
28084382375,0x388,0xc4,write8
28084480375,0x389,0x0a,write8
28084532500,0x388,0x29,write8
28084630500,0x389,0x2a,write8
28084682125,0x388,0x49,write8
28084780125,0x389,0x28,write8
28084831875,0x388,0x69,write8
28084929875,0x389,0xe6,write8
28084981625,0x388,0x89,write8
28085079750,0x389,0xd7,write8
28085131375,0x388,0xe9,write8
28085229375,0x389,0x00,write8
28085281625,0x388,0x2c,write8
28085379625,0x389,0x22,write8
28085431375,0x388,0x4c,write8
28085529375,0x389,0x06,write8
28085581125,0x388,0x6c,write8
28085679125,0x389,0xf6,write8
28085730750,0x388,0x8c,write8
28085828750,0x389,0xf7,write8
28085880500,0x388,0xec,write8
28085978500,0x389,0x00,write8
28086036250,0x388,0xa4,write8
28086134250,0x389,0x00,write8
28086185875,0x388,0xb4,write8
28086283875,0x389,0x32,write8
28086343875,0x388,0xb5,write8
28086442000,0x389,0x0b,write8
28086494625,0x388,0xc5,write8
28086592625,0x389,0x0a,write8
28086644750,0x388,0x2a,write8
28086742750,0x389,0x28,write8
28086794500,0x388,0x4a,write8
28086892500,0x389,0x2b,write8
28086944125,0x388,0x6a,write8
28087042375,0x389,0xe6,write8
28087094000,0x388,0x8a,write8
28087192000,0x389,0x97,write8
28087243750,0x388,0xea,write8
28087341750,0x389,0x02,write8
28087394000,0x388,0x2d,write8
28087492000,0x389,0x22,write8
28087543625,0x388,0x4d,write8
28087641625,0x389,0x08,write8
28087693375,0x388,0x6d,write8
28087791375,0x389,0xf6,write8
28087843125,0x388,0x8d,write8
28087941125,0x389,0xf7,write8
28087992750,0x388,0xed,write8
28088091000,0x389,0x00,write8
28088147250,0x388,0xa5,write8
28088245250,0x389,0x00,write8
28088296875,0x388,0xb5,write8
28088394875,0x389,0x2a,write8
28088455375,0x388,0xb6,write8
28088553500,0x389,0x13,write8
28088606250,0x388,0xc6,write8
28088704250,0x389,0x00,write8
28088756250,0x388,0x30,write8
28088854375,0x389,0x20,write8
28088906000,0x388,0x50,write8
28089004125,0x389,0x00,write8
28089055875,0x388,0x70,write8
28089153875,0x389,0xfa,write8
28089205625,0x388,0x90,write8
28089303625,0x389,0x6a,write8
28089355250,0x388,0xf0,write8
28089453250,0x389,0x00,write8
28089505500,0x388,0x33,write8
28089603500,0x389,0x26,write8
28089655250,0x388,0x53,write8
28089753250,0x389,0x07,write8
28089804875,0x388,0x73,write8
28089903000,0x389,0xaa,write8
28089954625,0x388,0x93,write8
28090052750,0x389,0xfa,write8
28090104500,0x388,0xf3,write8
28090202500,0x389,0x00,write8
28090259500,0x388,0xa6,write8
28090357500,0x389,0x85,write8
28090409000,0x388,0xb6,write8
28090507125,0x389,0x2e,write8
28128617750,0x388,0xb6,write8
28128715750,0x389,0x0e,write8
28181434375,0x388,0xb3,write8
28181532375,0x389,0x0b,write8
28185661000,0x388,0xb5,write8
28185759000,0x389,0x0a,write8
28194110875,0x388,0xb2,write8
28194208500,0x389,0x0e,write8
28198336000,0x388,0xb1,write8
28198434000,0x389,0x0a,write8
28223691750,0x388,0xb4,write8
28223789750,0x389,0x12,write8
28246933625,0x388,0xb0,write8
28247031750,0x389,0x16,write8
28255386500,0x388,0xb0,write8
28255484500,0x389,0x16,write8
28255537250,0x388,0xc0,write8
28255635250,0x389,0x0e,write8
28255687375,0x388,0x20,write8
28255785375,0x389,0x21,write8
28255837000,0x388,0x40,write8
28255935000,0x389,0xcd,write8
28255986750,0x388,0x60,write8
28256084875,0x389,0x98,write8
28256136625,0x388,0x80,write8
28256234625,0x389,0x3f,write8
28256286250,0x388,0xe0,write8
28256384375,0x389,0x00,write8
28256436500,0x388,0x23,write8
28256534500,0x389,0x21,write8
28256586250,0x388,0x43,write8
28256684250,0x389,0x02,write8
28256736000,0x388,0x63,write8
28256834000,0x389,0x65,write8
28256885625,0x388,0x83,write8
28256983625,0x389,0x2a,write8
28257035500,0x388,0xe3,write8
28257133500,0x389,0x00,write8
28257191125,0x388,0xa0,write8
28257289125,0x389,0xc7,write8
28257340750,0x388,0xb0,write8
28257438750,0x389,0x33,write8
28257496875,0x388,0xb1,write8
28257594875,0x389,0x0a,write8
28257647500,0x388,0xc1,write8
28257745500,0x389,0x0a,write8
28257797625,0x388,0x21,write8
28257895625,0x389,0x28,write8
28257947375,0x388,0x41,write8
28258045500,0x389,0x2b,write8
28258097125,0x388,0x61,write8
28258195250,0x389,0xe6,write8
28258246875,0x388,0x81,write8
28258344875,0x389,0x97,write8
28258396625,0x388,0xe1,write8
28258494625,0x389,0x02,write8
28258546875,0x388,0x24,write8
28258644875,0x389,0x22,write8
28258696500,0x388,0x44,write8
28258794500,0x389,0x08,write8
28258846250,0x388,0x64,write8
28258944250,0x389,0xf6,write8
28258996000,0x388,0x84,write8
28259094125,0x389,0xf7,write8
28259145750,0x388,0xe4,write8
28259243875,0x389,0x00,write8
28259299500,0x388,0xa1,write8
28259397500,0x389,0x00,write8
28259449125,0x388,0xb1,write8
28259547125,0x389,0x27,write8
28259605750,0x388,0xb2,write8
28259703750,0x389,0x0e,write8
28259756500,0x388,0xc2,write8
28259854500,0x389,0x0a,write8
28259906500,0x388,0x22,write8
28260004625,0x389,0x2a,write8
28260056375,0x388,0x42,write8
28260154375,0x389,0x28,write8
28260206125,0x388,0x62,write8
28260304125,0x389,0xe6,write8
28260355875,0x388,0x82,write8
28260453875,0x389,0xd7,write8
28260505500,0x388,0xe2,write8
28260603500,0x389,0x00,write8
28260655750,0x388,0x25,write8
28260753750,0x389,0x22,write8
28260805500,0x388,0x45,write8
28260903500,0x389,0x06,write8
28260955125,0x388,0x65,write8
28261053250,0x389,0xf6,write8
28261105000,0x388,0x85,write8
28261203000,0x389,0xf7,write8
28261254750,0x388,0xe5,write8
28261352750,0x389,0x00,write8
28261409750,0x388,0xa2,write8
28261507750,0x389,0xc7,write8
28261559250,0x388,0xb2,write8
28261657250,0x389,0x2f,write8
28371588750,0x388,0xb1,write8
28371686750,0x389,0x07,write8
28388492125,0x388,0xb2,write8
28388590125,0x389,0x0f,write8
28418070750,0x388,0xb0,write8
28418168750,0x389,0x13,write8
28426523750,0x388,0xb0,write8
28426621750,0x389,0x13,write8
28426674375,0x388,0xc0,write8
28426772375,0x389,0x0e,write8
28426824500,0x388,0x20,write8
28426922500,0x389,0x21,write8
28426974250,0x388,0x40,write8
28427072375,0x389,0xcd,write8
28427124125,0x388,0x60,write8
28427222125,0x389,0x98,write8
28427273750,0x388,0x80,write8
28427371750,0x389,0x3f,write8
28427423500,0x388,0xe0,write8
28427521500,0x389,0x00,write8
28427573750,0x388,0x23,write8
28427671750,0x389,0x21,write8
28427723375,0x388,0x43,write8
28427821375,0x389,0x02,write8
28427873125,0x388,0x63,write8
28427971125,0x389,0x65,write8
28428023000,0x388,0x83,write8
28428121000,0x389,0x2a,write8
28428172750,0x388,0xe3,write8
28428270750,0x389,0x00,write8
28428328250,0x388,0xa0,write8
28428426250,0x389,0x5e,write8
28428477875,0x388,0xb0,write8
28428575875,0x389,0x33,write8
28428634000,0x388,0xb1,write8
28428732000,0x389,0x07,write8
28428784750,0x388,0xc1,write8
28428882750,0x389,0x0a,write8
28428934750,0x388,0x21,write8
28429033000,0x389,0x2a,write8
28429084625,0x388,0x41,write8
28429182625,0x389,0x28,write8
28429234375,0x388,0x61,write8
28429332375,0x389,0xe6,write8
28429384125,0x388,0x81,write8
28429482125,0x389,0xd7,write8
28429533750,0x388,0xe1,write8
28429631750,0x389,0x00,write8
28429684000,0x388,0x24,write8
28429782000,0x389,0x22,write8
28429833750,0x388,0x44,write8
28429931750,0x389,0x06,write8
28429983375,0x388,0x64,write8
28430081625,0x389,0xf6,write8
28430133250,0x388,0x84,write8
28430231250,0x389,0xf7,write8
28430283000,0x388,0xe4,write8
28430381000,0x389,0x00,write8
28430438000,0x388,0xa1,write8
28430536000,0x389,0x5e,write8
28430587625,0x388,0xb1,write8
28430685625,0x389,0x2f,write8
28430744125,0x388,0xb2,write8
28430842250,0x389,0x0f,write8
28430894875,0x388,0xc2,write8
28430992875,0x389,0x0a,write8
28431045125,0x388,0x22,write8
28431143125,0x389,0x28,write8
28431194875,0x388,0x42,write8
28431292875,0x389,0x2b,write8
28431344500,0x388,0x62,write8
28431442500,0x389,0xe6,write8
28431494250,0x388,0x82,write8
28431592250,0x389,0x97,write8
28431644000,0x388,0xe2,write8
28431742000,0x389,0x02,write8
28431794125,0x388,0x25,write8
28431892250,0x389,0x22,write8
28431943875,0x388,0x45,write8
28432042000,0x389,0x08,write8
28432093750,0x388,0x65,write8
28432191750,0x389,0xf6,write8
28432243500,0x388,0x85,write8
28432341500,0x389,0xf7,write8
28432393125,0x388,0xe5,write8
28432491125,0x389,0x00,write8
28432547500,0x388,0xa2,write8
28432645500,0x389,0x00,write8
28432697125,0x388,0xb2,write8
28432795125,0x389,0x2b,write8
28432854250,0x388,0xb3,write8
28432952250,0x389,0x0b,write8
28433005125,0x388,0xc3,write8
28433103125,0x389,0x00,write8
28433155125,0x388,0x28,write8
28433253125,0x389,0x20,write8
28433304875,0x388,0x48,write8
28433402875,0x389,0x00,write8
28433454625,0x388,0x68,write8
28433552625,0x389,0xfa,write8
28433604250,0x388,0x88,write8
28433702375,0x389,0x6a,write8
28433754000,0x388,0xe8,write8
28433852000,0x389,0x00,write8
28433904250,0x388,0x2b,write8
28434002375,0x389,0x26,write8
28434054125,0x388,0x4b,write8
28434152125,0x389,0x07,write8
28434203750,0x388,0x6b,write8
28434301750,0x389,0xaa,write8
28434353500,0x388,0x8b,write8
28434451500,0x389,0xfa,write8
28434503250,0x388,0xeb,write8
28434601250,0x389,0x00,write8
28434658875,0x388,0xa3,write8
28434756875,0x389,0x00,write8
28434808375,0x388,0xb3,write8
28434906375,0x389,0x32,write8
28473006125,0x388,0xb3,write8
28473104125,0x389,0x12,write8
28538548625,0x388,0xb2,write8
28538646625,0x389,0x0b,write8
28551182875,0x388,0xb1,write8
28551280500,0x389,0x0f,write8
28584987625,0x388,0xb0,write8
28585085750,0x389,0x13,write8
28591325125,0x388,0xb0,write8
28591423125,0x389,0x13,write8
28591475750,0x388,0xc0,write8
28591573875,0x389,0x0a,write8
28591625875,0x388,0x20,write8
28591723875,0x389,0x22,write8
28591775625,0x388,0x40,write8
28591873625,0x389,0x19,write8
28591925375,0x388,0x60,write8
28592023500,0x389,0xc6,write8
28592075125,0x388,0x80,write8
28592173125,0x389,0x77,write8
28592224875,0x388,0xe0,write8
28592322875,0x389,0x00,write8
28592375125,0x388,0x23,write8
28592473125,0x389,0x22,write8
28592524750,0x388,0x43,write8
28592622875,0x389,0x40,write8
28592674375,0x388,0x63,write8
28592772000,0x389,0xf4,write8
28592823500,0x388,0x83,write8
28592921125,0x389,0xf7,write8
28592972625,0x388,0xe3,write8
28593070625,0x389,0x00,write8
28593125500,0x388,0xa0,write8
28593223125,0x389,0x00,write8
28593274500,0x388,0xb0,write8
28593372125,0x389,0x23,write8
28593442000,0x388,0xb1,write8
28593539625,0x389,0x0f,write8
28593592125,0x388,0xc1,write8
28593689750,0x389,0x0a,write8
28593741625,0x388,0x21,write8
28593839250,0x389,0x28,write8
28593890750,0x388,0x41,write8
28593988375,0x389,0x2b,write8
28594040000,0x388,0x61,write8
28594137625,0x389,0xe6,write8
28594189375,0x388,0x81,write8
28594287375,0x389,0x97,write8
28594339125,0x388,0xe1,write8
28594437125,0x389,0x02,write8
28594489250,0x388,0x24,write8
28594587250,0x389,0x22,write8
28594639000,0x388,0x44,write8
28594737000,0x389,0x08,write8
28594788750,0x388,0x64,write8
28594886750,0x389,0xf6,write8
28594938375,0x388,0x84,write8
28595036625,0x389,0xf7,write8
28595088250,0x388,0xe4,write8
28595186250,0x389,0x00,write8
28595242625,0x388,0xa1,write8
28595340625,0x389,0xc7,write8
28595392250,0x388,0xb1,write8
28595490250,0x389,0x2b,write8
28595548875,0x388,0xb2,write8
28595646875,0x389,0x0b,write8
28595699500,0x388,0xc2,write8
28595797500,0x389,0x0a,write8
28595849625,0x388,0x22,write8
28595947625,0x389,0x2a,write8
28595999375,0x388,0x42,write8
28596097500,0x389,0x28,write8
28596149250,0x388,0x62,write8
28596247250,0x389,0xe6,write8
28596298875,0x388,0x82,write8
28596396875,0x389,0xd7,write8
28596448625,0x388,0xe2,write8
28596546625,0x389,0x00,write8
28596598875,0x388,0x25,write8
28596696875,0x389,0x22,write8
28596748500,0x388,0x45,write8
28596846500,0x389,0x06,write8
28596898250,0x388,0x65,write8
28596996250,0x389,0xf6,write8
28597048125,0x388,0x85,write8
28597146125,0x389,0xf7,write8
28597197875,0x388,0xe5,write8
28597295875,0x389,0x00,write8
28597352750,0x388,0xa2,write8
28597450875,0x389,0x00,write8
28597502375,0x388,0xb2,write8
28597600375,0x389,0x2f,write8
28597659500,0x388,0xb3,write8
28597757500,0x389,0x12,write8
28597810250,0x388,0xc3,write8
28597908250,0x389,0x0e,write8
28597960375,0x388,0x28,write8
28598058500,0x389,0xe6,write8
28598110125,0x388,0x48,write8
28598208125,0x389,0xe7,write8
28598259875,0x388,0x68,write8
28598357875,0x389,0x80,write8
28598409625,0x388,0x88,write8
28598507625,0x389,0x01,write8
28598559250,0x388,0xe8,write8
28598657250,0x389,0x00,write8
28598709500,0x388,0x2b,write8
28598807500,0x389,0xe4,write8
28598859250,0x388,0x4b,write8
28598957250,0x389,0x8d,write8
28599009125,0x388,0x6b,write8
28599107125,0x389,0xf5,write8
28599158750,0x388,0x8b,write8
28599256750,0x389,0x07,write8
28599308500,0x388,0xeb,write8
28599406500,0x389,0x00,write8
28599462875,0x388,0xa3,write8
28599560875,0x389,0x3f,write8
28599612500,0x388,0xb3,write8
28599710500,0x389,0x2a,write8
28599770000,0x388,0xb4,write8
28599868125,0x389,0x12,write8
28599920750,0x388,0xc4,write8
28600018875,0x389,0x0e,write8
28600071000,0x388,0x29,write8
28600169000,0x389,0xe6,write8
28600220750,0x388,0x49,write8
28600318750,0x389,0xe7,write8
28600370375,0x388,0x69,write8
28600468375,0x389,0x80,write8
28600520125,0x388,0x89,write8
28600618125,0x389,0x01,write8
28600669875,0x388,0xe9,write8
28600767875,0x389,0x00,write8
28600820125,0x388,0x2c,write8
28600918125,0x389,0xe4,write8
28600969750,0x388,0x4c,write8
28601067875,0x389,0x8d,write8
28601119625,0x388,0x6c,write8
28601217625,0x389,0xf5,write8
28601269375,0x388,0x8c,write8
28601367375,0x389,0x07,write8
28601419000,0x388,0xec,write8
28601517000,0x389,0x00,write8
28601573375,0x388,0xa4,write8
28601671375,0x389,0x00,write8
28601723000,0x388,0xb4,write8
28601821000,0x389,0x2b,write8
28601881125,0x388,0xb5,write8
28601979125,0x389,0x0a,write8
28602032000,0x388,0xc5,write8
28602130000,0x389,0x0e,write8
28602182000,0x388,0x2a,write8
28602280000,0x389,0xe6,write8
28602331750,0x388,0x4a,write8
28602429750,0x389,0xe7,write8
28602481500,0x388,0x6a,write8
28602579500,0x389,0x80,write8
28602631250,0x388,0x8a,write8
28602729250,0x389,0x01,write8
28602780875,0x388,0xea,write8
28602878875,0x389,0x00,write8
28602931125,0x388,0x2d,write8
28603029250,0x389,0xe4,write8
28603081000,0x388,0x4d,write8
28603179000,0x389,0x8d,write8
28603230625,0x388,0x6d,write8
28603328625,0x389,0xf5,write8
28603380375,0x388,0x8d,write8
28603478375,0x389,0x07,write8
28603530125,0x388,0xed,write8
28603628125,0x389,0x00,write8
28603684500,0x388,0xa5,write8
28603782500,0x389,0xc7,write8
28603834000,0x388,0xb5,write8
28603932000,0x389,0x2b,write8
28603992625,0x388,0xb6,write8
28604090750,0x389,0x0e,write8
28604143500,0x388,0xc6,write8
28604241500,0x389,0x0e,write8
28604293625,0x388,0x30,write8
28604391625,0x389,0x21,write8
28604443375,0x388,0x50,write8
28604541375,0x389,0xcd,write8
28604593000,0x388,0x70,write8
28604691000,0x389,0x98,write8
28604742750,0x388,0x90,write8
28604840750,0x389,0x3f,write8
28604892500,0x388,0xf0,write8
28604990500,0x389,0x00,write8
28605042750,0x388,0x33,write8
28605140875,0x389,0x21,write8
28605192500,0x388,0x53,write8
28605290500,0x389,0x02,write8
28605342250,0x388,0x73,write8
28605440250,0x389,0x65,write8
28605492000,0x388,0x93,write8
28605590000,0x389,0x2a,write8
28605641625,0x388,0xf3,write8
28605739625,0x389,0x00,write8
28605797250,0x388,0xa6,write8
28605895250,0x389,0x00,write8
28605946875,0x388,0xb6,write8
28606045000,0x389,0x33,write8
28606106125,0x388,0xb7,write8
28606204125,0x389,0x03,write8
28606256875,0x388,0xc7,write8
28606354875,0x389,0x00,write8
28606406875,0x388,0x31,write8
28606504875,0x389,0x20,write8
28606556625,0x388,0x51,write8
28606654625,0x389,0x00,write8
28606706375,0x388,0x71,write8
28606804375,0x389,0xfa,write8
28606856000,0x388,0x91,write8
28606953875,0x389,0x6a,write8
28607005500,0x388,0xf1,write8
28607103125,0x389,0x00,write8
28607155125,0x388,0x34,write8
28607252750,0x389,0x26,write8
28607304375,0x388,0x54,write8
28607402125,0x389,0x07,write8
28607453625,0x388,0x74,write8
28607551250,0x389,0xaa,write8
28607602750,0x388,0x94,write8
28607700375,0x389,0xfa,write8
28607751875,0x388,0xf4,write8
28607849500,0x389,0x00,write8
28607906250,0x388,0xa7,write8
28608004000,0x389,0x85,write8
28608055375,0x388,0xb7,write8
28608153000,0x389,0x2e,write8
28608214250,0x388,0xb8,write8
28608312000,0x389,0x03,write8
28608364500,0x388,0xc8,write8
28608462375,0x389,0x08,write8
28608514500,0x388,0x32,write8
28608612500,0x389,0x20,write8
28608664125,0x388,0x52,write8
28608762125,0x389,0x24,write8
28608813875,0x388,0x72,write8
28608911875,0x389,0x62,write8
28608963625,0x388,0x92,write8
28609061750,0x389,0x75,write8
28609113500,0x388,0xf2,write8
28609211500,0x389,0x01,write8
28609263625,0x388,0x35,write8
28609361625,0x389,0x22,write8
28609413375,0x388,0x55,write8
28609511375,0x389,0x02,write8
28609563125,0x388,0x75,write8
28609661125,0x389,0xa8,write8
28609712750,0x388,0x95,write8
28609810750,0x389,0xf5,write8
28609862500,0x388,0xf5,write8
28609960500,0x389,0x00,write8
28610017000,0x388,0xa8,write8
28610115000,0x389,0x85,write8
28610166625,0x388,0xb8,write8
28610264625,0x389,0x2a,write8
28650489125,0x388,0xb7,write8
28650586750,0x389,0x0e,write8
28669500500,0x388,0xb4,write8
28669598500,0x389,0x0b,write8
28673725625,0x388,0xb3,write8
28673823625,0x389,0x0a,write8
28686401125,0x388,0xb0,write8
28686499125,0x389,0x03,write8
28686557750,0x388,0xb5,write8
28686655750,0x389,0x0b,write8
28703307875,0x388,0xb8,write8
28703405875,0x389,0x0a,write8
28718096875,0x388,0xb1,write8
28718194875,0x389,0x0b,write8
28735000125,0x388,0xb2,write8
28735098250,0x389,0x0f,write8
28770916250,0x388,0xb0,write8
28771014375,0x389,0x03,write8
28771067125,0x388,0xc0,write8
28771165125,0x389,0x0e,write8
28771217250,0x388,0x20,write8
28771315250,0x389,0xe6,write8
28771366875,0x388,0x40,write8
28771465000,0x389,0xe7,write8
28771516625,0x388,0x60,write8
28771614625,0x389,0x80,write8
28771666375,0x388,0x80,write8
28771764375,0x389,0x01,write8
28771816125,0x388,0xe0,write8
28771914125,0x389,0x00,write8
28771966250,0x388,0x23,write8
28772064375,0x389,0xe4,write8
28772116125,0x388,0x43,write8
28772214125,0x389,0x8d,write8
28772265875,0x388,0x63,write8
28772363875,0x389,0xf5,write8
28772415500,0x388,0x83,write8
28772513625,0x389,0x07,write8
28772565250,0x388,0xe3,write8
28772663250,0x389,0x00,write8
28772719625,0x388,0xa0,write8
28772817625,0x389,0x00,write8
28772869250,0x388,0xb0,write8
28772967250,0x389,0x2b,write8
28773025500,0x388,0xb1,write8
28773123500,0x389,0x0b,write8
28773176125,0x388,0xc1,write8
28773274125,0x389,0x0e,write8
28773326250,0x388,0x21,write8
28773424250,0x389,0xe6,write8
28773476000,0x388,0x41,write8
28773574000,0x389,0xe7,write8
28773625750,0x388,0x61,write8
28773723750,0x389,0x80,write8
28773775375,0x388,0x81,write8
28773873375,0x389,0x01,write8
28773925125,0x388,0xe1,write8
28774023250,0x389,0x00,write8
28774075500,0x388,0x24,write8
28774173500,0x389,0xe4,write8
28774225125,0x388,0x44,write8
28774323125,0x389,0x8d,write8
28774374875,0x388,0x64,write8
28774472875,0x389,0xf5,write8
28774524625,0x388,0x84,write8
28774622625,0x389,0x07,write8
28774674375,0x388,0xe4,write8
28774772375,0x389,0x00,write8
28774828625,0x388,0xa1,write8
28774926625,0x389,0xc7,write8
28774978250,0x388,0xb1,write8
28775076375,0x389,0x2b,write8
28775135000,0x388,0xb2,write8
28775233000,0x389,0x0f,write8
28775285750,0x388,0xc2,write8
28775383750,0x389,0x0e,write8
28775435750,0x388,0x22,write8
28775533875,0x389,0xe6,write8
28775585500,0x388,0x42,write8
28775683500,0x389,0xe7,write8
28775735250,0x388,0x62,write8
28775833250,0x389,0x80,write8
28775885000,0x388,0x82,write8
28775983000,0x389,0x01,write8
28776034750,0x388,0xe2,write8
28776132750,0x389,0x00,write8
28776185000,0x388,0x25,write8
28776283000,0x389,0xe4,write8
28776334750,0x388,0x45,write8
28776432750,0x389,0x8d,write8
28776484375,0x388,0x65,write8
28776582500,0x389,0xf5,write8
28776634125,0x388,0x85,write8
28776732125,0x389,0x07,write8
28776783875,0x388,0xe5,write8
28776881875,0x389,0x00,write8
28776938250,0x388,0xa2,write8
28777036375,0x389,0x3f,write8
28777087875,0x388,0xb2,write8
28777186000,0x389,0x2a,write8
28777245000,0x388,0xb3,write8
28777343125,0x389,0x0a,write8
28777395750,0x388,0xc3,write8
28777493750,0x389,0x0a,write8
28777545875,0x388,0x28,write8
28777643875,0x389,0x28,write8
28777695625,0x388,0x48,write8
28777793625,0x389,0x2b,write8
28777845250,0x388,0x68,write8
28777943250,0x389,0xe6,write8
28777995000,0x388,0x88,write8
28778093125,0x389,0x97,write8
28778144750,0x388,0xe8,write8
28778242375,0x389,0x02,write8
28778294375,0x388,0x2b,write8
28778392000,0x389,0x22,write8
28778443500,0x388,0x4b,write8
28778541250,0x389,0x08,write8
28778592875,0x388,0x6b,write8
28778690500,0x389,0xf6,write8
28778742000,0x388,0x8b,write8
28778839625,0x389,0xf7,write8
28778891125,0x388,0xeb,write8
28778988750,0x389,0x00,write8
28779045000,0x388,0xa3,write8
28779142625,0x389,0x3f,write8
28779194000,0x388,0xb3,write8
28779291625,0x389,0x2a,write8
28779350875,0x388,0xb4,write8
28779448625,0x389,0x0b,write8
28779501125,0x388,0xc4,write8
28779598750,0x389,0x00,write8
28779650625,0x388,0x29,write8
28779748750,0x389,0x00,write8
28779800500,0x388,0x49,write8
28779898500,0x389,0x0c,write8
28779950250,0x388,0x69,write8
28780048375,0x389,0xc8,write8
28780100000,0x388,0x89,write8
28780198000,0x389,0x4c,write8
28780249750,0x388,0xe9,write8
28780347750,0x389,0x00,write8
28780400000,0x388,0x2c,write8
28780498000,0x389,0x20,write8
28780549625,0x388,0x4c,write8
28780647750,0x389,0x00,write8
28780699375,0x388,0x6c,write8
28780797375,0x389,0xd6,write8
28780849125,0x388,0x8c,write8
28780947125,0x389,0xff,write8
28780998875,0x388,0xec,write8
28781097000,0x389,0x00,write8
28781152625,0x388,0xa4,write8
28781250625,0x389,0x90,write8
28781302250,0x388,0xb4,write8
28781400250,0x389,0x27,write8
28781460250,0x388,0xb5,write8
28781558375,0x389,0x0b,write8
28781611125,0x388,0xc5,write8
28781709125,0x389,0x00,write8
28781761250,0x388,0x2a,write8
28781859250,0x389,0x20,write8
28781910875,0x388,0x4a,write8
28782009000,0x389,0x00,write8
28782060750,0x388,0x6a,write8
28782158750,0x389,0xfa,write8
28782210500,0x388,0x8a,write8
28782308500,0x389,0x6a,write8
28782360125,0x388,0xea,write8
28782458125,0x389,0x00,write8
28782510375,0x388,0x2d,write8
28782608375,0x389,0x26,write8
28782660125,0x388,0x4d,write8
28782758125,0x389,0x07,write8
28782809875,0x388,0x6d,write8
28782907875,0x389,0xaa,write8
28782959500,0x388,0x8d,write8
28783057625,0x389,0xfa,write8
28783109375,0x388,0xed,write8
28783207375,0x389,0x00,write8
28783264375,0x388,0xa5,write8
28783362375,0x389,0x85,write8
28783414000,0x388,0xb5,write8
28783512000,0x389,0x2e,write8
28783573000,0x388,0xb7,write8
28783671125,0x389,0x0e,write8
28783723750,0x388,0xc7,write8
28783821750,0x389,0x00,write8
28783873875,0x388,0x31,write8
28783971875,0x389,0x20,write8
28784023750,0x388,0x51,write8
28784121750,0x389,0x00,write8
28784173375,0x388,0x71,write8
28784271500,0x389,0xfa,write8
28784323125,0x388,0x91,write8
28784421125,0x389,0x6a,write8
28784472875,0x388,0xf1,write8
28784570875,0x389,0x00,write8
28784623125,0x388,0x34,write8
28784721125,0x389,0x26,write8
28784772750,0x388,0x54,write8
28784870750,0x389,0x07,write8
28784922500,0x388,0x74,write8
28785020500,0x389,0xaa,write8
28785072250,0x388,0x94,write8
28785170250,0x389,0xfa,write8
28785221875,0x388,0xf4,write8
28785320000,0x389,0x00,write8
28785377500,0x388,0xa7,write8
28785475500,0x389,0x00,write8
28785527125,0x388,0xb7,write8
28785625125,0x389,0x32,write8
28785698875,0x388,0xb8,write8
28785797000,0x389,0x0a,write8
28785849625,0x388,0xc8,write8
28785947625,0x389,0x0a,write8
28785999750,0x388,0x32,write8
28786097875,0x389,0x22,write8
28786149625,0x388,0x52,write8
28786247625,0x389,0x19,write8
28786299250,0x388,0x72,write8
28786397250,0x389,0xc6,write8
28786449000,0x388,0x92,write8
28786547000,0x389,0x77,write8
28786598750,0x388,0xf2,write8
28786696750,0x389,0x00,write8
28786749000,0x388,0x35,write8
28786847000,0x389,0x22,write8
28786898625,0x388,0x55,write8
28786996625,0x389,0x40,write8
28787048500,0x388,0x75,write8
28787146500,0x389,0xf4,write8
28787198250,0x388,0x95,write8
28787296250,0x389,0xf7,write8
28787347875,0x388,0xf5,write8
28787445875,0x389,0x00,write8
28787501000,0x388,0xa8,write8
28787599000,0x389,0x00,write8
28787650625,0x388,0xb8,write8
28787748625,0x389,0x23,write8
28808951375,0x388,0xb6,write8
28809049500,0x389,0x13,write8
28821627375,0x388,0xb4,write8
28821725000,0x389,0x07,write8
28821783125,0x388,0xb5,write8
28821880750,0x389,0x0e,write8
28821939875,0x388,0xb7,write8
28822037625,0x389,0x12,write8
28876560375,0x388,0xb2,write8
28876658375,0x389,0x0a,write8
28880785000,0x388,0xb0,write8
28880883000,0x389,0x0b,write8
28885012500,0x388,0xb3,write8
28885110500,0x389,0x0a,write8
28897688250,0x388,0xb1,write8
28897786250,0x389,0x0b,write8
28929381375,0x388,0xb8,write8
28929479375,0x389,0x03,write8
28944171625,0x388,0xb0,write8
28944269750,0x389,0x0b,write8
28944322375,0x388,0xc0,write8
28944420375,0x389,0x0e,write8
28944472500,0x388,0x20,write8
28944570500,0x389,0x21,write8
28944622250,0x388,0x40,write8
28944720250,0x389,0xcd,write8
28944771875,0x388,0x60,write8
28944869875,0x389,0x98,write8
28944921625,0x388,0x80,write8
28945019750,0x389,0x3f,write8
28945071500,0x388,0xe0,write8
28945169500,0x389,0x00,write8
28945221625,0x388,0x23,write8
28945319750,0x389,0x21,write8
28945371375,0x388,0x43,write8
28945469375,0x389,0x02,write8
28945521125,0x388,0x63,write8
28945619125,0x389,0x65,write8
28945670875,0x388,0x83,write8
28945768875,0x389,0x2a,write8
28945820500,0x388,0xe3,write8
28945918500,0x389,0x00,write8
28945976125,0x388,0xa0,write8
28946074250,0x389,0x5e,write8
28946125875,0x388,0xb0,write8
28946223875,0x389,0x33,write8
28946282000,0x388,0xb1,write8
28946380000,0x389,0x0b,write8
28946432750,0x388,0xc1,write8
28946530750,0x389,0x0a,write8
28946582750,0x388,0x21,write8
28946680750,0x389,0x28,write8
28946732500,0x388,0x41,write8
28946830500,0x389,0x2b,write8
28946882250,0x388,0x61,write8
28946980250,0x389,0xe6,write8
28947032000,0x388,0x81,write8
28947130125,0x389,0x97,write8
28947181750,0x388,0xe1,write8
28947279750,0x389,0x02,write8
28947332000,0x388,0x24,write8
28947430000,0x389,0x22,write8
28947481750,0x388,0x44,write8
28947579750,0x389,0x08,write8
28947631375,0x388,0x64,write8
28947729375,0x389,0xf6,write8
28947781125,0x388,0x84,write8
28947879125,0x389,0xf7,write8
28947930875,0x388,0xe4,write8
28948029000,0x389,0x00,write8
28948084750,0x388,0xa1,write8
28948182750,0x389,0xab,write8
28948234250,0x388,0xb1,write8
28948332250,0x389,0x26,write8
28948390875,0x388,0xb2,write8
28948488875,0x389,0x0a,write8
28948541625,0x388,0xc2,write8
28948639625,0x389,0x0a,write8
28948691750,0x388,0x22,write8
28948789750,0x389,0x2a,write8
28948841375,0x388,0x42,write8
28948939375,0x389,0x28,write8
28948991125,0x388,0x62,write8
28949089250,0x389,0xe6,write8
28949141000,0x388,0x82,write8
28949239000,0x389,0xd7,write8
28949290750,0x388,0xe2,write8
28949388500,0x389,0x00,write8
28949440500,0x388,0x25,write8
28949538125,0x389,0x22,write8
28949589625,0x388,0x45,write8
28949687250,0x389,0x06,write8
28949738875,0x388,0x65,write8
28949836625,0x389,0xf6,write8
28949888125,0x388,0x85,write8
28949985750,0x389,0xf7,write8
28950037375,0x388,0xe5,write8
28950135000,0x389,0x00,write8
28950191750,0x388,0xa2,write8
28950289375,0x389,0x5e,write8
28950340750,0x388,0xb2,write8
28950438375,0x389,0x2f,write8
28950497250,0x388,0xb3,write8
28950594875,0x389,0x0a,write8
28950647375,0x388,0xc3,write8
28950745000,0x389,0x00,write8
28950796875,0x388,0x28,write8
28950894750,0x389,0x00,write8
28950946500,0x388,0x48,write8
28951044625,0x389,0x0c,write8
28951096250,0x388,0x68,write8
28951194250,0x389,0xc8,write8
28951246000,0x388,0x88,write8
28951344000,0x389,0x4c,write8
28951395750,0x388,0xe8,write8
28951493750,0x389,0x00,write8
28951545875,0x388,0x2b,write8
28951644000,0x389,0x20,write8
28951695625,0x388,0x4b,write8
28951793625,0x389,0x00,write8
28951845375,0x388,0x6b,write8
28951943375,0x389,0xd6,write8
28951995125,0x388,0x8b,write8
28952093250,0x389,0xff,write8
28952144875,0x388,0xeb,write8
28952242875,0x389,0x00,write8
28952298625,0x388,0xa3,write8
28952396625,0x389,0x90,write8
28952448250,0x388,0xb3,write8
28952546250,0x389,0x27,write8
28952615250,0x388,0xb4,write8
28952713250,0x389,0x07,write8
28952766000,0x388,0xc4,write8
28952864000,0x389,0x0a,write8
28952916125,0x388,0x29,write8
28953014250,0x389,0x22,write8
28953065875,0x388,0x49,write8
28953163875,0x389,0x19,write8
28953215625,0x388,0x69,write8
28953313625,0x389,0xc6,write8
28953365375,0x388,0x89,write8
28953463375,0x389,0x77,write8
28953515000,0x388,0xe9,write8
28953613125,0x389,0x00,write8
28953665250,0x388,0x2c,write8
28953763250,0x389,0x22,write8
28953815000,0x388,0x4c,write8
28953913000,0x389,0x40,write8
28953964750,0x388,0x6c,write8
28954062875,0x389,0xf4,write8
28954114500,0x388,0x8c,write8
28954212500,0x389,0xf7,write8
28954264250,0x388,0xec,write8
28954362250,0x389,0x00,write8
28954417375,0x388,0xa4,write8
28954515375,0x389,0xab,write8
28954567000,0x388,0xb4,write8
28954665000,0x389,0x22,write8
28988538500,0x388,0xb3,write8
28988636500,0x389,0x07,write8
29058263875,0x388,0xb1,write8
29058361875,0x389,0x06,write8
29113199250,0x388,0xb1,write8
29113297250,0x389,0x06,write8
29113349875,0x388,0xc1,write8
29113447875,0x389,0x0a,write8
29113500000,0x388,0x21,write8
29113598000,0x389,0x28,write8
29113649750,0x388,0x41,write8
29113747750,0x389,0x2b,write8
29113799375,0x388,0x61,write8
29113897500,0x389,0xe6,write8
29113949125,0x388,0x81,write8
29114047250,0x389,0x97,write8
29114099000,0x388,0xe1,write8
29114197000,0x389,0x02,write8
29114249250,0x388,0x24,write8
29114347250,0x389,0x22,write8
29114398875,0x388,0x44,write8
29114496875,0x389,0x08,write8
29114548625,0x388,0x64,write8
29114646625,0x389,0xf6,write8
29114698375,0x388,0x84,write8
29114796375,0x389,0xf7,write8
29114848000,0x388,0xe4,write8
29114946125,0x389,0x00,write8
29115002500,0x388,0xa1,write8
29115100500,0x389,0x5e,write8
29115152125,0x388,0xb1,write8
29115250125,0x389,0x2b,write8
29115309250,0x388,0xb3,write8
29115407250,0x389,0x07,write8
29115460000,0x388,0xc3,write8
29115558000,0x389,0x00,write8
29115610000,0x388,0x28,write8
29115708000,0x389,0x20,write8
29115759750,0x388,0x48,write8
29115857750,0x389,0x00,write8
29115909500,0x388,0x68,write8
29116007625,0x389,0xfa,write8
29116059375,0x388,0x88,write8
29116157375,0x389,0x6a,write8
29116209000,0x388,0xe8,write8
29116307000,0x389,0x00,write8
29116359250,0x388,0x2b,write8
29116457250,0x389,0x26,write8
29116509000,0x388,0x4b,write8
29116607000,0x389,0x07,write8
29116658625,0x388,0x6b,write8
29116756625,0x389,0xaa,write8
29116808375,0x388,0x8b,write8
29116906375,0x389,0xfa,write8
29116958125,0x388,0xeb,write8
29117056250,0x389,0x00,write8
29117113875,0x388,0xa3,write8
29117211875,0x389,0x00,write8
29117263375,0x388,0xb3,write8
29117361500,0x389,0x32,write8
29119537500,0x388,0xb4,write8
29119635500,0x389,0x02,write8
29155452500,0x388,0xb3,write8
29155550500,0x389,0x12,write8
29225178000,0x388,0xb1,write8
29225276000,0x389,0x0b,write8
29282223500,0x388,0xb1,write8
29282321500,0x389,0x0b,write8
29282374125,0x388,0xc1,write8
29282472125,0x389,0x0a,write8
29282524250,0x388,0x21,write8
29282622250,0x389,0x28,write8
29282674000,0x388,0x41,write8
29282772000,0x389,0x2b,write8
29282823625,0x388,0x61,write8
29282921750,0x389,0xe6,write8
29282973375,0x388,0x81,write8
29283071500,0x389,0x97,write8
29283123250,0x388,0xe1,write8
29283221250,0x389,0x02,write8
29283273500,0x388,0x24,write8
29283371500,0x389,0x22,write8
29283423125,0x388,0x44,write8
29283521125,0x389,0x08,write8
29283572875,0x388,0x64,write8
29283670875,0x389,0xf6,write8
29283722625,0x388,0x84,write8
29283820625,0x389,0xf7,write8
29283872250,0x388,0xe4,write8
29283970375,0x389,0x00,write8
29284027375,0x388,0xa1,write8
29284125375,0x389,0x00,write8
29284177000,0x388,0xb1,write8
29284275000,0x389,0x2e,write8
29284334125,0x388,0xb3,write8
29284432125,0x389,0x12,write8
29284484875,0x388,0xc3,write8
29284582875,0x389,0x0e,write8
29284634875,0x388,0x28,write8
29284733000,0x389,0xe6,write8
29284784625,0x388,0x48,write8
29284882625,0x389,0xe7,write8
29284934375,0x388,0x68,write8
29285032500,0x389,0x80,write8
29285084250,0x388,0x88,write8
29285182250,0x389,0x01,write8
29285233875,0x388,0xe8,write8
29285331875,0x389,0x00,write8
29285384125,0x388,0x2b,write8
29285482125,0x389,0xe4,write8
29285533875,0x388,0x4b,write8
29285631875,0x389,0x8d,write8
29285683500,0x388,0x6b,write8
29285781625,0x389,0xf5,write8
29285833250,0x388,0x8b,write8
29285931250,0x389,0x07,write8
29285983000,0x388,0xeb,write8
29286081125,0x389,0x00,write8
29286137500,0x388,0xa3,write8
29286235500,0x389,0x5e,write8
29286287000,0x388,0xb3,write8
29286385000,0x389,0x2b,write8
29286444625,0x388,0xb4,write8
29286542625,0x389,0x02,write8
29286595375,0x388,0xc4,write8
29286693375,0x389,0x0e,write8
29286745500,0x388,0x29,write8
29286843500,0x389,0xe6,write8
29286895250,0x388,0x49,write8
29286993250,0x389,0xe7,write8
29287045000,0x388,0x69,write8
29287143000,0x389,0x80,write8
29287194750,0x388,0x89,write8
29287292750,0x389,0x01,write8
29287344500,0x388,0xe9,write8
29287442500,0x389,0x00,write8
29287494625,0x388,0x2c,write8
29287592625,0x389,0xe4,write8
29287644375,0x388,0x4c,write8
29287742375,0x389,0x8d,write8
29287794125,0x388,0x6c,write8
29287892125,0x389,0xf5,write8
29287943875,0x388,0x8c,write8
29288042000,0x389,0x07,write8
29288093625,0x388,0xec,write8
29288191625,0x389,0x00,write8
29288248000,0x388,0xa4,write8
29288346000,0x389,0xab,write8
29288397625,0x388,0xb4,write8
29288495625,0x389,0x2a,write8
29288555750,0x388,0xb5,write8
29288653750,0x389,0x0e,write8
29288706500,0x388,0xc5,write8
29288804500,0x389,0x0e,write8
29288856500,0x388,0x2a,write8
29288954500,0x389,0xe6,write8
29289006375,0x388,0x4a,write8
29289104375,0x389,0xe7,write8
29289156125,0x388,0x6a,write8
29289254125,0x389,0x80,write8
29289305750,0x388,0x8a,write8
29289403750,0x389,0x01,write8
29289455500,0x388,0xea,write8
29289553500,0x389,0x00,write8
29289605750,0x388,0x2d,write8
29289703750,0x389,0xe4,write8
29289755500,0x388,0x4d,write8
29289853500,0x389,0x8d,write8
29289905125,0x388,0x6d,write8
29290003250,0x389,0xf5,write8
29290055000,0x388,0x8d,write8
29290153000,0x389,0x07,write8
29290204750,0x388,0xed,write8
29290302750,0x389,0x00,write8
29290359125,0x388,0xa5,write8
29290457125,0x389,0x00,write8
29290508625,0x388,0xb5,write8
29290606625,0x389,0x2a,write8
29290667250,0x388,0xb6,write8
29290765250,0x389,0x13,write8
29290818000,0x388,0xc6,write8
29290916000,0x389,0x00,write8
29290968125,0x388,0x30,write8
29291066250,0x389,0x20,write8
29291117875,0x388,0x50,write8
29291216000,0x389,0x00,write8
29291267625,0x388,0x70,write8
29291365625,0x389,0xfa,write8
29291417375,0x388,0x90,write8
29291515375,0x389,0x6a,write8
29291567125,0x388,0xf0,write8
29291665125,0x389,0x00,write8
29291717250,0x388,0x33,write8
29291815125,0x389,0x26,write8
29291866625,0x388,0x53,write8
29291964250,0x389,0x07,write8
29292015875,0x388,0x73,write8
29292113500,0x389,0xaa,write8
29292165125,0x388,0x93,write8
29292262875,0x389,0xfa,write8
29292314375,0x388,0xf3,write8
29292412000,0x389,0x00,write8
29292468750,0x388,0xa6,write8
29292566375,0x389,0x85,write8
29292617750,0x388,0xb6,write8
29292715375,0x389,0x2e,write8
29292776250,0x388,0xb7,write8
29292873875,0x389,0x12,write8
29292926375,0x388,0xc7,write8
29293024125,0x389,0x00,write8
29293076000,0x388,0x31,write8
29293173625,0x389,0x00,write8
29293225125,0x388,0x51,write8
29293323000,0x389,0x0c,write8
29293374625,0x388,0x71,write8
29293472750,0x389,0xc8,write8
29293524375,0x388,0x91,write8
29293622375,0x389,0x4c,write8
29293674125,0x388,0xf1,write8
29293772125,0x389,0x00,write8
29293824375,0x388,0x34,write8
29293922375,0x389,0x20,write8
29293974000,0x388,0x54,write8
29294072125,0x389,0x00,write8
29294123875,0x388,0x74,write8
29294221875,0x389,0xd6,write8
29294273625,0x388,0x94,write8
29294371625,0x389,0xff,write8
29294423250,0x388,0xf4,write8
29294521375,0x389,0x00,write8
29294577000,0x388,0xa7,write8
29294675000,0x389,0x90,write8
29294726625,0x388,0xb7,write8
29294824625,0x389,0x27,write8
29294886125,0x388,0xb8,write8
29294984250,0x389,0x03,write8
29295037125,0x388,0xc8,write8
29295135125,0x389,0x08,write8
29295187125,0x388,0x32,write8
29295285250,0x389,0x20,write8
29295336875,0x388,0x52,write8
29295434875,0x389,0x24,write8
29295486625,0x388,0x72,write8
29295584625,0x389,0x62,write8
29295636375,0x388,0x92,write8
29295734375,0x389,0x75,write8
29295786000,0x388,0xf2,write8
29295884000,0x389,0x01,write8
29295936250,0x388,0x35,write8
29296034375,0x389,0x22,write8
29296086125,0x388,0x55,write8
29296184125,0x389,0x02,write8
29296235750,0x388,0x75,write8
29296333875,0x389,0xa8,write8
29296385500,0x388,0x95,write8
29296483500,0x389,0xf5,write8
29296535250,0x388,0xf5,write8
29296633250,0x389,0x00,write8
29296689625,0x388,0xa8,write8
29296787625,0x389,0x85,write8
29296839125,0x388,0xb8,write8
29296937250,0x389,0x2a,write8
29332935125,0x388,0xb6,write8
29333033250,0x389,0x0e,write8
29333092625,0x388,0xb7,write8
29333190625,0x389,0x07,write8
29354063000,0x388,0xb5,write8
29354161000,0x389,0x0a,write8
29358330750,0x388,0xb4,write8
29358428750,0x389,0x0a,write8
29370964250,0x388,0xb2,write8
29371062375,0x389,0x0f,write8
29371122250,0x388,0xb8,write8
29371220250,0x389,0x0a,write8
29375190375,0x388,0xb3,write8
29375288375,0x389,0x0b,write8
29392134625,0x388,0xb1,write8
29392232250,0x389,0x0e,write8
29457589000,0x388,0xb1,write8
29457687000,0x389,0x0e,write8
29457739750,0x388,0xc1,write8
29457837750,0x389,0x0a,write8
29457889875,0x388,0x21,write8
29457987875,0x389,0x28,write8
29458039625,0x388,0x41,write8
29458137625,0x389,0x2b,write8
29458189375,0x388,0x61,write8
29458287375,0x389,0xe6,write8
29458339125,0x388,0x81,write8
29458437125,0x389,0x97,write8
29458488750,0x388,0xe1,write8
29458586750,0x389,0x02,write8
29458639000,0x388,0x24,write8
29458737000,0x389,0x22,write8
29458788750,0x388,0x44,write8
29458886750,0x389,0x08,write8
29458938500,0x388,0x64,write8
29459036625,0x389,0xf6,write8
29459088250,0x388,0x84,write8
29459186250,0x389,0xf7,write8
29459238000,0x388,0xe4,write8
29459336000,0x389,0x00,write8
29459393000,0x388,0xa1,write8
29459491000,0x389,0xab,write8
29459542625,0x388,0xb1,write8
29459640625,0x389,0x2e,write8
29459699125,0x388,0xb2,write8
29459797250,0x389,0x0f,write8
29459849875,0x388,0xc2,write8
29459947875,0x389,0x0e,write8
29460000000,0x388,0x22,write8
29460098125,0x389,0xe6,write8
29460149875,0x388,0x42,write8
29460247875,0x389,0xe7,write8
29460299500,0x388,0x62,write8
29460397500,0x389,0x80,write8
29460449250,0x388,0x82,write8
29460547250,0x389,0x01,write8
29460599000,0x388,0xe2,write8
29460697000,0x389,0x00,write8
29460749250,0x388,0x25,write8
29460847250,0x389,0xe4,write8
29460898875,0x388,0x45,write8
29460996875,0x389,0x8d,write8
29461048750,0x388,0x65,write8
29461146750,0x389,0xf5,write8
29461198500,0x388,0x85,write8
29461296500,0x389,0x07,write8
29461348125,0x388,0xe5,write8
29461446125,0x389,0x00,write8
29461502500,0x388,0xa2,write8
29461600500,0x389,0x5e,write8
29461652125,0x388,0xb2,write8
29461750125,0x389,0x2b,write8
29461809250,0x388,0xb3,write8
29461907250,0x389,0x0b,write8
29461960000,0x388,0xc3,write8
29462058125,0x389,0x0e,write8
29462110125,0x388,0x28,write8
29462208125,0x389,0xe6,write8
29462259875,0x388,0x48,write8
29462357875,0x389,0xe7,write8
29462409625,0x388,0x68,write8
29462507625,0x389,0x80,write8
29462559375,0x388,0x88,write8
29462657375,0x389,0x01,write8
29462709000,0x388,0xe8,write8
29462807000,0x389,0x00,write8
29462859250,0x388,0x2b,write8
29462957250,0x389,0xe4,write8
29463009000,0x388,0x4b,write8
29463106625,0x389,0x8d,write8
29463158125,0x388,0x6b,write8
29463255750,0x389,0xf5,write8
29463307250,0x388,0x8b,write8
29463405000,0x389,0x07,write8
29463456625,0x388,0xeb,write8
29463554250,0x389,0x00,write8
29463610375,0x388,0xa3,write8
29463708000,0x389,0xab,write8
29463759375,0x388,0xb3,write8
29463857000,0x389,0x2a,write8
29463916375,0x388,0xb4,write8
29464014125,0x389,0x0a,write8
29464066625,0x388,0xc4,write8
29464164250,0x389,0x0e,write8
29464216125,0x388,0x29,write8
29464313750,0x389,0xe6,write8
29464365250,0x388,0x49,write8
29464462875,0x389,0xe7,write8
29464514375,0x388,0x69,write8
29464612500,0x389,0x80,write8
29464664250,0x388,0x89,write8
29464762250,0x389,0x01,write8
29464813875,0x388,0xe9,write8
29464912000,0x389,0x00,write8
29464964125,0x388,0x2c,write8
29465062250,0x389,0xe4,write8
29465114000,0x388,0x4c,write8
29465212000,0x389,0x8d,write8
29465263750,0x388,0x6c,write8
29465361750,0x389,0xf5,write8
29465413375,0x388,0x8c,write8
29465511375,0x389,0x07,write8
29465563125,0x388,0xec,write8
29465661125,0x389,0x00,write8
29465717500,0x388,0xa4,write8
29465815500,0x389,0x00,write8
29465867125,0x388,0xb4,write8
29465965125,0x389,0x2a,write8
29466025250,0x388,0xb5,write8
29466123375,0x389,0x0a,write8
29466176000,0x388,0xc5,write8
29466274000,0x389,0x08,write8
29466326125,0x388,0x2a,write8
29466424125,0x389,0x20,write8
29466475875,0x388,0x4a,write8
29466573875,0x389,0x24,write8
29466625500,0x388,0x6a,write8
29466723625,0x389,0x62,write8
29466775250,0x388,0x8a,write8
29466873250,0x389,0x75,write8
29466925000,0x388,0xea,write8
29467023125,0x389,0x01,write8
29467075375,0x388,0x2d,write8
29467173375,0x389,0x22,write8
29467225000,0x388,0x4d,write8
29467323000,0x389,0x02,write8
29467374750,0x388,0x6d,write8
29467472750,0x389,0xa8,write8
29467524500,0x388,0x8d,write8
29467622500,0x389,0xf5,write8
29467674125,0x388,0xed,write8
29467772250,0x389,0x00,write8
29467828500,0x388,0xa5,write8
29467926500,0x389,0x85,write8
29467978125,0x388,0xb5,write8
29468076250,0x389,0x2a,write8
29468136750,0x388,0xb6,write8
29468234875,0x389,0x0e,write8
29468287625,0x388,0xc6,write8
29468385625,0x389,0x00,write8
29468437625,0x388,0x30,write8
29468535750,0x389,0x00,write8
29468587375,0x388,0x50,write8
29468685375,0x389,0x0c,write8
29468737125,0x388,0x70,write8
29468835125,0x389,0xc8,write8
29468886875,0x388,0x90,write8
29468984875,0x389,0x4c,write8
29469036625,0x388,0xf0,write8
29469134625,0x389,0x00,write8
29469186875,0x388,0x33,write8
29469284875,0x389,0x20,write8
29469336625,0x388,0x53,write8
29469434625,0x389,0x00,write8
29469486250,0x388,0x73,write8
29469584375,0x389,0xd6,write8
29469636000,0x388,0x93,write8
29469734000,0x389,0xff,write8
29469785750,0x388,0xf3,write8
29469883750,0x389,0x00,write8
29469939500,0x388,0xa6,write8
29470037625,0x389,0x90,write8
29470089125,0x388,0xb6,write8
29470187250,0x389,0x27,write8
29470248125,0x388,0xb7,write8
29470346375,0x389,0x07,write8
29470399000,0x388,0xc7,write8
29470497000,0x389,0x00,write8
29470549125,0x388,0x31,write8
29470647125,0x389,0x20,write8
29470698875,0x388,0x51,write8
29470796875,0x389,0x00,write8
29470848500,0x388,0x71,write8
29470946500,0x389,0xfa,write8
29470998250,0x388,0x91,write8
29471096375,0x389,0x6a,write8
29471148125,0x388,0xf1,write8
29471246125,0x389,0x00,write8
29471298375,0x388,0x34,write8
29471396375,0x389,0x26,write8
29471448000,0x388,0x54,write8
29471546000,0x389,0x07,write8
29471597750,0x388,0x74,write8
29471695750,0x389,0xaa,write8
29471747500,0x388,0x94,write8
29471845500,0x389,0xfa,write8
29471897125,0x388,0xf4,write8
29471995125,0x389,0x00,write8
29472052250,0x388,0xa7,write8
29472150250,0x389,0x85,write8
29472201875,0x388,0xb7,write8
29472299875,0x389,0x2e,write8
29472361375,0x388,0xb8,write8
29472459500,0x389,0x0a,write8
29472512250,0x388,0xc8,write8
29472610250,0x389,0x00,write8
29472662250,0x388,0x32,write8
29472760375,0x389,0x20,write8
29472812000,0x388,0x52,write8
29472910000,0x389,0x00,write8
29472961750,0x388,0x72,write8
29473059875,0x389,0xfa,write8
29473111625,0x388,0x92,write8
29473209625,0x389,0x6a,write8
29473261250,0x388,0xf2,write8
29473359250,0x389,0x00,write8
29473411500,0x388,0x35,write8
29473509500,0x389,0x26,write8
29473561250,0x388,0x55,write8
29473659250,0x389,0x07,write8
29473710875,0x388,0x75,write8
29473809000,0x389,0xaa,write8
29473860625,0x388,0x95,write8
29473958625,0x389,0xfa,write8
29474010500,0x388,0xf5,write8
29474108500,0x389,0x00,write8
29474166125,0x388,0xa8,write8
29474264125,0x389,0x00,write8
29474315625,0x388,0xb8,write8
29474413750,0x389,0x32,write8
29508298125,0x388,0xb6,write8
29508396125,0x389,0x07,write8
29508455500,0x388,0xb7,write8
29508553500,0x389,0x0e,write8
29508613375,0x388,0xb8,write8
29508711375,0x389,0x12,write8
29548444125,0x388,0xb5,write8
29548542125,0x389,0x0a,write8
29556895000,0x388,0xb4,write8
29556993000,0x389,0x0a,write8
29559004750,0x388,0xb3,write8
29559102750,0x389,0x0a,write8
29563229375,0x388,0xb1,write8
29563327125,0x389,0x0e,write8
29573839000,0x388,0xb2,write8
29573937000,0x389,0x0b,write8
29590698500,0x388,0xb0,write8
29590796500,0x389,0x13,write8
29628731250,0x388,0xb0,write8
29628829250,0x389,0x13,write8
29628881875,0x388,0xc0,write8
29628980000,0x389,0x0a,write8
29629032125,0x388,0x20,write8
29629130125,0x389,0x22,write8
29629181875,0x388,0x40,write8
29629279875,0x389,0x19,write8
29629331625,0x388,0x60,write8
29629429625,0x389,0xc6,write8
29629481250,0x388,0x80,write8
29629579250,0x389,0x77,write8
29629631000,0x388,0xe0,write8
29629729000,0x389,0x00,write8
29629781250,0x388,0x23,write8
29629879250,0x389,0x22,write8
29629931000,0x388,0x43,write8
29630029125,0x389,0x40,write8
29630080750,0x388,0x63,write8
29630178750,0x389,0xf4,write8
29630230500,0x388,0x83,write8
29630328500,0x389,0xf7,write8
29630380250,0x388,0xe3,write8
29630478250,0x389,0x00,write8
29630533875,0x388,0xa0,write8
29630632000,0x389,0x00,write8
29630683500,0x388,0xb0,write8
29630781500,0x389,0x26,write8
29632957375,0x388,0xb1,write8
29633055500,0x389,0x0e,write8
29633108125,0x388,0xc1,write8
29633206250,0x389,0x0e,write8
29633258250,0x388,0x21,write8
29633356250,0x389,0xe6,write8
29633408000,0x388,0x41,write8
29633506000,0x389,0xe7,write8
29633557750,0x388,0x61,write8
29633655750,0x389,0x80,write8
29633707375,0x388,0x81,write8
29633805375,0x389,0x01,write8
29633857125,0x388,0xe1,write8
29633955125,0x389,0x00,write8
29634007500,0x388,0x24,write8
29634105500,0x389,0xe4,write8
29634157125,0x388,0x44,write8
29634255000,0x389,0x8d,write8
29634306500,0x388,0x64,write8
29634404125,0x389,0xf5,write8
29634455625,0x388,0x84,write8
29634553250,0x389,0x07,write8
29634604875,0x388,0xe4,write8
29634702625,0x389,0x00,write8
29634758750,0x388,0xa1,write8
29634856375,0x389,0x00,write8
29634907750,0x388,0xb1,write8
29635005500,0x389,0x2a,write8
29635063875,0x388,0xb2,write8
29635161500,0x389,0x0b,write8
29635214000,0x388,0xc2,write8
29635311625,0x389,0x0e,write8
29635363500,0x388,0x22,write8
29635461125,0x389,0xe6,write8
29635512625,0x388,0x42,write8
29635610250,0x389,0xe7,write8
29635661750,0x388,0x62,write8
29635759625,0x389,0x80,write8
29635811375,0x388,0x82,write8
29635909375,0x389,0x01,write8
29635961000,0x388,0xe2,write8
29636059125,0x389,0x00,write8
29636111375,0x388,0x25,write8
29636209375,0x389,0xe4,write8
29636261125,0x388,0x45,write8
29636359125,0x389,0x8d,write8
29636410750,0x388,0x65,write8
29636508750,0x389,0xf5,write8
29636560500,0x388,0x85,write8
29636658500,0x389,0x07,write8
29636710250,0x388,0xe5,write8
29636808250,0x389,0x00,write8
29636865250,0x388,0xa2,write8
29636963250,0x389,0x85,write8
29637014875,0x388,0xb2,write8
29637113000,0x389,0x2e,write8
29637172000,0x388,0xb3,write8
29637270000,0x389,0x0a,write8
29637322750,0x388,0xc3,write8
29637420750,0x389,0x00,write8
29637472875,0x388,0x28,write8
29637570875,0x389,0x00,write8
29637622625,0x388,0x48,write8
29637720625,0x389,0x0c,write8
29637772250,0x388,0x68,write8
29637870250,0x389,0xc8,write8
29637922000,0x388,0x88,write8
29638020125,0x389,0x4c,write8
29638071875,0x388,0xe8,write8
29638169875,0x389,0x00,write8
29638222000,0x388,0x2b,write8
29638320000,0x389,0x20,write8
29638371750,0x388,0x4b,write8
29638469750,0x389,0x00,write8
29638521500,0x388,0x6b,write8
29638619500,0x389,0xd6,write8
29638671250,0x388,0x8b,write8
29638769250,0x389,0xff,write8
29638820875,0x388,0xeb,write8
29638918875,0x389,0x00,write8
29638974625,0x388,0xa3,write8
29639072750,0x389,0x90,write8
29639124375,0x388,0xb3,write8
29639222375,0x389,0x27,write8
29639282000,0x388,0xb4,write8
29639380000,0x389,0x0a,write8
29639432750,0x388,0xc4,write8
29639530750,0x389,0x08,write8
29639582750,0x388,0x29,write8
29639680750,0x389,0x20,write8
29639732500,0x388,0x49,write8
29639830500,0x389,0x24,write8
29639882250,0x388,0x69,write8
29639980250,0x389,0x62,write8
29640032000,0x388,0x89,write8
29640130000,0x389,0x75,write8
29640181750,0x388,0xe9,write8
29640279750,0x389,0x01,write8
29640332000,0x388,0x2c,write8
29640430000,0x389,0x22,write8
29640481750,0x388,0x4c,write8
29640579750,0x389,0x02,write8
29640631375,0x388,0x6c,write8
29640729375,0x389,0xa8,write8
29640781125,0x388,0x8c,write8
29640879125,0x389,0xf5,write8
29640930875,0x388,0xec,write8
29641029000,0x389,0x00,write8
29641085375,0x388,0xa4,write8
29641183375,0x389,0x5e,write8
29641234875,0x388,0xb4,write8
29641332875,0x389,0x2b,write8
29641393000,0x388,0xb5,write8
29641491000,0x389,0x0a,write8
29641543750,0x388,0xc5,write8
29641641750,0x389,0x0a,write8
29641693875,0x388,0x2a,write8
29641791875,0x389,0x28,write8
29641843500,0x388,0x4a,write8
29641941500,0x389,0x2b,write8
29641993250,0x388,0x6a,write8
29642091375,0x389,0xe6,write8
29642143125,0x388,0x8a,write8
29642241125,0x389,0x97,write8
29642292875,0x388,0xea,write8
29642390875,0x389,0x02,write8
29642443000,0x388,0x2d,write8
29642541000,0x389,0x22,write8
29642592750,0x388,0x4d,write8
29642690750,0x389,0x08,write8
29642742500,0x388,0x6d,write8
29642840500,0x389,0xf6,write8
29642892125,0x388,0x8d,write8
29642990125,0x389,0xf7,write8
29643042000,0x388,0xed,write8
29643140000,0x389,0x00,write8
29643197625,0x388,0xa5,write8
29643295625,0x389,0x85,write8
29643347250,0x388,0xb5,write8
29643445250,0x389,0x32,write8
29681594375,0x388,0xb3,write8
29681692375,0x389,0x07,write8
29681750750,0x388,0xb5,write8
29681848750,0x389,0x12,write8
29740712000,0x388,0xb4,write8
29740810000,0x389,0x0b,write8
29795643625,0x388,0xb0,write8
29795741625,0x389,0x06,write8
29804096625,0x388,0xb0,write8
29804194625,0x389,0x06,write8
29804247375,0x388,0xc0,write8
29804345375,0x389,0x0e,write8
29804397500,0x388,0x20,write8
29804495500,0x389,0xe6,write8
29804547125,0x388,0x40,write8
29804645250,0x389,0xe7,write8
29804696875,0x388,0x60,write8
29804794875,0x389,0x80,write8
29804846625,0x388,0x80,write8
29804944625,0x389,0x01,write8
29804996375,0x388,0xe0,write8
29805094500,0x389,0x00,write8
29805146625,0x388,0x23,write8
29805244625,0x389,0xe4,write8
29805296375,0x388,0x43,write8
29805394375,0x389,0x8d,write8
29805446000,0x388,0x63,write8
29805543625,0x389,0xf5,write8
29805595125,0x388,0x83,write8
29805692750,0x389,0x07,write8
29805744250,0x388,0xe3,write8
29805842000,0x389,0x00,write8
29805898250,0x388,0xa0,write8
29805995875,0x389,0x00,write8
29806047375,0x388,0xb0,write8
29806145000,0x389,0x2b,write8
29916073625,0x388,0xb2,write8
29916171625,0x389,0x0e,write8
29947768500,0x388,0xb1,write8
29947866625,0x389,0x0a,write8
29968898500,0x388,0xb1,write8
29968996625,0x389,0x0a,write8
29969049375,0x388,0xc1,write8
29969147375,0x389,0x0a,write8
29969199500,0x388,0x21,write8
29969297500,0x389,0x22,write8
29969349250,0x388,0x41,write8
29969447250,0x389,0x19,write8
29969498875,0x388,0x61,write8
29969596875,0x389,0xc6,write8
29969648625,0x388,0x81,write8
29969746625,0x389,0x77,write8
29969798375,0x388,0xe1,write8
29969896375,0x389,0x00,write8
29969948500,0x388,0x24,write8
29970046750,0x389,0x22,write8
29970098375,0x388,0x44,write8
29970196375,0x389,0x40,write8
29970248125,0x388,0x64,write8
29970346125,0x389,0xf4,write8
29970397875,0x388,0x84,write8
29970495875,0x389,0xf7,write8
29970547500,0x388,0xe4,write8
29970645500,0x389,0x00,write8
29970701250,0x388,0xa1,write8
29970799250,0x389,0x00,write8
29970850875,0x388,0xb1,write8
29970948875,0x389,0x26,write8
29973124625,0x388,0xb2,write8
29973222750,0x389,0x0e,write8
29973275375,0x388,0xc2,write8
29973373375,0x389,0x0a,write8
29973425500,0x388,0x22,write8
29973523500,0x389,0x28,write8
29973575250,0x388,0x42,write8
29973673250,0x389,0x2b,write8
29973724875,0x388,0x62,write8
29973822875,0x389,0xe6,write8
29973874625,0x388,0x82,write8
29973972625,0x389,0x97,write8
29974024500,0x388,0xe2,write8
29974122500,0x389,0x02,write8
29974174625,0x388,0x25,write8
29974272750,0x389,0x22,write8
29974324375,0x388,0x45,write8
29974422375,0x389,0x08,write8
29974474125,0x388,0x65,write8
29974572125,0x389,0xf6,write8
29974623875,0x388,0x85,write8
29974721875,0x389,0xf7,write8
29974773500,0x388,0xe5,write8
29974871500,0x389,0x00,write8
29974927875,0x388,0xa2,write8
29975026000,0x389,0x00,write8
29975077625,0x388,0xb2,write8
29975175625,0x389,0x2b,write8
29975234750,0x388,0xb3,write8
29975332750,0x389,0x07,write8
29975385500,0x388,0xc3,write8
29975483500,0x389,0x0a,write8
29975535500,0x388,0x28,write8
29975633500,0x389,0x28,write8
29975685250,0x388,0x48,write8
29975783250,0x389,0x2b,write8
29975835000,0x388,0x68,write8
29975933000,0x389,0xe6,write8
29975984625,0x388,0x88,write8
29976082875,0x389,0x97,write8
29976134500,0x388,0xe8,write8
29976232500,0x389,0x02,write8
29976284750,0x388,0x2b,write8
29976382750,0x389,0x22,write8
29976434500,0x388,0x4b,write8
29976532500,0x389,0x08,write8
29976584125,0x388,0x6b,write8
29976682000,0x389,0xf6,write8
29976733500,0x388,0x8b,write8
29976831125,0x389,0xf7,write8
29976882625,0x388,0xeb,write8
29976980250,0x389,0x00,write8
29977036625,0x388,0xa3,write8
29977134375,0x389,0x85,write8
29977185750,0x388,0xb3,write8
29977283375,0x389,0x2a,write8
29977342750,0x388,0xb4,write8
29977440375,0x389,0x0b,write8
29977492875,0x388,0xc4,write8
29977590500,0x389,0x0a,write8
29977642375,0x388,0x29,write8
29977740000,0x389,0x28,write8
29977791500,0x388,0x49,write8
29977889125,0x389,0x2b,write8
29977940625,0x388,0x69,write8
29978038375,0x389,0xe6,write8
29978089875,0x388,0x89,write8
29978187750,0x389,0x97,write8
29978239375,0x388,0xe9,write8
29978337375,0x389,0x02,write8
29978389625,0x388,0x2c,write8
29978487625,0x389,0x22,write8
29978539375,0x388,0x4c,write8
29978637375,0x389,0x08,write8
29978689125,0x388,0x6c,write8
29978787125,0x389,0xf6,write8
29978838750,0x388,0x8c,write8
29978936750,0x389,0xf7,write8
29978988500,0x388,0xec,write8
29979086625,0x389,0x00,write8
29979143000,0x388,0xa4,write8
29979241000,0x389,0x00,write8
29979292625,0x388,0xb4,write8
29979390625,0x389,0x2a,write8
29979450625,0x388,0xb5,write8
29979548750,0x389,0x12,write8
29979601375,0x388,0xc5,write8
29979699375,0x389,0x0e,write8
29979751500,0x388,0x2a,write8
29979849500,0x389,0xe6,write8
29979901250,0x388,0x4a,write8
29979999250,0x389,0xe7,write8
29980051000,0x388,0x6a,write8
29980149000,0x389,0x80,write8
29980200750,0x388,0x8a,write8
29980298750,0x389,0x01,write8
29980350500,0x388,0xea,write8
29980448500,0x389,0x00,write8
29980500750,0x388,0x2d,write8
29980598750,0x389,0xe4,write8
29980650375,0x388,0x4d,write8
29980748375,0x389,0x8d,write8
29980800125,0x388,0x6d,write8
29980898125,0x389,0xf5,write8
29980949875,0x388,0x8d,write8
29981048000,0x389,0x07,write8
29981099625,0x388,0xed,write8
29981197625,0x389,0x00,write8
29981254625,0x388,0xa5,write8
29981352625,0x389,0x00,write8
29981404250,0x388,0xb5,write8
29981502250,0x389,0x2e,write8
29981562875,0x388,0xb6,write8
29981660875,0x389,0x07,write8
29981713625,0x388,0xc6,write8
29981811625,0x389,0x0e,write8
29981863625,0x388,0x30,write8
29981961750,0x389,0xe6,write8
29982013500,0x388,0x50,write8
29982111500,0x389,0xe7,write8
29982163250,0x388,0x70,write8
29982261250,0x389,0x80,write8
29982313000,0x388,0x90,write8
29982411000,0x389,0x01,write8
29982462625,0x388,0xf0,write8
29982560625,0x389,0x00,write8
29982612875,0x388,0x33,write8
29982710875,0x389,0xe4,write8
29982762625,0x388,0x53,write8
29982860625,0x389,0x8d,write8
29982912250,0x388,0x73,write8
29983010500,0x389,0xf5,write8
29983062125,0x388,0x93,write8
29983160125,0x389,0x07,write8
29983211875,0x388,0xf3,write8
29983309875,0x389,0x00,write8
29983366250,0x388,0xa6,write8
29983464250,0x389,0x85,write8
29983515750,0x388,0xb6,write8
29983613875,0x389,0x2a,write8
29983674875,0x388,0xb7,write8
29983773000,0x389,0x0e,write8
29983825625,0x388,0xc7,write8
29983923625,0x389,0x0a,write8
29983975750,0x388,0x31,write8
29984073875,0x389,0x2a,write8
29984125625,0x388,0x51,write8
29984223625,0x389,0x28,write8
29984275250,0x388,0x71,write8
29984373250,0x389,0xe6,write8
29984425000,0x388,0x91,write8
29984523000,0x389,0xd7,write8
29984574750,0x388,0xf1,write8
29984672750,0x389,0x00,write8
29984724875,0x388,0x34,write8
29984823000,0x389,0x22,write8
29984874625,0x388,0x54,write8
29984972625,0x389,0x06,write8
29985024500,0x388,0x74,write8
29985122500,0x389,0xf6,write8
29985174250,0x388,0x94,write8
29985272250,0x389,0xf7,write8
29985323875,0x388,0xf4,write8
29985421875,0x389,0x00,write8
29985478875,0x388,0xa7,write8
29985576875,0x389,0x00,write8
29985628500,0x388,0xb7,write8
29985726500,0x389,0x2f,write8
29985788125,0x388,0xb8,write8
29985886125,0x389,0x12,write8
29985938875,0x388,0xc8,write8
29986037000,0x389,0x0e,write8
29986089000,0x388,0x32,write8
29986187000,0x389,0x21,write8
29986238750,0x388,0x52,write8
29986336750,0x389,0xcd,write8
29986388500,0x388,0x72,write8
29986486500,0x389,0x98,write8
29986538250,0x388,0x92,write8
29986636250,0x389,0x3f,write8
29986687875,0x388,0xf2,write8
29986785875,0x389,0x00,write8
29986838125,0x388,0x35,write8
29986936125,0x389,0x21,write8
29986987875,0x388,0x55,write8
29987086000,0x389,0x02,write8
29987137625,0x388,0x75,write8
29987235625,0x389,0x65,write8
29987287375,0x388,0x95,write8
29987385375,0x389,0x2a,write8
29987437125,0x388,0xf5,write8
29987535125,0x389,0x00,write8
29987592750,0x388,0xa8,write8
29987690750,0x389,0x00,write8
29987742250,0x388,0xb8,write8
29987840375,0x389,0x33,write8
29987934625,0x388,0xb0,write8
29988032875,0x389,0x0b,write8
30023831625,0x388,0xb3,write8
30023929625,0x389,0x0a,write8
30028057750,0x388,0xb4,write8
30028155750,0x389,0x0a,write8
30036508375,0x388,0xb2,write8
30036606375,0x389,0x0b,write8
30080876500,0x388,0xb5,write8
30080974500,0x389,0x0e,write8
30082990250,0x388,0xb1,write8
30083088375,0x389,0x06,write8
30102005750,0x388,0xb6,write8
30102103750,0x389,0x0a,write8
30106231500,0x388,0xb7,write8
30106329125,0x389,0x0f,write8
30150602000,0x388,0xb0,write8
30150700125,0x389,0x0b,write8
30150752750,0x388,0xc0,write8
30150850750,0x389,0x0e,write8
30150902875,0x388,0x20,write8
30151001000,0x389,0xe6,write8
30151052750,0x388,0x40,write8
30151150750,0x389,0xe7,write8
30151202375,0x388,0x60,write8
30151300375,0x389,0x80,write8
30151352125,0x388,0x80,write8
30151450125,0x389,0x01,write8
30151501875,0x388,0xe0,write8
30151599875,0x389,0x00,write8
30151652000,0x388,0x23,write8
30151750125,0x389,0xe4,write8
30151801750,0x388,0x43,write8
30151899750,0x389,0x8d,write8
30151951500,0x388,0x63,write8
30152049625,0x389,0xf5,write8
30152101375,0x388,0x83,write8
30152199375,0x389,0x07,write8
30152251000,0x388,0xe3,write8
30152349000,0x389,0x00,write8
30152405375,0x388,0xa0,write8
30152503375,0x389,0x00,write8
30152555000,0x388,0xb0,write8
30152653000,0x389,0x2b,write8
30152711125,0x388,0xb1,write8
30152809125,0x389,0x06,write8
30152861875,0x388,0xc1,write8
30152959875,0x389,0x0a,write8
30153012000,0x388,0x21,write8
30153110000,0x389,0x28,write8
30153161750,0x388,0x41,write8
30153259750,0x389,0x2b,write8
30153311500,0x388,0x61,write8
30153409500,0x389,0xe6,write8
30153461125,0x388,0x81,write8
30153559125,0x389,0x97,write8
30153610875,0x388,0xe1,write8
30153708875,0x389,0x02,write8
30153761125,0x388,0x24,write8
30153859125,0x389,0x22,write8
30153910875,0x388,0x44,write8
30154009000,0x389,0x08,write8
30154060625,0x388,0x64,write8
30154158625,0x389,0xf6,write8
30154210375,0x388,0x84,write8
30154308375,0x389,0xf7,write8
30154360125,0x388,0xe4,write8
30154458125,0x389,0x00,write8
30154514500,0x388,0xa1,write8
30154612500,0x389,0x00,write8
30154664000,0x388,0xb1,write8
30154762000,0x389,0x2b,write8
30154820625,0x388,0xb2,write8
30154918625,0x389,0x0b,write8
30154971375,0x388,0xc2,write8
30155069500,0x389,0x0a,write8
30155121625,0x388,0x22,write8
30155219625,0x389,0x28,write8
30155271250,0x388,0x42,write8
30155369250,0x389,0x2b,write8
30155421000,0x388,0x62,write8
30155519000,0x389,0xe6,write8
30155570750,0x388,0x82,write8
30155668750,0x389,0x97,write8
30155720500,0x388,0xe2,write8
30155818500,0x389,0x02,write8
30155870625,0x388,0x25,write8
30155968625,0x389,0x22,write8
30156020500,0x388,0x45,write8
30156118500,0x389,0x08,write8
30156170250,0x388,0x65,write8
30156268250,0x389,0xf6,write8
30156319875,0x388,0x85,write8
30156417875,0x389,0xf7,write8
30156469625,0x388,0xe5,write8
30156567625,0x389,0x00,write8
30156624000,0x388,0xa2,write8
30156722000,0x389,0x00,write8
30156773625,0x388,0xb2,write8
30156871625,0x389,0x2a,write8
30156930750,0x388,0xb3,write8
30157028875,0x389,0x0a,write8
30157081500,0x388,0xc3,write8
30157179500,0x389,0x0a,write8
30157231625,0x388,0x28,write8
30157329625,0x389,0x28,write8
30157381375,0x388,0x48,write8
30157479375,0x389,0x2b,write8
30157531000,0x388,0x68,write8
30157629125,0x389,0xe6,write8
30157680750,0x388,0x88,write8
30157778750,0x389,0x97,write8
30157830500,0x388,0xe8,write8
30157928500,0x389,0x02,write8
30157980750,0x388,0x2b,write8
30158078875,0x389,0x22,write8
30158130500,0x388,0x4b,write8
30158228500,0x389,0x08,write8
30158280250,0x388,0x6b,write8
30158378250,0x389,0xf6,write8
30158430000,0x388,0x8b,write8
30158528000,0x389,0xf7,write8
30158579625,0x388,0xeb,write8
30158677750,0x389,0x00,write8
30158734000,0x388,0xa3,write8
30158832000,0x389,0x85,write8
30158883625,0x388,0xb3,write8
30158981625,0x389,0x2a,write8
30159041375,0x388,0xb4,write8
30159139375,0x389,0x0a,write8
30159192125,0x388,0xc4,write8
30159290125,0x389,0x00,write8
30159342125,0x388,0x29,write8
30159440250,0x389,0x00,write8
30159491875,0x388,0x49,write8
30159589875,0x389,0x0c,write8
30159641625,0x388,0x69,write8
30159739625,0x389,0xc8,write8
30159791375,0x388,0x89,write8
30159889375,0x389,0x4c,write8
30159941000,0x388,0xe9,write8
30160039125,0x389,0x00,write8
30160091375,0x388,0x2c,write8
30160189375,0x389,0x20,write8
30160241125,0x388,0x4c,write8
30160339125,0x389,0x00,write8
30160390750,0x388,0x6c,write8
30160488875,0x389,0xd6,write8
30160540500,0x388,0x8c,write8
30160638500,0x389,0xff,write8
30160690250,0x388,0xec,write8
30160788250,0x389,0x00,write8
30160844000,0x388,0xa4,write8
30160942000,0x389,0x90,write8
30160993500,0x388,0xb4,write8
30161091750,0x389,0x27,write8
30161151750,0x388,0xb5,write8
30161249875,0x389,0x0e,write8
30161302500,0x388,0xc5,write8
30161400500,0x389,0x00,write8
30161452625,0x388,0x2a,write8
30161550625,0x389,0x20,write8
30161602375,0x388,0x4a,write8
30161700375,0x389,0x00,write8
30161752000,0x388,0x6a,write8
30161850000,0x389,0xfa,write8
30161901750,0x388,0x8a,write8
30161999750,0x389,0x6a,write8
30162051625,0x388,0xea,write8
30162149500,0x389,0x00,write8
30162201500,0x388,0x2d,write8
30162299125,0x389,0x26,write8
30162350625,0x388,0x4d,write8
30162448250,0x389,0x07,write8
30162499875,0x388,0x6d,write8
30162597625,0x389,0xaa,write8
30162649125,0x388,0x8d,write8
30162746750,0x389,0xfa,write8
30162798250,0x388,0xed,write8
30162895875,0x389,0x00,write8
30162952625,0x388,0xa5,write8
30163050375,0x389,0x85,write8
30163101750,0x388,0xb5,write8
30163199375,0x389,0x2e,write8
30163271000,0x388,0xb6,write8
30163368625,0x389,0x0a,write8
30163421125,0x388,0xc6,write8
30163518750,0x389,0x0a,write8
30163570625,0x388,0x30,write8
30163668500,0x389,0x22,write8
30163720125,0x388,0x50,write8
30163818125,0x389,0x19,write8
30163869875,0x388,0x70,write8
30163967875,0x389,0xc6,write8
30164019750,0x388,0x90,write8
30164117750,0x389,0x77,write8
30164169375,0x388,0xf0,write8
30164267375,0x389,0x00,write8
30164319625,0x388,0x33,write8
30164417625,0x389,0x22,write8
30164469375,0x388,0x53,write8
30164567375,0x389,0x40,write8
30164619125,0x388,0x73,write8
30164717125,0x389,0xf4,write8
30164768750,0x388,0x93,write8
30164866750,0x389,0xf7,write8
30164918500,0x388,0xf3,write8
30165016625,0x389,0x00,write8
30165072375,0x388,0xa6,write8
30165170375,0x389,0x00,write8
30165222000,0x388,0xb6,write8
30165320000,0x389,0x26,write8
30176001000,0x388,0xb8,write8
30176099000,0x389,0x13,write8
30197084875,0x388,0xb4,write8
30197182875,0x389,0x07,write8
30197241250,0x388,0xb5,write8
30197339250,0x389,0x0e,write8
30226664000,0x388,0xb3,write8
30226762000,0x389,0x0a,write8
30230889000,0x388,0xb1,write8
30230987000,0x389,0x0b,write8
30235114875,0x388,0xb2,write8
30235212875,0x389,0x0a,write8
30285822125,0x388,0xb0,write8
30285920125,0x389,0x0b,write8
30323854875,0x388,0xb0,write8
30323952875,0x389,0x0b,write8
30324005625,0x388,0xc0,write8
30324103625,0x389,0x0e,write8
30324155750,0x388,0x20,write8
30324253750,0x389,0x21,write8
30324305500,0x388,0x40,write8
30324403500,0x389,0xcd,write8
30324455125,0x388,0x60,write8
30324553125,0x389,0x98,write8
30324604875,0x388,0x80,write8
30324702875,0x389,0x3f,write8
30324754625,0x388,0xe0,write8
30324852625,0x389,0x00,write8
30324904875,0x388,0x23,write8
30325003000,0x389,0x21,write8
30325054625,0x388,0x43,write8
30325152625,0x389,0x02,write8
30325204375,0x388,0x63,write8
30325302375,0x389,0x65,write8
30325354125,0x388,0x83,write8
30325452125,0x389,0x2a,write8
30325503750,0x388,0xe3,write8
30325601750,0x389,0x00,write8
30325659375,0x388,0xa0,write8
30325757375,0x389,0x00,write8
30325809000,0x388,0xb0,write8
30325907000,0x389,0x33,write8
30325965125,0x388,0xb1,write8
30326063250,0x389,0x0b,write8
30326116000,0x388,0xc1,write8
30326214000,0x389,0x0e,write8
30326266000,0x388,0x21,write8
30326364000,0x389,0xe6,write8
30326415750,0x388,0x41,write8
30326513750,0x389,0xe7,write8
30326565500,0x388,0x61,write8
30326663500,0x389,0x80,write8
30326715250,0x388,0x81,write8
30326813250,0x389,0x01,write8
30326864875,0x388,0xe1,write8
30326962875,0x389,0x00,write8
30327015250,0x388,0x24,write8
30327113250,0x389,0xe4,write8
30327165000,0x388,0x44,write8
30327263000,0x389,0x8d,write8
30327314625,0x388,0x64,write8
30327412625,0x389,0xf5,write8
30327464375,0x388,0x84,write8
30327562375,0x389,0x07,write8
30327614125,0x388,0xe4,write8
30327712125,0x389,0x00,write8
30327768500,0x388,0xa1,write8
30327866500,0x389,0x85,write8
30327918000,0x388,0xb1,write8
30328016125,0x389,0x2a,write8
30328074750,0x388,0xb2,write8
30328172750,0x389,0x0a,write8
30328225500,0x388,0xc2,write8
30328323500,0x389,0x0e,write8
30328375625,0x388,0x22,write8
30328473625,0x389,0xe6,write8
30328525250,0x388,0x42,write8
30328623375,0x389,0xe7,write8
30328675000,0x388,0x62,write8
30328773000,0x389,0x80,write8
30328824750,0x388,0x82,write8
30328922750,0x389,0x01,write8
30328974500,0x388,0xe2,write8
30329072625,0x389,0x00,write8
30329124750,0x388,0x25,write8
30329222750,0x389,0xe4,write8
30329274500,0x388,0x45,write8
30329372500,0x389,0x8d,write8
30329424250,0x388,0x65,write8
30329522250,0x389,0xf5,write8
30329573875,0x388,0x85,write8
30329672000,0x389,0x07,write8
30329723625,0x388,0xe5,write8
30329821625,0x389,0x00,write8
30329878625,0x388,0xa2,write8
30329976625,0x389,0x00,write8
30330028375,0x388,0xb2,write8
30330126375,0x389,0x2e,write8
30330185500,0x388,0xb3,write8
30330283500,0x389,0x0a,write8
30330336125,0x388,0xc3,write8
30330434250,0x389,0x0a,write8
30330486250,0x388,0x28,write8
30330584250,0x389,0x2a,write8
30330636000,0x388,0x48,write8
30330734000,0x389,0x28,write8
30330785750,0x388,0x68,write8
30330883750,0x389,0xe6,write8
30330935375,0x388,0x88,write8
30331033500,0x389,0xd7,write8
30331085250,0x388,0xe8,write8
30331183250,0x389,0x00,write8
30331235500,0x388,0x2b,write8
30331333500,0x389,0x22,write8
30331385125,0x388,0x4b,write8
30331483250,0x389,0x06,write8
30331534875,0x388,0x6b,write8
30331632875,0x389,0xf6,write8
30331684625,0x388,0x8b,write8
30331782625,0x389,0xf7,write8
30331834375,0x388,0xeb,write8
30331932375,0x389,0x00,write8
30331989250,0x388,0xa3,write8
30332087500,0x389,0x00,write8
30332139000,0x388,0xb3,write8
30332237000,0x389,0x2f,write8
30332296625,0x388,0xb4,write8
30332394625,0x389,0x07,write8
30332447375,0x388,0xc4,write8
30332545375,0x389,0x0a,write8
30332597500,0x388,0x29,write8
30332695500,0x389,0x28,write8
30332747125,0x388,0x49,write8
30332845125,0x389,0x2b,write8
30332896875,0x388,0x69,write8
30332994875,0x389,0xe6,write8
30333046750,0x388,0x89,write8
30333144750,0x389,0x97,write8
30333196375,0x388,0xe9,write8
30333294500,0x389,0x02,write8
30333346625,0x388,0x2c,write8
30333444250,0x389,0x22,write8
30333495750,0x388,0x4c,write8
30333593375,0x389,0x08,write8
30333644875,0x388,0x6c,write8
30333742625,0x389,0xf6,write8
30333794250,0x388,0x8c,write8
30333891875,0x389,0xf7,write8
30333943375,0x388,0xec,write8
30334041125,0x389,0x00,write8
30334098500,0x388,0xa4,write8
30334196125,0x389,0x00,write8
30334247500,0x388,0xb4,write8
30334345125,0x389,0x32,write8
30366110125,0x388,0xb6,write8
30366208125,0x389,0x06,write8
30370334750,0x388,0xb4,write8
30370432750,0x389,0x12,write8
30467524875,0x388,0xb3,write8
30467622875,0x389,0x0f,write8
30473865625,0x388,0xb2,write8
30473963625,0x389,0x0e,write8
30482315875,0x388,0xb0,write8
30482413875,0x389,0x13,write8
30494994625,0x388,0xb0,write8
30495092750,0x389,0x13,write8
30495145500,0x388,0xc0,write8
30495243500,0x389,0x0e,write8
30495295625,0x388,0x20,write8
30495393625,0x389,0x21,write8
30495445250,0x388,0x40,write8
30495543250,0x389,0xcd,write8
30495595000,0x388,0x60,write8
30495693000,0x389,0x98,write8
30495744750,0x388,0x80,write8
30495842750,0x389,0x3f,write8
30495894375,0x388,0xe0,write8
30495992375,0x389,0x00,write8
30496044750,0x388,0x23,write8
30496142750,0x389,0x21,write8
30496194500,0x388,0x43,write8
30496292500,0x389,0x02,write8
30496344250,0x388,0x63,write8
30496442250,0x389,0x65,write8
30496493875,0x388,0x83,write8
30496591875,0x389,0x2a,write8
30496643625,0x388,0xe3,write8
30496741625,0x389,0x00,write8
30496799250,0x388,0xa0,write8
30496897250,0x389,0xab,write8
30496948875,0x388,0xb0,write8
30497047000,0x389,0x32,write8
30497105625,0x388,0xb2,write8
30497203625,0x389,0x0e,write8
30497256250,0x388,0xc2,write8
30497354250,0x389,0x0a,write8
30497406375,0x388,0x22,write8
30497504375,0x389,0x2a,write8
30497556125,0x388,0x42,write8
30497654125,0x389,0x28,write8
30497705750,0x388,0x62,write8
30497803750,0x389,0xe6,write8
30497855500,0x388,0x82,write8
30497953500,0x389,0xd7,write8
30498005375,0x388,0xe2,write8
30498103375,0x389,0x00,write8
30498155625,0x388,0x25,write8
30498253625,0x389,0x22,write8
30498305250,0x388,0x45,write8
30498403250,0x389,0x06,write8
30498455000,0x388,0x65,write8
30498553000,0x389,0xf6,write8
30498604750,0x388,0x85,write8
30498702750,0x389,0xf7,write8
30498754375,0x388,0xe5,write8
30498852375,0x389,0x00,write8
30498909375,0x388,0xa2,write8
30499007500,0x389,0xab,write8
30499059125,0x388,0xb2,write8
30499157125,0x389,0x2e,write8
30499216250,0x388,0xb3,write8
30499314250,0x389,0x0f,write8
30499367000,0x388,0xc3,write8
30499465000,0x389,0x0e,write8
30499517000,0x388,0x28,write8
30499615000,0x389,0xe6,write8
30499666750,0x388,0x48,write8
30499764750,0x389,0xe7,write8
30499816500,0x388,0x68,write8
30499914500,0x389,0x80,write8
30499966250,0x388,0x88,write8
30500064375,0x389,0x01,write8
30500116000,0x388,0xe8,write8
30500214000,0x389,0x00,write8
30500266250,0x388,0x2b,write8
30500364250,0x389,0xe4,write8
30500416000,0x388,0x4b,write8
30500514000,0x389,0x8d,write8
30500565625,0x388,0x6b,write8
30500663625,0x389,0xf5,write8
30500715375,0x388,0x8b,write8
30500813375,0x389,0x07,write8
30500865125,0x388,0xeb,write8
30500963125,0x389,0x00,write8
30501019625,0x388,0xa3,write8
30501117625,0x389,0x00,write8
30501169125,0x388,0xb3,write8
30501267125,0x389,0x2b,write8
30501326750,0x388,0xb4,write8
30501424750,0x389,0x12,write8
30501477500,0x388,0xc4,write8
30501575500,0x389,0x00,write8
30501627625,0x388,0x29,write8
30501725625,0x389,0x20,write8
30501777375,0x388,0x49,write8
30501875375,0x389,0x00,write8
30501927000,0x388,0x69,write8
30502025125,0x389,0xfa,write8
30502076875,0x388,0x89,write8
30502174875,0x389,0x6a,write8
30502226625,0x388,0xe9,write8
30502324625,0x389,0x00,write8
30502376750,0x388,0x2c,write8
30502474750,0x389,0x26,write8
30502526500,0x388,0x4c,write8
30502624500,0x389,0x07,write8
30502676250,0x388,0x6c,write8
30502774250,0x389,0xaa,write8
30502826000,0x388,0x8c,write8
30502924000,0x389,0xfa,write8
30502975625,0x388,0xec,write8
30503073750,0x389,0x00,write8
30503130750,0x388,0xa4,write8
30503228750,0x389,0x85,write8
30503280375,0x388,0xb4,write8
30503378375,0x389,0x2e,write8
30526730000,0x388,0xb4,write8
30526828000,0x389,0x0e,write8
30611200000,0x388,0xb2,write8
30611298000,0x389,0x0e,write8
30655565875,0x388,0xb0,write8
30655663875,0x389,0x12,write8
30668244500,0x388,0xb0,write8
30668342500,0x389,0x12,write8
30668395250,0x388,0xc0,write8
30668493250,0x389,0x0e,write8
30668545375,0x388,0x20,write8
30668643375,0x389,0x21,write8
30668695000,0x388,0x40,write8
30668793000,0x389,0xcd,write8
30668844750,0x388,0x60,write8
30668942750,0x389,0x98,write8
30668994500,0x388,0x80,write8
30669092625,0x389,0x3f,write8
30669144250,0x388,0xe0,write8
30669242250,0x389,0x00,write8
30669294500,0x388,0x23,write8
30669392500,0x389,0x21,write8
30669444250,0x388,0x43,write8
30669542250,0x389,0x02,write8
30669594000,0x388,0x63,write8
30669692000,0x389,0x65,write8
30669743625,0x388,0x83,write8
30669841625,0x389,0x2a,write8
30669893375,0x388,0xe3,write8
30669991375,0x389,0x00,write8
30670049125,0x388,0xa0,write8
30670147125,0x389,0x85,write8
30670198750,0x388,0xb0,write8
30670296750,0x389,0x32,write8
30670355250,0x388,0xb2,write8
30670453375,0x389,0x0e,write8
30670506000,0x388,0xc2,write8
30670604000,0x389,0x0e,write8
30670656125,0x388,0x22,write8
30670754125,0x389,0xe6,write8
30670805875,0x388,0x42,write8
30670903875,0x389,0xe7,write8
30670955500,0x388,0x62,write8
30671053625,0x389,0x80,write8
30671105375,0x388,0x82,write8
30671203375,0x389,0x01,write8
30671255125,0x388,0xe2,write8
30671353125,0x389,0x00,write8
30671405375,0x388,0x25,write8
30671503375,0x389,0xe4,write8
30671555000,0x388,0x45,write8
30671653000,0x389,0x8d,write8
30671704750,0x388,0x65,write8
30671802750,0x389,0xf5,write8
30671854500,0x388,0x85,write8
30671952500,0x389,0x07,write8
30672004250,0x388,0xe5,write8
30672102250,0x389,0x00,write8
30672159250,0x388,0xa2,write8
30672257250,0x389,0x00,write8
30672308875,0x388,0xb2,write8
30672406875,0x389,0x2e,write8
30672466500,0x388,0xb4,write8
30672564500,0x389,0x0e,write8
30672617250,0x388,0xc4,write8
30672715250,0x389,0x0a,write8
30672767250,0x388,0x29,write8
30672865250,0x389,0x2a,write8
30672917000,0x388,0x49,write8
30673015125,0x389,0x28,write8
30673066875,0x388,0x69,write8
30673164875,0x389,0xe6,write8
30673216625,0x388,0x89,write8
30673314625,0x389,0xd7,write8
30673366250,0x388,0xe9,write8
30673464250,0x389,0x00,write8
30673516500,0x388,0x2c,write8
30673614500,0x389,0x22,write8
30673666250,0x388,0x4c,write8
30673764250,0x389,0x06,write8
30673815875,0x388,0x6c,write8
30673913875,0x389,0xf6,write8
30673965625,0x388,0x8c,write8
30674063750,0x389,0xf7,write8
30674115500,0x388,0xec,write8
30674213500,0x389,0x00,write8
30674270500,0x388,0xa4,write8
30674368500,0x389,0x85,write8
30674420000,0x388,0xb4,write8
30674518000,0x389,0x2e,write8
30674578125,0x388,0xb5,write8
30674676125,0x389,0x0e,write8
30674728875,0x388,0xc5,write8
30674826875,0x389,0x0a,write8
30674879000,0x388,0x2a,write8
30674977000,0x389,0x28,write8
30675028875,0x388,0x4a,write8
30675126875,0x389,0x2b,write8
30675178500,0x388,0x6a,write8
30675276500,0x389,0xe6,write8
30675328250,0x388,0x8a,write8
30675426250,0x389,0x97,write8
30675478000,0x388,0xea,write8
30675576000,0x389,0x02,write8
30675628125,0x388,0x2d,write8
30675726250,0x389,0x22,write8
30675777875,0x388,0x4d,write8
30675875500,0x389,0x08,write8
30675927000,0x388,0x6d,write8
30676024750,0x389,0xf6,write8
30676076250,0x388,0x8d,write8
30676174000,0x389,0xf7,write8
30676225625,0x388,0xed,write8
30676323250,0x389,0x00,write8
30676379375,0x388,0xa5,write8
30676477000,0x389,0x85,write8
30676528375,0x388,0xb5,write8
30676626000,0x389,0x2a,write8
30676686375,0x388,0xb6,write8
30676784000,0x389,0x06,write8
30676836500,0x388,0xc6,write8
30676934125,0x389,0x0a,write8
30676986000,0x388,0x30,write8
30677083750,0x389,0x28,write8
30677135250,0x388,0x50,write8
30677232875,0x389,0x2b,write8
30677284375,0x388,0x70,write8
30677382500,0x389,0xe6,write8
30677434125,0x388,0x90,write8
30677532125,0x389,0x97,write8
30677583875,0x388,0xf0,write8
30677681875,0x389,0x02,write8
30677734125,0x388,0x33,write8
30677832125,0x389,0x22,write8
30677883750,0x388,0x53,write8
30677981750,0x389,0x08,write8
30678033625,0x388,0x73,write8
30678131625,0x389,0xf6,write8
30678183375,0x388,0x93,write8
30678281375,0x389,0xf7,write8
30678333125,0x388,0xf3,write8
30678431125,0x389,0x00,write8
30678487375,0x388,0xa6,write8
30678585375,0x389,0x00,write8
30678637000,0x388,0xb6,write8
30678735000,0x389,0x2a,write8
30678796125,0x388,0xb7,write8
30678894125,0x389,0x0f,write8
30678946875,0x388,0xc7,write8
30679045000,0x389,0x0a,write8
30679097125,0x388,0x31,write8
30679195125,0x389,0x28,write8
30679246750,0x388,0x51,write8
30679344750,0x389,0x2b,write8
30679396500,0x388,0x71,write8
30679494500,0x389,0xe6,write8
30679546250,0x388,0x91,write8
30679644250,0x389,0x97,write8
30679695875,0x388,0xf1,write8
30679794000,0x389,0x02,write8
30679846125,0x388,0x34,write8
30679944125,0x389,0x22,write8
30679995875,0x388,0x54,write8
30680094000,0x389,0x08,write8
30680145750,0x388,0x74,write8
30680243750,0x389,0xf6,write8
30680295375,0x388,0x94,write8
30680393375,0x389,0xf7,write8
30680445125,0x388,0xf4,write8
30680543125,0x389,0x00,write8
30680599500,0x388,0xa7,write8
30680697500,0x389,0x00,write8
30680749125,0x388,0xb7,write8
30680847125,0x389,0x2b,write8
30680908625,0x388,0xb8,write8
30681006875,0x389,0x13,write8
30681059500,0x388,0xc8,write8
30681157500,0x389,0x00,write8
30681209625,0x388,0x32,write8
30681307625,0x389,0x20,write8
30681359375,0x388,0x52,write8
30681457375,0x389,0x00,write8
30681509000,0x388,0x72,write8
30681607125,0x389,0xfa,write8
30681658750,0x388,0x92,write8
30681756750,0x389,0x6a,write8
30681808500,0x388,0xf2,write8
30681906500,0x389,0x00,write8
30681958750,0x388,0x35,write8
30682056875,0x389,0x26,write8
30682108500,0x388,0x55,write8
30682206500,0x389,0x07,write8
30682258250,0x388,0x75,write8
30682356250,0x389,0xaa,write8
30682408000,0x388,0x95,write8
30682506000,0x389,0xfa,write8
30682557625,0x388,0xf5,write8
30682655750,0x389,0x00,write8
30682712625,0x388,0xa8,write8
30682810625,0x389,0x85,write8
30682862250,0x388,0xb8,write8
30682960250,0x389,0x2e,write8
30723179750,0x388,0xb6,write8
30723277750,0x389,0x0a,write8
30723337875,0x388,0xb8,write8
30723435875,0x389,0x0e,write8
30725295000,0x388,0xb5,write8
30725393000,0x389,0x0a,write8
30727406250,0x388,0xb7,write8
30727504250,0x389,0x0b,write8
30797130750,0x388,0xb4,write8
30797228750,0x389,0x0e,write8
30818258750,0x388,0xb3,write8
30818356750,0x389,0x0b,write8
30828819500,0x388,0xb2,write8
30828917500,0x389,0x0e,write8
30839385625,0x388,0xb0,write8
30839483625,0x389,0x12,write8
30847838500,0x388,0xb0,write8
30847936125,0x389,0x12,write8
30847988625,0x388,0xc0,write8
30848086375,0x389,0x0e,write8
30848138250,0x388,0x20,write8
30848235875,0x389,0x21,write8
30848287375,0x388,0x40,write8
30848385000,0x389,0xcd,write8
30848436500,0x388,0x60,write8
30848534375,0x389,0x98,write8
30848586000,0x388,0x80,write8
30848684000,0x389,0x3f,write8
30848735750,0x388,0xe0,write8
30848833750,0x389,0x00,write8
30848886000,0x388,0x23,write8
30848984000,0x389,0x21,write8
30849035750,0x388,0x43,write8
30849133750,0x389,0x02,write8
30849185500,0x388,0x63,write8
30849283500,0x389,0x65,write8
30849335250,0x388,0x83,write8
30849433250,0x389,0x2a,write8
30849484875,0x388,0xe3,write8
30849583000,0x389,0x00,write8
30849640500,0x388,0xa0,write8
30849738500,0x389,0x00,write8
30849790125,0x388,0xb0,write8
30849888125,0x389,0x33,write8
30849946750,0x388,0xb2,write8
30850044875,0x389,0x0e,write8
30850097625,0x388,0xc2,write8
30850195625,0x389,0x0a,write8
30850247750,0x388,0x22,write8
30850345750,0x389,0x28,write8
30850397375,0x388,0x42,write8
30850495375,0x389,0x2b,write8
30850547125,0x388,0x62,write8
30850645125,0x389,0xe6,write8
30850696875,0x388,0x82,write8
30850794875,0x389,0x97,write8
30850846500,0x388,0xe2,write8
30850944500,0x389,0x02,write8
30850996750,0x388,0x25,write8
30851094875,0x389,0x22,write8
30851146625,0x388,0x45,write8
30851244625,0x389,0x08,write8
30851296375,0x388,0x65,write8
30851394375,0x389,0xf6,write8
30851446000,0x388,0x85,write8
30851544000,0x389,0xf7,write8
30851595750,0x388,0xe5,write8
30851693750,0x389,0x00,write8
30851750125,0x388,0xa2,write8
30851848125,0x389,0x85,write8
30851899625,0x388,0xb2,write8
30851997750,0x389,0x2a,write8
30852056875,0x388,0xb3,write8
30852155000,0x389,0x0b,write8
30852207625,0x388,0xc3,write8
30852305625,0x389,0x0a,write8
30852357750,0x388,0x28,write8
30852455750,0x389,0x28,write8
30852507500,0x388,0x48,write8
30852605500,0x389,0x2b,write8
30852657125,0x388,0x68,write8
30852755125,0x389,0xe6,write8
30852806875,0x388,0x88,write8
30852904875,0x389,0x97,write8
30852956625,0x388,0xe8,write8
30853054750,0x389,0x02,write8
30853106875,0x388,0x2b,write8
30853205000,0x389,0x22,write8
30853256625,0x388,0x4b,write8
30853354625,0x389,0x08,write8
30853406375,0x388,0x6b,write8
30853504375,0x389,0xf6,write8
30853556125,0x388,0x8b,write8
30853654125,0x389,0xf7,write8
30853705750,0x388,0xeb,write8
30853803750,0x389,0x00,write8
30853860125,0x388,0xa3,write8
30853958125,0x389,0x00,write8
30854009875,0x388,0xb3,write8
30854107875,0x389,0x2a,write8
30854167500,0x388,0xb4,write8
30854265500,0x389,0x0e,write8
30854318250,0x388,0xc4,write8
30854416250,0x389,0x0a,write8
30854468250,0x388,0x29,write8
30854566250,0x389,0x28,write8
30854618000,0x388,0x49,write8
30854716000,0x389,0x2b,write8
30854767750,0x388,0x69,write8
30854865750,0x389,0xe6,write8
30854917375,0x388,0x89,write8
30855015625,0x389,0x97,write8
30855067250,0x388,0xe9,write8
30855165250,0x389,0x02,write8
30855217500,0x388,0x2c,write8
30855315500,0x389,0x22,write8
30855367250,0x388,0x4c,write8
30855465250,0x389,0x08,write8
30855516875,0x388,0x6c,write8
30855614875,0x389,0xf6,write8
30855666625,0x388,0x8c,write8
30855764625,0x389,0xf7,write8
30855816375,0x388,0xec,write8
30855914375,0x389,0x00,write8
30855970750,0x388,0xa4,write8
30856068875,0x389,0x00,write8
30856120375,0x388,0xb4,write8
30856218375,0x389,0x2b,write8
30856278500,0x388,0xb5,write8
30856376500,0x389,0x0a,write8
30856429250,0x388,0xc5,write8
30856527250,0x389,0x0a,write8
30856579375,0x388,0x2a,write8
30856677375,0x389,0x2a,write8
30856729000,0x388,0x4a,write8
30856827125,0x389,0x28,write8
30856878750,0x388,0x6a,write8
30856976750,0x389,0xe6,write8
30857028625,0x388,0x8a,write8
30857126625,0x389,0xd7,write8
30857178375,0x388,0xea,write8
30857276375,0x389,0x00,write8
30857328500,0x388,0x2d,write8
30857426500,0x389,0x22,write8
30857478250,0x388,0x4d,write8
30857576250,0x389,0x06,write8
30857628000,0x388,0x6d,write8
30857726000,0x389,0xf6,write8
30857777625,0x388,0x8d,write8
30857875750,0x389,0xf7,write8
30857927375,0x388,0xed,write8
30858025500,0x389,0x00,write8
30858082500,0x388,0xa5,write8
30858180500,0x389,0x00,write8
30858232125,0x388,0xb5,write8
30858330125,0x389,0x2f,write8
30858390750,0x388,0xb6,write8
30858488750,0x389,0x0a,write8
30858541375,0x388,0xc6,write8
30858639500,0x389,0x0e,write8
30858691500,0x388,0x30,write8
30858789500,0x389,0xe6,write8
30858841250,0x388,0x50,write8
30858939250,0x389,0xe7,write8
30858991000,0x388,0x70,write8
30859089125,0x389,0x80,write8
30859140750,0x388,0x90,write8
30859238750,0x389,0x01,write8
30859290500,0x388,0xf0,write8
30859388500,0x389,0x00,write8
30859440750,0x388,0x33,write8
30859538750,0x389,0xe4,write8
30859590500,0x388,0x53,write8
30859688500,0x389,0x8d,write8
30859740125,0x388,0x73,write8
30859838125,0x389,0xf5,write8
30859889875,0x388,0x93,write8
30859987875,0x389,0x07,write8
30860039750,0x388,0xf3,write8
30860137750,0x389,0x00,write8
30860194750,0x388,0xa6,write8
30860292750,0x389,0x85,write8
30860344250,0x388,0xb6,write8
30860442250,0x389,0x2e,write8
30860503375,0x388,0xb7,write8
30860601375,0x389,0x0b,write8
30860654125,0x388,0xc7,write8
30860752125,0x389,0x0a,write8
30860804250,0x388,0x31,write8
30860902250,0x389,0x28,write8
30860953875,0x388,0x51,write8
30861052125,0x389,0x2b,write8
30861103750,0x388,0x71,write8
30861201750,0x389,0xe6,write8
30861253500,0x388,0x91,write8
30861351125,0x389,0x97,write8
30861402625,0x388,0xf1,write8
30861500250,0x389,0x02,write8
30861552250,0x388,0x34,write8
30861650000,0x389,0x22,write8
30861701625,0x388,0x54,write8
30861799250,0x389,0x08,write8
30861850750,0x388,0x74,write8
30861948375,0x389,0xf6,write8
30861999875,0x388,0x94,write8
30862097625,0x389,0xf7,write8
30862149125,0x388,0xf4,write8
30862246750,0x389,0x00,write8
30862304125,0x388,0xa7,write8
30862401750,0x389,0x85,write8
30862453125,0x388,0xb7,write8
30862550750,0x389,0x32,write8
30862612000,0x388,0xb8,write8
30862709750,0x389,0x0e,write8
30862762250,0x388,0xc8,write8
30862860250,0x389,0x08,write8
30862912375,0x388,0x32,write8
30863010500,0x389,0x20,write8
30863062250,0x388,0x52,write8
30863160250,0x389,0x24,write8
30863211875,0x388,0x72,write8
30863310000,0x389,0x62,write8
30863361625,0x388,0x92,write8
30863459625,0x389,0x75,write8
30863511375,0x388,0xf2,write8
30863609375,0x389,0x01,write8
30863661625,0x388,0x35,write8
30863759625,0x389,0x22,write8
30863811250,0x388,0x55,write8
30863909250,0x389,0x02,write8
30863961000,0x388,0x75,write8
30864059125,0x389,0xa8,write8
30864110875,0x388,0x95,write8
30864208875,0x389,0xf5,write8
30864260500,0x388,0xf5,write8
30864358625,0x389,0x00,write8
30864414875,0x388,0xa8,write8
30864512875,0x389,0x85,write8
30864564500,0x388,0xb8,write8
30864662500,0x389,0x2a,write8
30902774250,0x388,0xb7,write8
30902872375,0x389,0x12,write8
30917558375,0x388,0xb1,write8
30917656375,0x389,0x0a,write8
30926011000,0x388,0xb3,write8
30926109000,0x389,0x0a,write8
30928126625,0x388,0xb4,write8
30928224625,0x389,0x0b,write8
30930236250,0x388,0xb2,write8
30930334250,0x389,0x0a,write8
30951367750,0x388,0xb8,write8
30951465750,0x389,0x0a,write8
30997848125,0x388,0xb5,write8
30997946125,0x389,0x0f,write8
31014751250,0x388,0xb6,write8
31014849250,0x389,0x0e,write8
31018974000,0x388,0xb0,write8
31019071750,0x389,0x13,write8
31029542625,0x388,0xb0,write8
31029640625,0x389,0x13,write8
31029693250,0x388,0xc0,write8
31029791375,0x389,0x0e,write8
31029843375,0x388,0x20,write8
31029941375,0x389,0x21,write8
31029993125,0x388,0x40,write8
31030091250,0x389,0xcd,write8
31030143000,0x388,0x60,write8
31030241000,0x389,0x98,write8
31030292625,0x388,0x80,write8
31030390625,0x389,0x3f,write8
31030442375,0x388,0xe0,write8
31030540375,0x389,0x00,write8
31030592625,0x388,0x23,write8
31030690625,0x389,0x21,write8
31030742250,0x388,0x43,write8
31030840375,0x389,0x02,write8
31030892000,0x388,0x63,write8
31030990000,0x389,0x65,write8
31031041875,0x388,0x83,write8
31031139875,0x389,0x2a,write8
31031191625,0x388,0xe3,write8
31031289625,0x389,0x00,write8
31031347125,0x388,0xa0,write8
31031445250,0x389,0xab,write8
31031496750,0x388,0xb0,write8
31031594750,0x389,0x32,write8
31031652875,0x388,0xb1,write8
31031750875,0x389,0x0a,write8
31031803625,0x388,0xc1,write8
31031901625,0x389,0x0e,write8
31031953750,0x388,0x21,write8
31032051875,0x389,0xe6,write8
31032103500,0x388,0x41,write8
31032201500,0x389,0xe7,write8
31032253250,0x388,0x61,write8
31032351250,0x389,0x80,write8
31032403000,0x388,0x81,write8
31032500875,0x389,0x01,write8
31032552375,0x388,0xe1,write8
31032650000,0x389,0x00,write8
31032702000,0x388,0x24,write8
31032799625,0x389,0xe4,write8
31032851250,0x388,0x44,write8
31032949000,0x389,0x8d,write8
31033000500,0x388,0x64,write8
31033098250,0x389,0xf5,write8
31033149750,0x388,0x84,write8
31033247375,0x389,0x07,write8
31033298875,0x388,0xe4,write8
31033396500,0x389,0x00,write8
31033452625,0x388,0xa1,write8
31033550250,0x389,0x3f,write8
31033601625,0x388,0xb1,write8
31033699250,0x389,0x2a,write8
31033757625,0x388,0xb2,write8
31033855250,0x389,0x0a,write8
31033907750,0x388,0xc2,write8
31034005500,0x389,0x0e,write8
31034057750,0x388,0x22,write8
31034155750,0x389,0xe6,write8
31034207500,0x388,0x42,write8
31034305500,0x389,0xe7,write8
31034357125,0x388,0x62,write8
31034455125,0x389,0x80,write8
31034506875,0x388,0x82,write8
31034604875,0x389,0x01,write8
31034656625,0x388,0xe2,write8
31034754625,0x389,0x00,write8
31034806750,0x388,0x25,write8
31034904750,0x389,0xe4,write8
31034956500,0x388,0x45,write8
31035054625,0x389,0x8d,write8
31035106375,0x388,0x65,write8
31035204375,0x389,0xf5,write8
31035256125,0x388,0x85,write8
31035354125,0x389,0x07,write8
31035405750,0x388,0xe5,write8
31035503750,0x389,0x00,write8
31035560750,0x388,0xa2,write8
31035658750,0x389,0x3f,write8
31035710375,0x388,0xb2,write8
31035808375,0x389,0x2e,write8
31035867500,0x388,0xb3,write8
31035965500,0x389,0x0a,write8
31036018250,0x388,0xc3,write8
31036116375,0x389,0x0a,write8
31036168375,0x388,0x28,write8
31036266375,0x389,0x2a,write8
31036318125,0x388,0x48,write8
31036416125,0x389,0x28,write8
31036467875,0x388,0x68,write8
31036565875,0x389,0xe6,write8
31036617500,0x388,0x88,write8
31036715500,0x389,0xd7,write8
31036767250,0x388,0xe8,write8
31036865250,0x389,0x00,write8
31036917500,0x388,0x2b,write8
31037015625,0x389,0x22,write8
31037067375,0x388,0x4b,write8
31037165375,0x389,0x06,write8
31037217000,0x388,0x6b,write8
31037315000,0x389,0xf6,write8
31037366750,0x388,0x8b,write8
31037464750,0x389,0xf7,write8
31037516500,0x388,0xeb,write8
31037614500,0x389,0x00,write8
31037671500,0x388,0xa3,write8
31037769500,0x389,0xab,write8
31037821000,0x388,0xb3,write8
31037919000,0x389,0x2e,write8
31037978625,0x388,0xb4,write8
31038076750,0x389,0x0b,write8
31038129500,0x388,0xc4,write8
31038227500,0x389,0x08,write8
31038279625,0x388,0x29,write8
31038377625,0x389,0x20,write8
31038429250,0x388,0x49,write8
31038527250,0x389,0x24,write8
31038579000,0x388,0x69,write8
31038677000,0x389,0x62,write8
31038728750,0x388,0x89,write8
31038826750,0x389,0x75,write8
31038878500,0x388,0xe9,write8
31038976500,0x389,0x01,write8
31039028750,0x388,0x2c,write8
31039126750,0x389,0x22,write8
31039178500,0x388,0x4c,write8
31039276500,0x389,0x02,write8
31039328250,0x388,0x6c,write8
31039426250,0x389,0xa8,write8
31039477875,0x388,0x8c,write8
31039575875,0x389,0xf5,write8
31039627625,0x388,0xec,write8
31039725625,0x389,0x00,write8
31039782000,0x388,0xa4,write8
31039880000,0x389,0x5e,write8
31039931625,0x388,0xb4,write8
31040029750,0x389,0x2b,write8
31040089750,0x388,0xb5,write8
31040187875,0x389,0x0f,write8
31040240500,0x388,0xc5,write8
31040338500,0x389,0x0a,write8
31040390625,0x388,0x2a,write8
31040488625,0x389,0x28,write8
31040540375,0x388,0x4a,write8
31040638375,0x389,0x2b,write8
31040690125,0x388,0x6a,write8
31040788125,0x389,0xe6,write8
31040839750,0x388,0x8a,write8
31040937750,0x389,0x97,write8
31040989500,0x388,0xea,write8
31041087625,0x389,0x02,write8
31041139875,0x388,0x2d,write8
31041237875,0x389,0x22,write8
31041289500,0x388,0x4d,write8
31041387500,0x389,0x08,write8
31041439250,0x388,0x6d,write8
31041537250,0x389,0xf6,write8
31041589000,0x388,0x8d,write8
31041687000,0x389,0xf7,write8
31041738750,0x388,0xed,write8
31041836750,0x389,0x00,write8
31041894250,0x388,0xa5,write8
31041992250,0x389,0x3f,write8
31042044000,0x388,0xb5,write8
31042142000,0x389,0x32,write8
31080251500,0x388,0xb5,write8
31080349625,0x389,0x12,write8
31143635125,0x388,0xb2,write8
31143733125,0x389,0x0e,write8
31147861875,0x388,0xb4,write8
31147959500,0x389,0x0b,write8
31166873125,0x388,0xb1,write8
31166971125,0x389,0x0a,write8
31169032250,0x388,0xb3,write8
31169130250,0x389,0x0e,write8
31200680125,0x388,0xb1,write8
31200778125,0x389,0x0a,write8
31200830875,0x388,0xc1,write8
31200928875,0x389,0x0e,write8
31200981000,0x388,0x21,write8
31201079125,0x389,0xe6,write8
31201130750,0x388,0x41,write8
31201228750,0x389,0xe7,write8
31201280500,0x388,0x61,write8
31201378500,0x389,0x80,write8
31201430250,0x388,0x81,write8
31201528250,0x389,0x01,write8
31201580000,0x388,0xe1,write8
31201678000,0x389,0x00,write8
31201730125,0x388,0x24,write8
31201828125,0x389,0xe4,write8
31201879875,0x388,0x44,write8
31201977875,0x389,0x8d,write8
31202029750,0x388,0x64,write8
31202127750,0x389,0xf5,write8
31202179375,0x388,0x84,write8
31202277375,0x389,0x07,write8
31202329125,0x388,0xe4,write8
31202427125,0x389,0x00,write8
31202483500,0x388,0xa1,write8
31202581500,0x389,0xab,write8
31202633125,0x388,0xb1,write8
31202731125,0x389,0x2a,write8
31202789750,0x388,0xb2,write8
31202887750,0x389,0x0e,write8
31202940375,0x388,0xc2,write8
31203038500,0x389,0x00,write8
31203090625,0x388,0x22,write8
31203188625,0x389,0x20,write8
31203240375,0x388,0x42,write8
31203338375,0x389,0x00,write8
31203390000,0x388,0x62,write8
31203488125,0x389,0xfa,write8
31203539750,0x388,0x82,write8
31203637750,0x389,0x6a,write8
31203689500,0x388,0xe2,write8
31203787125,0x389,0x00,write8
31203839125,0x388,0x25,write8
31203936750,0x389,0x26,write8
31203988250,0x388,0x45,write8
31204086125,0x389,0x07,write8
31204137750,0x388,0x65,write8
31204235375,0x389,0xaa,write8
31204286875,0x388,0x85,write8
31204384500,0x389,0xfa,write8
31204436000,0x388,0xe5,write8
31204533625,0x389,0x00,write8
31204590375,0x388,0xa2,write8
31204688000,0x389,0x85,write8
31204739375,0x388,0xb2,write8
31204837000,0x389,0x2e,write8
31204895875,0x388,0xb3,write8
31204993500,0x389,0x0e,write8
31205046125,0x388,0xc3,write8
31205143750,0x389,0x00,write8
31205195625,0x388,0x28,write8
31205293625,0x389,0x20,write8
31205345375,0x388,0x48,write8
31205443375,0x389,0x00,write8
31205495125,0x388,0x68,write8
31205593125,0x389,0xfa,write8
31205644750,0x388,0x88,write8
31205742875,0x389,0x6a,write8
31205794500,0x388,0xe8,write8
31205892500,0x389,0x00,write8
31205944750,0x388,0x2b,write8
31206042875,0x389,0x26,write8
31206094625,0x388,0x4b,write8
31206192625,0x389,0x07,write8
31206244250,0x388,0x6b,write8
31206342250,0x389,0xaa,write8
31206394000,0x388,0x8b,write8
31206492000,0x389,0xfa,write8
31206543750,0x388,0xeb,write8
31206641750,0x389,0x00,write8
31206699375,0x388,0xa3,write8
31206797375,0x389,0x00,write8
31206848875,0x388,0xb3,write8
31206946875,0x389,0x32,write8
31238754250,0x388,0xb0,write8
31238852250,0x389,0x12,write8
31240823375,0x388,0xb3,write8
31240921500,0x389,0x12,write8
31240978250,0x388,0xb2,write8
31241076375,0x389,0x0e,write8
31297871875,0x388,0xb1,write8
31297969875,0x389,0x0a,write8
31365483875,0x388,0xb0,write8
31365581875,0x389,0x12,write8
31365634625,0x388,0xc0,write8
31365732625,0x389,0x0e,write8
31365784750,0x388,0x20,write8
31365882750,0x389,0x21,write8
31365934500,0x388,0x40,write8
31366032625,0x389,0xcd,write8
31366084250,0x388,0x60,write8
31366182250,0x389,0x98,write8
31366234000,0x388,0x80,write8
31366332000,0x389,0x3f,write8
31366383750,0x388,0xe0,write8
31366481750,0x389,0x00,write8
31366533875,0x388,0x23,write8
31366632000,0x389,0x21,write8
31366683625,0x388,0x43,write8
31366781625,0x389,0x02,write8
31366833375,0x388,0x63,write8
31366931375,0x389,0x65,write8
31366983125,0x388,0x83,write8
31367081250,0x389,0x2a,write8
31367132875,0x388,0xe3,write8
31367230875,0x389,0x00,write8
31367288500,0x388,0xa0,write8
31367386500,0x389,0xab,write8
31367438125,0x388,0xb0,write8
31367536125,0x389,0x32,write8
31367594250,0x388,0xb1,write8
31367692250,0x389,0x0a,write8
31367745000,0x388,0xc1,write8
31367843000,0x389,0x0e,write8
31367895000,0x388,0x21,write8
31367993000,0x389,0xe6,write8
31368044875,0x388,0x41,write8
31368142875,0x389,0xe7,write8
31368194625,0x388,0x61,write8
31368292625,0x389,0x80,write8
31368344250,0x388,0x81,write8
31368442375,0x389,0x01,write8
31368494000,0x388,0xe1,write8
31368592000,0x389,0x00,write8
31368644250,0x388,0x24,write8
31368742250,0x389,0xe4,write8
31368794000,0x388,0x44,write8
31368892000,0x389,0x8d,write8
31368943625,0x388,0x64,write8
31369041750,0x389,0xf5,write8
31369093500,0x388,0x84,write8
31369191500,0x389,0x07,write8
31369243250,0x388,0xe4,write8
31369341250,0x389,0x00,write8
31369398250,0x388,0xa1,write8
31369496250,0x389,0x3f,write8
31369547750,0x388,0xb1,write8
31369645750,0x389,0x2e,write8
31369704375,0x388,0xb2,write8
31369802375,0x389,0x0e,write8
31369855125,0x388,0xc2,write8
31369953125,0x389,0x0e,write8
31370005375,0x388,0x22,write8
31370103375,0x389,0xe6,write8
31370155000,0x388,0x42,write8
31370253000,0x389,0xe7,write8
31370304750,0x388,0x62,write8
31370402750,0x389,0x80,write8
31370454500,0x388,0x82,write8
31370552500,0x389,0x01,write8
31370604250,0x388,0xe2,write8
31370702250,0x389,0x00,write8
31370754375,0x388,0x25,write8
31370852375,0x389,0xe4,write8
31370904125,0x388,0x45,write8
31371002250,0x389,0x8d,write8
31371054000,0x388,0x65,write8
31371152000,0x389,0xf5,write8
31371203625,0x388,0x85,write8
31371301625,0x389,0x07,write8
31371353375,0x388,0xe5,write8
31371451375,0x389,0x00,write8
31371507750,0x388,0xa2,write8
31371605750,0x389,0x3f,write8
31371657375,0x388,0xb2,write8
31371755375,0x389,0x2a,write8
31371814500,0x388,0xb3,write8
31371912500,0x389,0x12,write8
31371965125,0x388,0xc3,write8
31372063250,0x389,0x0e,write8
31372115375,0x388,0x28,write8
31372213375,0x389,0xe6,write8
31372265125,0x388,0x48,write8
31372363125,0x389,0xe7,write8
31372414875,0x388,0x68,write8
31372512875,0x389,0x80,write8
31372564500,0x388,0x88,write8
31372662500,0x389,0x01,write8
31372714250,0x388,0xe8,write8
31372812250,0x389,0x00,write8
31372864500,0x388,0x2b,write8
31372962500,0x389,0xe4,write8
31373014250,0x388,0x4b,write8
31373112250,0x389,0x8d,write8
31373164000,0x388,0x6b,write8
31373262000,0x389,0xf5,write8
31373313750,0x388,0x8b,write8
31373411750,0x389,0x07,write8
31373463500,0x388,0xeb,write8
31373561500,0x389,0x00,write8
31373617750,0x388,0xa3,write8
31373715750,0x389,0x5e,write8
31373767375,0x388,0xb3,write8
31373865375,0x389,0x2b,write8
31373925000,0x388,0xb4,write8
31374023125,0x389,0x0b,write8
31374075875,0x388,0xc4,write8
31374173875,0x389,0x0a,write8
31374226000,0x388,0x29,write8
31374324000,0x389,0x2a,write8
31374375625,0x388,0x49,write8
31374473625,0x389,0x28,write8
31374525375,0x388,0x69,write8
31374623375,0x389,0xe6,write8
31374675125,0x388,0x89,write8
31374773125,0x389,0xd7,write8
31374824750,0x388,0xe9,write8
31374922750,0x389,0x00,write8
31374974750,0x388,0x2c,write8
31375072500,0x389,0x22,write8
31375124000,0x388,0x4c,write8
31375221625,0x389,0x06,write8
31375273250,0x388,0x6c,write8
31375371000,0x389,0xf6,write8
31375422500,0x388,0x8c,write8
31375520125,0x389,0xf7,write8
31375571625,0x388,0xec,write8
31375669250,0x389,0x00,write8
31375726000,0x388,0xa4,write8
31375823625,0x389,0xab,write8
31375875000,0x388,0xb4,write8
31375972625,0x389,0x2e,write8
31376032625,0x388,0xb5,write8
31376130250,0x389,0x12,write8
31376182750,0x388,0xc5,write8
31376280375,0x389,0x0a,write8
31376332250,0x388,0x2a,write8
31376429875,0x389,0x28,write8
31376481625,0x388,0x4a,write8
31376579750,0x389,0x2b,write8
31376631375,0x388,0x6a,write8
31376729375,0x389,0xe6,write8
31376781125,0x388,0x8a,write8
31376879125,0x389,0x97,write8
31376930875,0x388,0xea,write8
31377029000,0x389,0x02,write8
31377081125,0x388,0x2d,write8
31377179125,0x389,0x22,write8
31377230875,0x388,0x4d,write8
31377328875,0x389,0x08,write8
31377380625,0x388,0x6d,write8
31377478625,0x389,0xf6,write8
31377530250,0x388,0x8d,write8
31377628375,0x389,0xf7,write8
31377680000,0x388,0xed,write8
31377778000,0x389,0x00,write8
31377834375,0x388,0xa5,write8
31377932375,0x389,0x3f,write8
31377984000,0x388,0xb5,write8
31378082125,0x389,0x2a,write8
31378142625,0x388,0xb6,write8
31378240750,0x389,0x0e,write8
31378293500,0x388,0xc6,write8
31378391500,0x389,0x0a,write8
31378443500,0x388,0x30,write8
31378541500,0x389,0x28,write8
31378593250,0x388,0x50,write8
31378691250,0x389,0x2b,write8
31378743000,0x388,0x70,write8
31378841000,0x389,0xe6,write8
31378892625,0x388,0x90,write8
31378990625,0x389,0x97,write8
31379042500,0x388,0xf0,write8
31379140500,0x389,0x02,write8
31379192750,0x388,0x33,write8
31379290750,0x389,0x22,write8
31379342500,0x388,0x53,write8
31379440500,0x389,0x08,write8
31379492125,0x388,0x73,write8
31379590125,0x389,0xf6,write8
31379641875,0x388,0x93,write8
31379739875,0x389,0xf7,write8
31379791625,0x388,0xf3,write8
31379889625,0x389,0x00,write8
31379946000,0x388,0xa6,write8
31380044125,0x389,0x5e,write8
31380095625,0x388,0xb6,write8
31380193625,0x389,0x2b,write8
31380254625,0x388,0xb7,write8
31380352750,0x389,0x12,write8
31380405500,0x388,0xc7,write8
31380503500,0x389,0x0a,write8
31380555625,0x388,0x31,write8
31380653625,0x389,0x28,write8
31380705250,0x388,0x51,write8
31380803250,0x389,0x2b,write8
31380855000,0x388,0x71,write8
31380953000,0x389,0xe6,write8
31381004875,0x388,0x91,write8
31381102875,0x389,0x97,write8
31381154625,0x388,0xf1,write8
31381252625,0x389,0x02,write8
31381304750,0x388,0x34,write8
31381402750,0x389,0x22,write8
31381454500,0x388,0x54,write8
31381552500,0x389,0x08,write8
31381604250,0x388,0x74,write8
31381702250,0x389,0xf6,write8
31381753875,0x388,0x94,write8
31381851875,0x389,0xf7,write8
31381903625,0x388,0xf4,write8
31382001750,0x389,0x00,write8
31382058125,0x388,0xa7,write8
31382156125,0x389,0xab,write8
31382207750,0x388,0xb7,write8
31382305750,0x389,0x2a,write8
31382367250,0x388,0xb8,write8
31382465375,0x389,0x0a,write8
31382518000,0x388,0xc8,write8
31382616125,0x389,0x08,write8
31382668125,0x388,0x32,write8
31382766125,0x389,0x20,write8
31382817875,0x388,0x52,write8
31382915875,0x389,0x24,write8
31382967625,0x388,0x72,write8
31383065750,0x389,0x62,write8
31383117375,0x388,0x92,write8
31383215375,0x389,0x75,write8
31383267125,0x388,0xf2,write8
31383365125,0x389,0x01,write8
31383417375,0x388,0x35,write8
31383515375,0x389,0x22,write8
31383567000,0x388,0x55,write8
31383665125,0x389,0x02,write8
31383716750,0x388,0x75,write8
31383814750,0x389,0xa8,write8
31383866500,0x388,0x95,write8
31383964500,0x389,0xf5,write8
31384016375,0x388,0xf5,write8
31384114375,0x389,0x00,write8
31384170625,0x388,0xa8,write8
31384268750,0x389,0x5e,write8
31384320250,0x388,0xb8,write8
31384418250,0x389,0x2b,write8
31411968000,0x388,0xb7,write8
31412066125,0x389,0x0a,write8
31424686625,0x388,0xb5,write8
31424784750,0x389,0x0a,write8
31426755000,0x388,0xb6,write8
31426853000,0x389,0x0b,write8
31490141250,0x388,0xb8,write8
31490238875,0x389,0x0b,write8
31502815250,0x388,0xb3,write8
31502913250,0x389,0x0b,write8
31504931500,0x388,0xb4,write8
31505029625,0x389,0x0e,write8
31515491625,0x388,0xb1,write8
31515589625,0x389,0x0e,write8
31528168875,0x388,0xb2,write8
31528266875,0x389,0x0a,write8
31540847000,0x388,0xb1,write8
31540945000,0x389,0x0e,write8
31540997750,0x388,0xc1,write8
31541095875,0x389,0x0a,write8
31541147875,0x388,0x21,write8
31541245875,0x389,0x28,write8
31541297625,0x388,0x41,write8
31541395625,0x389,0x2b,write8
31541447375,0x388,0x61,write8
31541545375,0x389,0xe6,write8
31541597000,0x388,0x81,write8
31541695125,0x389,0x97,write8
31541746750,0x388,0xe1,write8
31541844750,0x389,0x02,write8
31541897000,0x388,0x24,write8
31541995000,0x389,0x22,write8
31542046875,0x388,0x44,write8
31542144875,0x389,0x08,write8
31542196500,0x388,0x64,write8
31542294500,0x389,0xf6,write8
31542346250,0x388,0x84,write8
31542444250,0x389,0xf7,write8
31542496000,0x388,0xe4,write8
31542594000,0x389,0x00,write8
31542650375,0x388,0xa1,write8
31542748375,0x389,0x3f,write8
31542799875,0x388,0xb1,write8
31542897875,0x389,0x2a,write8
31542956500,0x388,0xb2,write8
31543054625,0x389,0x0a,write8
31543107375,0x388,0xc2,write8
31543205375,0x389,0x0a,write8
31543257500,0x388,0x22,write8
31543355500,0x389,0x28,write8
31543407125,0x388,0x42,write8
31543505250,0x389,0x2b,write8
31543556875,0x388,0x62,write8
31543654875,0x389,0xe6,write8
31543706625,0x388,0x82,write8
31543804625,0x389,0x97,write8
31543856375,0x388,0xe2,write8
31543954375,0x389,0x02,write8
31544006625,0x388,0x25,write8
31544104625,0x389,0x22,write8
31544156375,0x388,0x45,write8
31544254375,0x389,0x08,write8
31544306125,0x388,0x65,write8
31544404125,0x389,0xf6,write8
31544455750,0x388,0x85,write8
31544553875,0x389,0xf7,write8
31544605500,0x388,0xe5,write8
31544703500,0x389,0x00,write8
31544759875,0x388,0xa2,write8
31544857875,0x389,0xab,write8
31544909500,0x388,0xb2,write8
31545007625,0x389,0x2a,write8
31545066750,0x388,0xb3,write8
31545164750,0x389,0x0b,write8
31545217375,0x388,0xc3,write8
31545315500,0x389,0x0a,write8
31545367500,0x388,0x28,write8
31545465500,0x389,0x28,write8
31545517250,0x388,0x48,write8
31545615250,0x389,0x2b,write8
31545667000,0x388,0x68,write8
31545765000,0x389,0xe6,write8
31545816625,0x388,0x88,write8
31545914625,0x389,0x97,write8
31545966375,0x388,0xe8,write8
31546064500,0x389,0x02,write8
31546116750,0x388,0x2b,write8
31546214375,0x389,0x22,write8
31546265875,0x388,0x4b,write8
31546363500,0x389,0x08,write8
31546415000,0x388,0x6b,write8
31546512750,0x389,0xf6,write8
31546564375,0x388,0x8b,write8
31546662000,0x389,0xf7,write8
31546713500,0x388,0xeb,write8
31546811125,0x389,0x00,write8
31546867250,0x388,0xa3,write8
31546964875,0x389,0x5e,write8
31547016375,0x388,0xb3,write8
31547114000,0x389,0x2b,write8
31547173375,0x388,0xb4,write8
31547271000,0x389,0x0e,write8
31547323500,0x388,0xc4,write8
31547421125,0x389,0x0e,write8
31547473000,0x388,0x29,write8
31547570625,0x389,0xe6,write8
31547622125,0x388,0x49,write8
31547720125,0x389,0xe7,write8
31547771875,0x388,0x69,write8
31547869875,0x389,0x80,write8
31547921625,0x388,0x89,write8
31548019750,0x389,0x01,write8
31548071375,0x388,0xe9,write8
31548169375,0x389,0x00,write8
31548221625,0x388,0x2c,write8
31548319625,0x389,0xe4,write8
31548371375,0x388,0x4c,write8
31548469375,0x389,0x8d,write8
31548521000,0x388,0x6c,write8
31548619000,0x389,0xf5,write8
31548670750,0x388,0x8c,write8
31548768750,0x389,0x07,write8
31548820500,0x388,0xec,write8
31548918500,0x389,0x00,write8
31548974875,0x388,0xa4,write8
31549073000,0x389,0xab,write8
31549124500,0x388,0xb4,write8
31549222500,0x389,0x2a,write8
31549282500,0x388,0xb5,write8
31549380625,0x389,0x0a,write8
31549433375,0x388,0xc5,write8
31549531375,0x389,0x00,write8
31549583500,0x388,0x2a,write8
31549681500,0x389,0x00,write8
31549733250,0x388,0x4a,write8
31549831250,0x389,0x0c,write8
31549882875,0x388,0x6a,write8
31549980875,0x389,0xc8,write8
31550032750,0x388,0x8a,write8
31550130750,0x389,0x4c,write8
31550182500,0x388,0xea,write8
31550280500,0x389,0x00,write8
31550332625,0x388,0x2d,write8
31550430625,0x389,0x20,write8
31550482375,0x388,0x4d,write8
31550580375,0x389,0x00,write8
31550632125,0x388,0x6d,write8
31550730125,0x389,0xd6,write8
31550781875,0x388,0x8d,write8
31550879875,0x389,0xff,write8
31550931500,0x388,0xed,write8
31551029625,0x389,0x00,write8
31551085375,0x388,0xa5,write8
31551183375,0x389,0x90,write8
31551235000,0x388,0xb5,write8
31551333000,0x389,0x27,write8
31551393500,0x388,0xb6,write8
31551491625,0x389,0x0b,write8
31551544375,0x388,0xc6,write8
31551642375,0x389,0x00,write8
31551694375,0x388,0x30,write8
31551792375,0x389,0x20,write8
31551844125,0x388,0x50,write8
31551942125,0x389,0x00,write8
31551993875,0x388,0x70,write8
31552092000,0x389,0xfa,write8
31552143625,0x388,0x90,write8
31552241625,0x389,0x6a,write8
31552293375,0x388,0xf0,write8
31552391375,0x389,0x00,write8
31552443625,0x388,0x33,write8
31552541625,0x389,0x26,write8
31552593375,0x388,0x53,write8
31552691375,0x389,0x07,write8
31552743000,0x388,0x73,write8
31552841000,0x389,0xaa,write8
31552892750,0x388,0x93,write8
31552990750,0x389,0xfa,write8
31553042625,0x388,0xf3,write8
31553140625,0x389,0x00,write8
31553198250,0x388,0xa6,write8
31553296250,0x389,0x00,write8
31553347750,0x388,0xb6,write8
31553445750,0x389,0x32,write8
31553506750,0x388,0xb7,write8
31553604875,0x389,0x0a,write8
31553657625,0x388,0xc7,write8
31553755625,0x389,0x00,write8
31553807750,0x388,0x31,write8
31553905750,0x389,0x20,write8
31553957375,0x388,0x51,write8
31554055625,0x389,0x00,write8
31554107250,0x388,0x71,write8
31554205250,0x389,0xfa,write8
31554257000,0x388,0x91,write8
31554355000,0x389,0x6a,write8
31554406750,0x388,0xf1,write8
31554504750,0x389,0x00,write8
31554556875,0x388,0x34,write8
31554654875,0x389,0x26,write8
31554706625,0x388,0x54,write8
31554804625,0x389,0x07,write8
31554856375,0x388,0x74,write8
31554954375,0x389,0xaa,write8
31555006125,0x388,0x94,write8
31555104250,0x389,0xfa,write8
31555155875,0x388,0xf4,write8
31555253875,0x389,0x00,write8
31555310875,0x388,0xa7,write8
31555408875,0x389,0x85,write8
31555460500,0x388,0xb7,write8
31555558500,0x389,0x2e,write8
31555640875,0x388,0xb8,write8
31555739000,0x389,0x0b,write8
31555791625,0x388,0xc8,write8
31555889625,0x389,0x0a,write8
31555941750,0x388,0x32,write8
31556039875,0x389,0x22,write8
31556091625,0x388,0x52,write8
31556189625,0x389,0x19,write8
31556241250,0x388,0x72,write8
31556339250,0x389,0xc6,write8
31556391000,0x388,0x92,write8
31556489000,0x389,0x77,write8
31556540750,0x388,0xf2,write8
31556638750,0x389,0x00,write8
31556690875,0x388,0x35,write8
31556789000,0x389,0x22,write8
31556840625,0x388,0x55,write8
31556938625,0x389,0x40,write8
31556990375,0x388,0x75,write8
31557088500,0x389,0xf4,write8
31557140250,0x388,0x95,write8
31557238250,0x389,0xf7,write8
31557289875,0x388,0xf5,write8
31557387875,0x389,0x00,write8
31557443625,0x388,0xa8,write8
31557541625,0x389,0x3f,write8
31557593250,0x388,0xb8,write8
31557691250,0x389,0x26,write8
31576763125,0x388,0xb0,write8
31576861125,0x389,0x12,write8
31591558875,0x388,0xb6,write8
31591656875,0x389,0x12,write8
31591716250,0x388,0xb7,write8
31591814250,0x389,0x0e,write8
31591872625,0x388,0xb5,write8
31591970625,0x389,0x07,write8
31621136625,0x388,0xb2,write8
31621234625,0x389,0x0a,write8
31621291875,0x388,0xb3,write8
31621389875,0x389,0x0b,write8
31621448000,0x388,0xb4,write8
31621546000,0x389,0x0a,write8
31627471750,0x388,0xb1,write8
31627569750,0x389,0x0a,write8
31678183500,0x388,0xb8,write8
31678281500,0x389,0x06,write8
31703535000,0x388,0xb0,write8
31703632625,0x389,0x12,write8
31703685125,0x388,0xc0,write8
31703782750,0x389,0x0a,write8
31703834625,0x388,0x20,write8
31703932250,0x389,0x22,write8
31703983750,0x388,0x40,write8
31704081500,0x389,0x19,write8
31704133000,0x388,0x60,write8
31704230625,0x389,0xc6,write8
31704282125,0x388,0x80,write8
31704379750,0x389,0x77,write8
31704431250,0x388,0xe0,write8
31704528875,0x389,0x00,write8
31704580875,0x388,0x23,write8
31704678875,0x389,0x22,write8
31704730625,0x388,0x43,write8
31704828625,0x389,0x40,write8
31704880375,0x388,0x63,write8
31704978375,0x389,0xf4,write8
31705030250,0x388,0x83,write8
31705128250,0x389,0xf7,write8
31705179875,0x388,0xe3,write8
31705277875,0x389,0x00,write8
31705333000,0x388,0xa0,write8
31705431000,0x389,0x5e,write8
31705482625,0x388,0xb0,write8
31705580625,0x389,0x23,write8
31711986875,0x388,0xb1,write8
31712085125,0x389,0x0a,write8
31712137750,0x388,0xc1,write8
31712235750,0x389,0x0a,write8
31712287875,0x388,0x21,write8
31712385875,0x389,0x2a,write8
31712437625,0x388,0x41,write8
31712535625,0x389,0x28,write8
31712587250,0x388,0x61,write8
31712685250,0x389,0xe6,write8
31712737000,0x388,0x81,write8
31712835000,0x389,0xd7,write8
31712886750,0x388,0xe1,write8
31712984750,0x389,0x00,write8
31713037125,0x388,0x24,write8
31713135125,0x389,0x22,write8
31713186750,0x388,0x44,write8
31713284750,0x389,0x06,write8
31713336500,0x388,0x64,write8
31713434500,0x389,0xf6,write8
31713486250,0x388,0x84,write8
31713584250,0x389,0xf7,write8
31713635875,0x388,0xe4,write8
31713733875,0x389,0x00,write8
31713790875,0x388,0xa1,write8
31713888875,0x389,0x85,write8
31713940500,0x388,0xb1,write8
31714038625,0x389,0x2e,write8
31714097250,0x388,0xb2,write8
31714195250,0x389,0x0a,write8
31714248000,0x388,0xc2,write8
31714346000,0x389,0x0e,write8
31714398000,0x388,0x22,write8
31714496000,0x389,0x21,write8
31714547750,0x388,0x42,write8
31714645750,0x389,0xcd,write8
31714697500,0x388,0x62,write8
31714795500,0x389,0x98,write8
31714847125,0x388,0x82,write8
31714945250,0x389,0x3f,write8
31714996875,0x388,0xe2,write8
31715095000,0x389,0x00,write8
31715147250,0x388,0x25,write8
31715245250,0x389,0x21,write8
31715297000,0x388,0x45,write8
31715395000,0x389,0x02,write8
31715446625,0x388,0x65,write8
31715544625,0x389,0x65,write8
31715596375,0x388,0x85,write8
31715694375,0x389,0x2a,write8
31715746125,0x388,0xe5,write8
31715844125,0x389,0x00,write8
31715901750,0x388,0xa2,write8
31715999750,0x389,0x85,write8
31716051375,0x388,0xb2,write8
31716149375,0x389,0x32,write8
31716208500,0x388,0xb3,write8
31716306500,0x389,0x0b,write8
31716359250,0x388,0xc3,write8
31716457250,0x389,0x00,write8
31716509375,0x388,0x28,write8
31716607375,0x389,0x00,write8
31716659000,0x388,0x48,write8
31716757125,0x389,0x0c,write8
31716808750,0x388,0x68,write8
31716906750,0x389,0xc8,write8
31716958500,0x388,0x88,write8
31717056625,0x389,0x4c,write8
31717108375,0x388,0xe8,write8
31717206375,0x389,0x00,write8
31717258500,0x388,0x2b,write8
31717356500,0x389,0x20,write8
31717408000,0x388,0x4b,write8
31717505625,0x389,0x00,write8
31717557125,0x388,0x6b,write8
31717654750,0x389,0xd6,write8
31717706375,0x388,0x8b,write8
31717804125,0x389,0xff,write8
31717855625,0x388,0xeb,write8
31717953250,0x389,0x00,write8
31718008875,0x388,0xa3,write8
31718106500,0x389,0x90,write8
31718157875,0x388,0xb3,write8
31718255500,0x389,0x27,write8
31718314875,0x388,0xb4,write8
31718412500,0x389,0x0a,write8
31718465000,0x388,0xc4,write8
31718562625,0x389,0x08,write8
31718614500,0x388,0x29,write8
31718712125,0x389,0x20,write8
31718763625,0x388,0x49,write8
31718861250,0x389,0x24,write8
31718913000,0x388,0x69,write8
31719011250,0x389,0x62,write8
31719062875,0x388,0x89,write8
31719160875,0x389,0x75,write8
31719212625,0x388,0xe9,write8
31719310625,0x389,0x01,write8
31719362875,0x388,0x2c,write8
31719460875,0x389,0x22,write8
31719512500,0x388,0x4c,write8
31719610500,0x389,0x02,write8
31719662250,0x388,0x6c,write8
31719760250,0x389,0xa8,write8
31719812000,0x388,0x8c,write8
31719910000,0x389,0xf5,write8
31719961625,0x388,0xec,write8
31720059875,0x389,0x00,write8
31720116125,0x388,0xa4,write8
31720214125,0x389,0x85,write8
31720265750,0x388,0xb4,write8
31720363750,0x389,0x2a,write8
31720423750,0x388,0xb5,write8
31720521875,0x389,0x07,write8
31720574625,0x388,0xc5,write8
31720672625,0x389,0x0a,write8
31720724625,0x388,0x2a,write8
31720822750,0x389,0x28,write8
31720874375,0x388,0x4a,write8
31720972375,0x389,0x2b,write8
31721024250,0x388,0x6a,write8
31721122250,0x389,0xe6,write8
31721174000,0x388,0x8a,write8
31721272000,0x389,0x97,write8
31721323625,0x388,0xea,write8
31721421625,0x389,0x02,write8
31721473875,0x388,0x2d,write8
31721571875,0x389,0x22,write8
31721623625,0x388,0x4d,write8
31721721625,0x389,0x08,write8
31721773250,0x388,0x6d,write8
31721871375,0x389,0xf6,write8
31721923000,0x388,0x8d,write8
31722021125,0x389,0xf7,write8
31722072875,0x388,0xed,write8
31722170875,0x389,0x00,write8
31722228500,0x388,0xa5,write8
31722326500,0x389,0x00,write8
31722378000,0x388,0xb5,write8
31722476125,0x389,0x32,write8
31722548875,0x388,0xb6,write8
31722646875,0x389,0x12,write8
31722699625,0x388,0xc6,write8
31722797625,0x389,0x0e,write8
31722849625,0x388,0x30,write8
31722947625,0x389,0xe6,write8
31722999375,0x388,0x50,write8
31723097500,0x389,0xe7,write8
31723149250,0x388,0x70,write8
31723247250,0x389,0x80,write8
31723298875,0x388,0x90,write8
31723397000,0x389,0x01,write8
31723448625,0x388,0xf0,write8
31723546625,0x389,0x00,write8
31723598875,0x388,0x33,write8
31723696875,0x389,0xe4,write8
31723748625,0x388,0x53,write8
31723846625,0x389,0x8d,write8
31723898250,0x388,0x73,write8
31723996250,0x389,0xf5,write8
31724048125,0x388,0x93,write8
31724146125,0x389,0x07,write8
31724197875,0x388,0xf3,write8
31724295875,0x389,0x00,write8
31724351625,0x388,0xa6,write8
31724449625,0x389,0x5e,write8
31724501125,0x388,0xb6,write8
31724599125,0x389,0x27,write8
31724660250,0x388,0xb7,write8
31724758250,0x389,0x0e,write8
31724811000,0x388,0xc7,write8
31724909000,0x389,0x0e,write8
31724961125,0x388,0x31,write8
31725059250,0x389,0xe6,write8
31725110875,0x388,0x51,write8
31725209000,0x389,0xe7,write8
31725260625,0x388,0x71,write8
31725358625,0x389,0x80,write8
31725410375,0x388,0x91,write8
31725508375,0x389,0x01,write8
31725560125,0x388,0xf1,write8
31725658125,0x389,0x00,write8
31725710250,0x388,0x34,write8
31725808250,0x389,0xe4,write8
31725860000,0x388,0x54,write8
31725958000,0x389,0x8d,write8
31726009875,0x388,0x74,write8
31726107875,0x389,0xf5,write8
31726159500,0x388,0x94,write8
31726257625,0x389,0x07,write8
31726309250,0x388,0xf4,write8
31726407250,0x389,0x00,write8
31726464250,0x388,0xa7,write8
31726562250,0x389,0x00,write8
31726613875,0x388,0xb7,write8
31726711875,0x389,0x2e,write8
31764807375,0x388,0xb3,write8
31764905375,0x389,0x07,write8
31764963750,0x388,0xb5,write8
31765061875,0x389,0x12,write8
31769033500,0x388,0xb4,write8
31769131500,0x389,0x0a,write8
31878898875,0x388,0xb0,write8
31878996875,0x389,0x03,write8
31887351875,0x388,0xb0,write8
31887449875,0x389,0x03,write8
31887502625,0x388,0xc0,write8
31887600625,0x389,0x0e,write8
31887652625,0x388,0x20,write8
31887750750,0x389,0xe6,write8
31887802375,0x388,0x40,write8
31887900375,0x389,0xe7,write8
31887952125,0x388,0x60,write8
31888050250,0x389,0x80,write8
31888102000,0x388,0x80,write8
31888200000,0x389,0x01,write8
31888251625,0x388,0xe0,write8
31888349625,0x389,0x00,write8
31888401875,0x388,0x23,write8
31888499875,0x389,0xe4,write8
31888551625,0x388,0x43,write8
31888649250,0x389,0x8d,write8
31888700750,0x388,0x63,write8
31888798375,0x389,0xf5,write8
31888849875,0x388,0x83,write8
31888947625,0x389,0x07,write8
31888999250,0x388,0xe3,write8
31889097000,0x389,0x00,write8
31889153125,0x388,0xa0,write8
31889250750,0x389,0x85,write8
31889302125,0x388,0xb0,write8
31889399750,0x389,0x2a,write8
31889458625,0x388,0xb3,write8
31889556250,0x389,0x07,write8
31889608750,0x388,0xc3,write8
31889706375,0x389,0x08,write8
31889758250,0x388,0x28,write8
31889855875,0x389,0x20,write8
31889907375,0x388,0x48,write8
31890005125,0x389,0x24,write8
31890056625,0x388,0x68,write8
31890154625,0x389,0x62,write8
31890206375,0x388,0x88,write8
31890304375,0x389,0x75,write8
31890356125,0x388,0xe8,write8
31890454125,0x389,0x01,write8
31890506250,0x388,0x2b,write8
31890604250,0x389,0x22,write8
31890656000,0x388,0x4b,write8
31890754000,0x389,0x02,write8
31890805750,0x388,0x6b,write8
31890903750,0x389,0xa8,write8
31890955375,0x388,0x8b,write8
31891053500,0x389,0xf5,write8
31891105250,0x388,0xeb,write8
31891203250,0x389,0x00,write8
31891259625,0x388,0xa3,write8
31891357625,0x389,0x85,write8
31891409250,0x388,0xb3,write8
31891507250,0x389,0x2a,write8
31891566875,0x388,0xb4,write8
31891664875,0x389,0x0a,write8
31891717500,0x388,0xc4,write8
31891815500,0x389,0x00,write8
31891867625,0x388,0x29,write8
31891965625,0x389,0x20,write8
31892017500,0x388,0x49,write8
31892115500,0x389,0x00,write8
31892167250,0x388,0x69,write8
31892265250,0x389,0xfa,write8
31892316875,0x388,0x89,write8
31892414875,0x389,0x6a,write8
31892466625,0x388,0xe9,write8
31892564625,0x389,0x00,write8
31892616875,0x388,0x2c,write8
31892714875,0x389,0x26,write8
31892766500,0x388,0x4c,write8
31892864500,0x389,0x07,write8
31892916250,0x388,0x6c,write8
31893014375,0x389,0xaa,write8
31893066125,0x388,0x8c,write8
31893164125,0x389,0xfa,write8
31893215875,0x388,0xec,write8
31893313875,0x389,0x00,write8
31893370750,0x388,0xa4,write8
31893468875,0x389,0x85,write8
31893520375,0x388,0xb4,write8
31893618375,0x389,0x2e,write8
31921203250,0x388,0xb4,write8
31921301250,0x389,0x0e,write8
31948624375,0x388,0xb3,write8
31948722375,0x389,0x0a,write8
32026800375,0x388,0xb0,write8
32026898375,0x389,0x0a,write8
32037364875,0x388,0xb6,write8
32037462875,0x389,0x07,write8
32041591125,0x388,0xb7,write8
32041689125,0x389,0x0e,write8
32054266375,0x388,0xb0,write8
32054364375,0x389,0x0a,write8
32054417000,0x388,0xc0,write8
32054515000,0x389,0x0e,write8
32054567125,0x388,0x20,write8
32054665125,0x389,0xe6,write8
32054716875,0x388,0x40,write8
32054814875,0x389,0xe7,write8
32054866625,0x388,0x60,write8
32054964625,0x389,0x80,write8
32055016375,0x388,0x80,write8
32055114375,0x389,0x01,write8
32055166125,0x388,0xe0,write8
32055264125,0x389,0x00,write8
32055316375,0x388,0x23,write8
32055414375,0x389,0xe4,write8
32055466000,0x388,0x43,write8
32055564000,0x389,0x8d,write8
32055615750,0x388,0x63,write8
32055713750,0x389,0xf5,write8
32055765500,0x388,0x83,write8
32055863500,0x389,0x07,write8
32055915250,0x388,0xe3,write8
32056013375,0x389,0x00,write8
32056069625,0x388,0xa0,write8
32056167625,0x389,0x5e,write8
32056219250,0x388,0xb0,write8
32056317250,0x389,0x2b,write8
32056376375,0x388,0xb3,write8
32056474375,0x389,0x0a,write8
32056527125,0x388,0xc3,write8
32056625125,0x389,0x0a,write8
32056677125,0x388,0x28,write8
32056775250,0x389,0x28,write8
32056826875,0x388,0x48,write8
32056924875,0x389,0x2b,write8
32056976625,0x388,0x68,write8
32057074750,0x389,0xe6,write8
32057126500,0x388,0x88,write8
32057224500,0x389,0x97,write8
32057276125,0x388,0xe8,write8
32057374125,0x389,0x02,write8
32057426375,0x388,0x2b,write8
32057524375,0x389,0x22,write8
32057576125,0x388,0x4b,write8
32057674125,0x389,0x08,write8
32057725750,0x388,0x6b,write8
32057823875,0x389,0xf6,write8
32057875500,0x388,0x8b,write8
32057973500,0x389,0xf7,write8
32058025375,0x388,0xeb,write8
32058123375,0x389,0x00,write8
32058179750,0x388,0xa3,write8
32058277750,0x389,0x00,write8
32058329250,0x388,0xb3,write8
32058427375,0x389,0x2a,write8
32058486875,0x388,0xb4,write8
32058585000,0x389,0x0e,write8
32058637625,0x388,0xc4,write8
32058735625,0x389,0x0a,write8
32058787750,0x388,0x29,write8
32058885750,0x389,0x28,write8
32058937500,0x388,0x49,write8
32059035625,0x389,0x2b,write8
32059087250,0x388,0x69,write8
32059185250,0x389,0xe6,write8
32059237000,0x388,0x89,write8
32059335000,0x389,0x97,write8
32059386750,0x388,0xe9,write8
32059484750,0x389,0x02,write8
32059536875,0x388,0x2c,write8
32059635000,0x389,0x22,write8
32059686625,0x388,0x4c,write8
32059784625,0x389,0x08,write8
32059836125,0x388,0x6c,write8
32059933750,0x389,0xf6,write8
32059985250,0x388,0x8c,write8
32060083000,0x389,0xf7,write8
32060134625,0x388,0xec,write8
32060232375,0x389,0x00,write8
32060288500,0x388,0xa4,write8
32060386125,0x389,0x85,write8
32060437500,0x388,0xb4,write8
32060535125,0x389,0x2a,write8
32060595000,0x388,0xb5,write8
32060692625,0x389,0x12,write8
32060745125,0x388,0xc5,write8
32060842750,0x389,0x0a,write8
32060894625,0x388,0x2a,write8
32060992250,0x389,0x28,write8
32061043875,0x388,0x4a,write8
32061141500,0x389,0x2b,write8
32061193000,0x388,0x6a,write8
32061290625,0x389,0xe6,write8
32061342375,0x388,0x8a,write8
32061440375,0x389,0x97,write8
32061492125,0x388,0xea,write8
32061590125,0x389,0x02,write8
32061642375,0x388,0x2d,write8
32061740375,0x389,0x22,write8
32061792000,0x388,0x4d,write8
32061890125,0x389,0x08,write8
32061941750,0x388,0x6d,write8
32062039875,0x389,0xf6,write8
32062091625,0x388,0x8d,write8
32062189625,0x389,0xf7,write8
32062241375,0x388,0xed,write8
32062339375,0x389,0x00,write8
32062395625,0x388,0xa5,write8
32062493750,0x389,0x5e,write8
32062545250,0x388,0xb5,write8
32062643250,0x389,0x2b,write8
32062703750,0x388,0xb6,write8
32062801875,0x389,0x07,write8
32062854625,0x388,0xc6,write8
32062952625,0x389,0x00,write8
32063004875,0x388,0x30,write8
32063102875,0x389,0x20,write8
32063154500,0x388,0x50,write8
32063252500,0x389,0x00,write8
32063304250,0x388,0x70,write8
32063402250,0x389,0xfa,write8
32063454000,0x388,0x90,write8
32063552000,0x389,0x6a,write8
32063603625,0x388,0xf0,write8
32063701750,0x389,0x00,write8
32063753875,0x388,0x33,write8
32063851875,0x389,0x26,write8
32063903625,0x388,0x53,write8
32064001750,0x389,0x07,write8
32064053500,0x388,0x73,write8
32064151500,0x389,0xaa,write8
32064203125,0x388,0x93,write8
32064301125,0x389,0xfa,write8
32064352875,0x388,0xf3,write8
32064450875,0x389,0x00,write8
32064507875,0x388,0xa6,write8
32064605875,0x389,0x85,write8
32064657500,0x388,0xb6,write8
32064755500,0x389,0x2e,write8
32064816500,0x388,0xb7,write8
32064914625,0x389,0x0e,write8
32064967250,0x388,0xc7,write8
32065065375,0x389,0x08,write8
32065117500,0x388,0x31,write8
32065215500,0x389,0x20,write8
32065267250,0x388,0x51,write8
32065365250,0x389,0x24,write8
32065417000,0x388,0x71,write8
32065515000,0x389,0x62,write8
32065566625,0x388,0x91,write8
32065664625,0x389,0x75,write8
32065716375,0x388,0xf1,write8
32065814375,0x389,0x01,write8
32065866625,0x388,0x34,write8
32065964625,0x389,0x22,write8
32066016375,0x388,0x54,write8
32066114375,0x389,0x02,write8
32066166125,0x388,0x74,write8
32066264125,0x389,0xa8,write8
32066315875,0x388,0x94,write8
32066413875,0x389,0xf5,write8
32066465625,0x388,0xf4,write8
32066563625,0x389,0x00,write8
32066619875,0x388,0xa7,write8
32066717875,0x389,0x85,write8
32066769500,0x388,0xb7,write8
32066867500,0x389,0x2a,write8
32066929000,0x388,0xb8,write8
32067027250,0x389,0x06,write8
32067080000,0x388,0xc8,write8
32067178000,0x389,0x00,write8
32067230125,0x388,0x32,write8
32067328125,0x389,0x00,write8
32067379750,0x388,0x52,write8
32067477750,0x389,0x0c,write8
32067529500,0x388,0x72,write8
32067627500,0x389,0xc8,write8
32067679250,0x388,0x92,write8
32067777250,0x389,0x4c,write8
32067828875,0x388,0xf2,write8
32067927000,0x389,0x00,write8
32067979125,0x388,0x35,write8
32068077250,0x389,0x20,write8
32068129000,0x388,0x55,write8
32068227000,0x389,0x00,write8
32068278750,0x388,0x75,write8
32068376750,0x389,0xd6,write8
32068428375,0x388,0x95,write8
32068526375,0x389,0xff,write8
32068578125,0x388,0xf5,write8
32068676125,0x389,0x00,write8
32068731875,0x388,0xa8,write8
32068829875,0x389,0x90,write8
32068881500,0x388,0xb8,write8
32068979500,0x389,0x27,write8
32096526000,0x388,0xb4,write8
32096624125,0x389,0x0a,write8
32104978625,0x388,0xb6,write8
32105076875,0x389,0x0e,write8
32105136625,0x388,0xb8,write8
32105234750,0x389,0x07,write8
32107087000,0x388,0xb3,write8
32107185000,0x389,0x0a,write8
32115539625,0x388,0xb5,write8
32115637625,0x389,0x0b,write8
32136665750,0x388,0xb1,write8
32136763750,0x389,0x0e,write8
32140894750,0x388,0xb7,write8
32140992750,0x389,0x0a,write8
32216953000,0x388,0xb0,write8
32217050750,0x389,0x0b,write8
32227521625,0x388,0xb0,write8
32227619625,0x389,0x0b,write8
32227672375,0x388,0xc0,write8
32227770375,0x389,0x0a,write8
32227822375,0x388,0x20,write8
32227920375,0x389,0x28,write8
32227972125,0x388,0x40,write8
32228070250,0x389,0x2b,write8
32228122000,0x388,0x60,write8
32228220000,0x389,0xe6,write8
32228271625,0x388,0x80,write8
32228369625,0x389,0x97,write8
32228421375,0x388,0xe0,write8
32228519375,0x389,0x02,write8
32228571625,0x388,0x23,write8
32228669625,0x389,0x22,write8
32228721375,0x388,0x43,write8
32228819375,0x389,0x08,write8
32228871000,0x388,0x63,write8
32228969000,0x389,0xf6,write8
32229020875,0x388,0x83,write8
32229118875,0x389,0xf7,write8
32229170625,0x388,0xe3,write8
32229268625,0x389,0x00,write8
32229325000,0x388,0xa0,write8
32229423000,0x389,0x5e,write8
32229474500,0x388,0xb0,write8
32229572500,0x389,0x2b,write8
32229630625,0x388,0xb1,write8
32229728625,0x389,0x0e,write8
32229781375,0x388,0xc1,write8
32229879375,0x389,0x0a,write8
32229931500,0x388,0x21,write8
32230029625,0x389,0x28,write8
32230081250,0x388,0x41,write8
32230179250,0x389,0x2b,write8
32230231000,0x388,0x61,write8
32230329000,0x389,0xe6,write8
32230380750,0x388,0x81,write8
32230478750,0x389,0x97,write8
32230530375,0x388,0xe1,write8
32230628500,0x389,0x02,write8
32230680625,0x388,0x24,write8
32230778625,0x389,0x22,write8
32230830375,0x388,0x44,write8
32230928375,0x389,0x08,write8
32230980125,0x388,0x64,write8
32231077875,0x389,0xf6,write8
32231129375,0x388,0x84,write8
32231227000,0x389,0xf7,write8
32231278500,0x388,0xe4,write8
32231376250,0x389,0x00,write8
32231432500,0x388,0xa1,write8
32231530125,0x389,0x00,write8
32231581500,0x388,0xb1,write8
32231679125,0x389,0x2a,write8
32231738000,0x388,0xb3,write8
32231835625,0x389,0x0a,write8
32231888125,0x388,0xc3,write8
32231985750,0x389,0x0a,write8
32232037750,0x388,0x28,write8
32232135375,0x389,0x28,write8
32232186875,0x388,0x48,write8
32232284500,0x389,0x2b,write8
32232336000,0x388,0x68,write8
32232433625,0x389,0xe6,write8
32232485125,0x388,0x88,write8
32232583125,0x389,0x97,write8
32232634875,0x388,0xe8,write8
32232732875,0x389,0x02,write8
32232785000,0x388,0x2b,write8
32232883000,0x389,0x22,write8
32232934750,0x388,0x4b,write8
32233032875,0x389,0x08,write8
32233084625,0x388,0x6b,write8
32233182625,0x389,0xf6,write8
32233234375,0x388,0x8b,write8
32233332375,0x389,0xf7,write8
32233384000,0x388,0xeb,write8
32233482000,0x389,0x00,write8
32233538375,0x388,0xa3,write8
32233636375,0x389,0x85,write8
32233688000,0x388,0xb3,write8
32233786000,0x389,0x2a,write8
32233845625,0x388,0xb4,write8
32233943625,0x389,0x0a,write8
32233996375,0x388,0xc4,write8
32234094500,0x389,0x00,write8
32234146500,0x388,0x29,write8
32234244500,0x389,0x00,write8
32234296250,0x388,0x49,write8
32234394250,0x389,0x0c,write8
32234446000,0x388,0x69,write8
32234544000,0x389,0xc8,write8
32234595625,0x388,0x89,write8
32234693625,0x389,0x4c,write8
32234745375,0x388,0xe9,write8
32234843375,0x389,0x00,write8
32234895625,0x388,0x2c,write8
32234993625,0x389,0x20,write8
32235045500,0x388,0x4c,write8
32235143500,0x389,0x00,write8
32235195125,0x388,0x6c,write8
32235293125,0x389,0xd6,write8
32235344875,0x388,0x8c,write8
32235442875,0x389,0xff,write8
32235494625,0x388,0xec,write8
32235592625,0x389,0x00,write8
32235648375,0x388,0xa4,write8
32235746375,0x389,0x90,write8
32235797875,0x388,0xb4,write8
32235895875,0x389,0x27,write8
32235955875,0x388,0xb5,write8
32236054125,0x389,0x0b,write8
32236106875,0x388,0xc5,write8
32236204875,0x389,0x08,write8
32236257000,0x388,0x2a,write8
32236355000,0x389,0x20,write8
32236406625,0x388,0x4a,write8
32236504625,0x389,0x24,write8
32236556375,0x388,0x6a,write8
32236654375,0x389,0x62,write8
32236706125,0x388,0x8a,write8
32236804125,0x389,0x75,write8
32236855875,0x388,0xea,write8
32236953875,0x389,0x01,write8
32237006125,0x388,0x2d,write8
32237104125,0x389,0x22,write8
32237155875,0x388,0x4d,write8
32237253875,0x389,0x02,write8
32237305625,0x388,0x6d,write8
32237403625,0x389,0xa8,write8
32237455250,0x388,0x8d,write8
32237553250,0x389,0xf5,write8
32237605000,0x388,0xed,write8
32237703000,0x389,0x00,write8
32237759375,0x388,0xa5,write8
32237857375,0x389,0x5e,write8
32237909000,0x388,0xb5,write8
32238007125,0x389,0x2b,write8
32238088750,0x388,0xb6,write8
32238186750,0x389,0x0e,write8
32238239500,0x388,0xc6,write8
32238337500,0x389,0x0e,write8
32238389625,0x388,0x30,write8
32238487625,0x389,0xe6,write8
32238539250,0x388,0x50,write8
32238637375,0x389,0xe7,write8
32238689000,0x388,0x70,write8
32238787000,0x389,0x80,write8
32238838750,0x388,0x90,write8
32238936750,0x389,0x01,write8
32238988500,0x388,0xf0,write8
32239086625,0x389,0x00,write8
32239138750,0x388,0x33,write8
32239236750,0x389,0xe4,write8
32239288500,0x388,0x53,write8
32239386500,0x389,0x8d,write8
32239438250,0x388,0x73,write8
32239536250,0x389,0xf5,write8
32239587875,0x388,0x93,write8
32239686000,0x389,0x07,write8
32239737625,0x388,0xf3,write8
32239835625,0x389,0x00,write8
32239892625,0x388,0xa6,write8
32239990625,0x389,0x00,write8
32240042375,0x388,0xb6,write8
32240140375,0x389,0x2e,write8
32254991875,0x388,0xb7,write8
32255090000,0x389,0x0a,write8
32255142750,0x388,0xc7,write8
32255240750,0x389,0x0a,write8
32255292875,0x388,0x31,write8
32255390875,0x389,0x22,write8
32255442500,0x388,0x51,write8
32255540500,0x389,0x19,write8
32255592250,0x388,0x71,write8
32255690250,0x389,0xc6,write8
32255742000,0x388,0x91,write8
32255840000,0x389,0x77,write8
32255891750,0x388,0xf1,write8
32255989750,0x389,0x00,write8
32256042000,0x388,0x34,write8
32256140000,0x389,0x22,write8
32256191750,0x388,0x54,write8
32256289750,0x389,0x40,write8
32256341500,0x388,0x74,write8
32256439500,0x389,0xf4,write8
32256491125,0x388,0x94,write8
32256589125,0x389,0xf7,write8
32256640875,0x388,0xf4,write8
32256738875,0x389,0x00,write8
32256794000,0x388,0xa7,write8
32256892000,0x389,0x5e,write8
32256943625,0x388,0xb7,write8
32257041750,0x389,0x23,write8
32274001750,0x388,0xb4,write8
32274099375,0x389,0x07,write8
32276161125,0x388,0xb4,write8
32276259125,0x389,0x07,write8
32276311875,0x388,0xc4,write8
32276409875,0x389,0x0e,write8
32276462000,0x388,0x29,write8
32276560000,0x389,0xe6,write8
32276611750,0x388,0x49,write8
32276709750,0x389,0xe7,write8
32276761375,0x388,0x69,write8
32276859375,0x389,0x80,write8
32276911125,0x388,0x89,write8
32277009250,0x389,0x01,write8
32277061000,0x388,0xe9,write8
32277159000,0x389,0x00,write8
32277211125,0x388,0x2c,write8
32277309250,0x389,0xe4,write8
32277360875,0x388,0x4c,write8
32277458875,0x389,0x8d,write8
32277510625,0x388,0x6c,write8
32277608625,0x389,0xf5,write8
32277660375,0x388,0x8c,write8
32277758375,0x389,0x07,write8
32277810000,0x388,0xec,write8
32277908000,0x389,0x00,write8
32277965000,0x388,0xa4,write8
32278063125,0x389,0x85,write8
32278114750,0x388,0xb4,write8
32278212750,0x389,0x2e,write8
32280342375,0x388,0xb3,write8
32280440375,0x389,0x0a,write8
32288792750,0x388,0xb1,write8
32288890375,0x389,0x0a,write8
32299353625,0x388,0xb0,write8
32299451625,0x389,0x0b,write8
32301472375,0x388,0xb6,write8
32301570375,0x389,0x0e,write8
32326825000,0x388,0xb0,write8
32326923000,0x389,0x0b,write8
32326975625,0x388,0xc0,write8
32327073875,0x389,0x0e,write8
32327125875,0x388,0x20,write8
32327223875,0x389,0xe6,write8
32327275625,0x388,0x40,write8
32327373625,0x389,0xe7,write8
32327425375,0x388,0x60,write8
32327523375,0x389,0x80,write8
32327575000,0x388,0x80,write8
32327673000,0x389,0x01,write8
32327724750,0x388,0xe0,write8
32327822750,0x389,0x00,write8
32327875000,0x388,0x23,write8
32327973000,0x389,0xe4,write8
32328024750,0x388,0x43,write8
32328122875,0x389,0x8d,write8
32328174500,0x388,0x63,write8
32328272500,0x389,0xf5,write8
32328324250,0x388,0x83,write8
32328422250,0x389,0x07,write8
32328474000,0x388,0xe3,write8
32328572000,0x389,0x00,write8
32328629000,0x388,0xa0,write8
32328727000,0x389,0x5e,write8
32328778500,0x388,0xb0,write8
32328876500,0x389,0x2f,write8
32328944375,0x388,0xb5,write8
32329042625,0x389,0x0b,write8
32335276750,0x388,0xb4,write8
32335374750,0x389,0x0e,write8
32341611375,0x388,0xb2,write8
32341709375,0x389,0x12,write8
32369082250,0x388,0xb1,write8
32369180250,0x389,0x0a,write8
32369232875,0x388,0xc1,write8
32369330875,0x389,0x0e,write8
32369383000,0x388,0x21,write8
32369481000,0x389,0xe6,write8
32369532750,0x388,0x41,write8
32369630750,0x389,0xe7,write8
32369682375,0x388,0x61,write8
32369780375,0x389,0x80,write8
32369832125,0x388,0x81,write8
32369930125,0x389,0x01,write8
32369981875,0x388,0xe1,write8
32370080000,0x389,0x00,write8
32370132250,0x388,0x24,write8
32370230250,0x389,0xe4,write8
32370281875,0x388,0x44,write8
32370379875,0x389,0x8d,write8
32370431625,0x388,0x64,write8
32370529625,0x389,0xf5,write8
32370581375,0x388,0x84,write8
32370679375,0x389,0x07,write8
32370731000,0x388,0xe4,write8
32370829000,0x389,0x00,write8
32370886625,0x388,0xa1,write8
32370984625,0x389,0x00,write8
32371036375,0x388,0xb1,write8
32371134375,0x389,0x32,write8
32375415750,0x388,0xb0,write8
32375513750,0x389,0x0f,write8
32394435750,0x388,0xb0,write8
32394533750,0x389,0x0f,write8
32394586500,0x388,0xc0,write8
32394684500,0x389,0x0a,write8
32394736625,0x388,0x20,write8
32394834625,0x389,0x28,write8
32394886375,0x388,0x40,write8
32394984375,0x389,0x2b,write8
32395036125,0x388,0x60,write8
32395134125,0x389,0xe6,write8
32395185875,0x388,0x80,write8
32395283875,0x389,0x97,write8
32395335625,0x388,0xe0,write8
32395433625,0x389,0x02,write8
32395485750,0x388,0x23,write8
32395583750,0x389,0x22,write8
32395635500,0x388,0x43,write8
32395733500,0x389,0x08,write8
32395785250,0x388,0x63,write8
32395883250,0x389,0xf6,write8
32395935000,0x388,0x83,write8
32396033125,0x389,0xf7,write8
32396084750,0x388,0xe3,write8
32396182750,0x389,0x00,write8
32396238500,0x388,0xa0,write8
32396336500,0x389,0x5e,write8
32396388125,0x388,0xb0,write8
32396486125,0x389,0x27,write8
32396544750,0x388,0xb2,write8
32396642750,0x389,0x12,write8
32396695375,0x388,0xc2,write8
32396793500,0x389,0x08,write8
32396845500,0x388,0x22,write8
32396943500,0x389,0x20,write8
32396995250,0x388,0x42,write8
32397093375,0x389,0x24,write8
32397145125,0x388,0x62,write8
32397243125,0x389,0x62,write8
32397294750,0x388,0x82,write8
32397392750,0x389,0x75,write8
32397444500,0x388,0xe2,write8
32397542500,0x389,0x01,write8
32397594750,0x388,0x25,write8
32397692750,0x389,0x22,write8
32397744375,0x388,0x45,write8
32397842500,0x389,0x02,write8
32397894125,0x388,0x65,write8
32397992125,0x389,0xa8,write8
32398044000,0x388,0x85,write8
32398142000,0x389,0xf5,write8
32398193750,0x388,0xe5,write8
32398291750,0x389,0x00,write8
32398348000,0x388,0xa2,write8
32398446125,0x389,0x5e,write8
32398497625,0x388,0xb2,write8
32398595625,0x389,0x2b,write8
32402885875,0x388,0xb3,write8
32402983500,0x389,0x0a,write8
32403036125,0x388,0xc3,write8
32403133750,0x389,0x0e,write8
32403185625,0x388,0x28,write8
32403283250,0x389,0xe6,write8
32403334750,0x388,0x48,write8
32403432375,0x389,0xe7,write8
32403483875,0x388,0x68,write8
32403581500,0x389,0x80,write8
32403633000,0x388,0x88,write8
32403730625,0x389,0x01,write8
32403782500,0x388,0xe8,write8
32403880500,0x389,0x00,write8
32403932625,0x388,0x2b,write8
32404030750,0x389,0xe4,write8
32404082500,0x388,0x4b,write8
32404180500,0x389,0x8d,write8
32404232250,0x388,0x6b,write8
32404330250,0x389,0xf5,write8
32404381875,0x388,0x8b,write8
32404479875,0x389,0x07,write8
32404531625,0x388,0xeb,write8
32404629625,0x389,0x00,write8
32404687250,0x388,0xa3,write8
32404785250,0x389,0x85,write8
32404836875,0x388,0xb3,write8
32404934875,0x389,0x32,write8
32415560250,0x388,0xb1,write8
32415658250,0x389,0x12,write8
32445141000,0x388,0xb3,write8
32445238625,0x389,0x12,write8
32455707500,0x388,0xb2,write8
32455805500,0x389,0x0b,write8
32466271375,0x388,0xb7,write8
32466369375,0x389,0x03,write8
32506414500,0x388,0xb0,write8
32506512500,0x389,0x07,write8
32561349875,0x388,0xb0,write8
32561447875,0x389,0x07,write8
32561500625,0x388,0xc0,write8
32561598625,0x389,0x0a,write8
32561650625,0x388,0x20,write8
32561748750,0x389,0x28,write8
32561800375,0x388,0x40,write8
32561898375,0x389,0x2b,write8
32561950125,0x388,0x60,write8
32562048250,0x389,0xe6,write8
32562100000,0x388,0x80,write8
32562198000,0x389,0x97,write8
32562249625,0x388,0xe0,write8
32562347625,0x389,0x02,write8
32562399875,0x388,0x23,write8
32562497875,0x389,0x22,write8
32562549625,0x388,0x43,write8
32562647625,0x389,0x08,write8
32562699250,0x388,0x63,write8
32562797375,0x389,0xf6,write8
32562849000,0x388,0x83,write8
32562947000,0x389,0xf7,write8
32562998750,0x388,0xe3,write8
32563096875,0x389,0x00,write8
32563153250,0x388,0xa0,write8
32563251250,0x389,0x5e,write8
32563302750,0x388,0xb0,write8
32563400875,0x389,0x2b,write8
32563458875,0x388,0xb1,write8
32563556875,0x389,0x12,write8
32563609625,0x388,0xc1,write8
32563707625,0x389,0x08,write8
32563759750,0x388,0x21,write8
32563857750,0x389,0x20,write8
32563909500,0x388,0x41,write8
32564007625,0x389,0x24,write8
32564059250,0x388,0x61,write8
32564157250,0x389,0x62,write8
32564209000,0x388,0x81,write8
32564307000,0x389,0x75,write8
32564358750,0x388,0xe1,write8
32564456750,0x389,0x01,write8
32564508875,0x388,0x24,write8
32564606875,0x389,0x22,write8
32564658625,0x388,0x44,write8
32564756625,0x389,0x02,write8
32564808375,0x388,0x64,write8
32564906375,0x389,0xa8,write8
32564958125,0x388,0x84,write8
32565056250,0x389,0xf5,write8
32565107875,0x388,0xe4,write8
32565205875,0x389,0x00,write8
32565262250,0x388,0xa1,write8
32565360250,0x389,0x5e,write8
32565411875,0x388,0xb1,write8
32565509875,0x389,0x2b,write8
32599377625,0x388,0xb1,write8
32599475625,0x389,0x0b,write8
32656426000,0x388,0xb0,write8
32656524000,0x389,0x0b,write8
32728264250,0x388,0xb0,write8
32728362250,0x389,0x0b,write8
32728414875,0x388,0xc0,write8
32728512875,0x389,0x0e,write8
32728565000,0x388,0x20,write8
32728663000,0x389,0x21,write8
32728714750,0x388,0x40,write8
32728812750,0x389,0xcd,write8
32728864375,0x388,0x60,write8
32728962500,0x389,0x98,write8
32729014250,0x388,0x80,write8
32729112250,0x389,0x3f,write8
32729164000,0x388,0xe0,write8
32729262000,0x389,0x00,write8
32729314250,0x388,0x23,write8
32729412250,0x389,0x21,write8
32729463875,0x388,0x43,write8
32729561875,0x389,0x02,write8
32729613625,0x388,0x63,write8
32729711625,0x389,0x65,write8
32729763375,0x388,0x83,write8
32729861375,0x389,0x2a,write8
32729913000,0x388,0xe3,write8
32730011250,0x389,0x00,write8
32730068750,0x388,0xa0,write8
32730166750,0x389,0x5e,write8
32730218375,0x388,0xb0,write8
32730316375,0x389,0x33,write8
32730374500,0x388,0xb1,write8
32730472125,0x389,0x0b,write8
32730524625,0x388,0xc1,write8
32730622250,0x389,0x0a,write8
32730674125,0x388,0x21,write8
32730771875,0x389,0x28,write8
32730823500,0x388,0x41,write8
32730921125,0x389,0x2b,write8
32730972625,0x388,0x61,write8
32731070375,0x389,0xe6,write8
32731121875,0x388,0x81,write8
32731219500,0x389,0x97,write8
32731271000,0x388,0xe1,write8
32731368625,0x389,0x02,write8
32731420625,0x388,0x24,write8
32731518250,0x389,0x22,write8
32731569750,0x388,0x44,write8
32731667375,0x389,0x08,write8
32731718875,0x388,0x64,write8
32731816500,0x389,0xf6,write8
32731868000,0x388,0x84,write8
32731966000,0x389,0xf7,write8
32732017875,0x388,0xe4,write8
32732115875,0x389,0x00,write8
32732172875,0x388,0xa1,write8
32732270875,0x389,0x00,write8
32732322375,0x388,0xb1,write8
32732420375,0x389,0x2e,write8
32732479000,0x388,0xb2,write8
32732577000,0x389,0x0b,write8
32732629750,0x388,0xc2,write8
32732727750,0x389,0x0e,write8
32732779875,0x388,0x22,write8
32732877875,0x389,0xe6,write8
32732929500,0x388,0x42,write8
32733027625,0x389,0xe7,write8
32733079375,0x388,0x62,write8
32733177375,0x389,0x80,write8
32733229125,0x388,0x82,write8
32733327125,0x389,0x01,write8
32733378875,0x388,0xe2,write8
32733476875,0x389,0x00,write8
32733529000,0x388,0x25,write8
32733627000,0x389,0xe4,write8
32733678750,0x388,0x45,write8
32733776750,0x389,0x8d,write8
32733828500,0x388,0x65,write8
32733926500,0x389,0xf5,write8
32733978125,0x388,0x85,write8
32734076250,0x389,0x07,write8
32734128000,0x388,0xe5,write8
32734226000,0x389,0x00,write8
32734282375,0x388,0xa2,write8
32734380375,0x389,0x85,write8
32734432000,0x388,0xb2,write8
32734530000,0x389,0x2a,write8
32734589125,0x388,0xb3,write8
32734687125,0x389,0x12,write8
32734739750,0x388,0xc3,write8
32734837750,0x389,0x0e,write8
32734889875,0x388,0x28,write8
32734987875,0x389,0xe6,write8
32735039750,0x388,0x48,write8
32735137750,0x389,0xe7,write8
32735189500,0x388,0x68,write8
32735287500,0x389,0x80,write8
32735339125,0x388,0x88,write8
32735437125,0x389,0x01,write8
32735488875,0x388,0xe8,write8
32735586875,0x389,0x00,write8
32735639125,0x388,0x2b,write8
32735737125,0x389,0xe4,write8
32735788750,0x388,0x4b,write8
32735886750,0x389,0x8d,write8
32735938500,0x388,0x6b,write8
32736036625,0x389,0xf5,write8
32736088375,0x388,0x8b,write8
32736186375,0x389,0x07,write8
32736238125,0x388,0xeb,write8
32736336125,0x389,0x00,write8
32736393000,0x388,0xa3,write8
32736491000,0x389,0x00,write8
32736542625,0x388,0xb3,write8
32736640625,0x389,0x2e,write8
32736700250,0x388,0xb4,write8
32736798250,0x389,0x0e,write8
32736851000,0x388,0xc4,write8
32736949000,0x389,0x0e,write8
32737001250,0x388,0x29,write8
32737099250,0x389,0xe6,write8
32737150875,0x388,0x49,write8
32737248875,0x389,0xe7,write8
32737300625,0x388,0x69,write8
32737398625,0x389,0x80,write8
32737450375,0x388,0x89,write8
32737548375,0x389,0x01,write8
32737600000,0x388,0xe9,write8
32737698000,0x389,0x00,write8
32737750250,0x388,0x2c,write8
32737848250,0x389,0xe4,write8
32737900000,0x388,0x4c,write8
32737998000,0x389,0x8d,write8
32738049875,0x388,0x6c,write8
32738147875,0x389,0xf5,write8
32738199500,0x388,0x8c,write8
32738297500,0x389,0x07,write8
32738349250,0x388,0xec,write8
32738447250,0x389,0x00,write8
32738503625,0x388,0xa4,write8
32738601625,0x389,0x5e,write8
32738653250,0x388,0xb4,write8
32738751250,0x389,0x2b,write8
32738811125,0x388,0xb5,write8
32738909375,0x389,0x0b,write8
32738962000,0x388,0xc5,write8
32739060125,0x389,0x0a,write8
32739112250,0x388,0x2a,write8
32739210250,0x389,0x2a,write8
32739262000,0x388,0x4a,write8
32739360000,0x389,0x28,write8
32739411625,0x388,0x6a,write8
32739509625,0x389,0xe6,write8
32739561375,0x388,0x8a,write8
32739659375,0x389,0xd7,write8
32739711125,0x388,0xea,write8
32739809125,0x389,0x00,write8
32739861375,0x388,0x2d,write8
32739959375,0x389,0x22,write8
32740011125,0x388,0x4d,write8
32740109125,0x389,0x06,write8
32740160875,0x388,0x6d,write8
32740258875,0x389,0xf6,write8
32740310625,0x388,0x8d,write8
32740408625,0x389,0xf7,write8
32740460250,0x388,0xed,write8
32740558250,0x389,0x00,write8
32740615250,0x388,0xa5,write8
32740713250,0x389,0x5e,write8
32740764875,0x388,0xb5,write8
32740862875,0x389,0x2f,write8
32740923375,0x388,0xb6,write8
32741021625,0x389,0x0e,write8
32741074375,0x388,0xc6,write8
32741172375,0x389,0x08,write8
32741224375,0x388,0x30,write8
32741322500,0x389,0x20,write8
32741374125,0x388,0x50,write8
32741472125,0x389,0x24,write8
32741523875,0x388,0x70,write8
32741621875,0x389,0x62,write8
32741673625,0x388,0x90,write8
32741771625,0x389,0x75,write8
32741823250,0x388,0xf0,write8
32741921250,0x389,0x01,write8
32741973500,0x388,0x33,write8
32742071625,0x389,0x22,write8
32742123375,0x388,0x53,write8
32742221375,0x389,0x02,write8
32742273000,0x388,0x73,write8
32742371125,0x389,0xa8,write8
32742422750,0x388,0x93,write8
32742520750,0x389,0xf5,write8
32742572500,0x388,0xf3,write8
32742670500,0x389,0x00,write8
32742726875,0x388,0xa6,write8
32742824875,0x389,0x5e,write8
32742876375,0x388,0xb6,write8
32742974375,0x389,0x2b,write8
32812775250,0x388,0xb4,write8
32812873249,0x389,0x0b,write8
32827567000,0x388,0xb2,write8
32827665000,0x389,0x0a,write8
32829676500,0x388,0xb1,write8
32829774500,0x389,0x0e,write8
32840244749,0x388,0xb3,write8
32840342875,0x389,0x0e,write8
32848697500,0x388,0xb6,write8
32848795625,0x389,0x0b,write8
32857148125,0x388,0xb5,write8
32857246124,0x389,0x0f,write8
32905740375,0x388,0xb1,write8
32905838375,0x389,0x0e,write8
32905891000,0x388,0xc1,write8
32905989000,0x389,0x0e,write8
32906041250,0x388,0x21,write8
32906139250,0x389,0xe6,write8
32906191000,0x388,0x41,write8
32906288999,0x389,0xe7,write8
32906340624,0x388,0x61,write8
32906438750,0x389,0x80,write8
32906490375,0x388,0x81,write8
32906588375,0x389,0x01,write8
32906640124,0x388,0xe1,write8
32906738125,0x389,0x00,write8
32906790374,0x388,0x24,write8
32906888375,0x389,0xe4,write8
32906940000,0x388,0x44,write8
32907038125,0x389,0x8d,write8
32907089874,0x388,0x64,write8
32907187875,0x389,0xf5,write8
32907239625,0x388,0x84,write8
32907337625,0x389,0x07,write8
32907389250,0x388,0xe4,write8
32907487374,0x389,0x00,write8
32907544250,0x388,0xa1,write8
32907642249,0x389,0x00,write8
32907693874,0x388,0xb1,write8
32907791875,0x389,0x2e,write8
32907850500,0x388,0xb2,write8
32907948500,0x389,0x0a,write8
32908001375,0x388,0xc2,write8
32908099374,0x389,0x0e,write8
32908151375,0x388,0x22,write8
32908249499,0x389,0xe6,write8
32908301125,0x388,0x42,write8
32908399125,0x389,0xe7,write8
32908450875,0x388,0x62,write8
32908548875,0x389,0x80,write8
32908600625,0x388,0x82,write8
32908698624,0x389,0x01,write8
32908750249,0x388,0xe2,write8
32908848250,0x389,0x00,write8
32908900500,0x388,0x25,write8
32908998500,0x389,0xe4,write8
32909050375,0x388,0x45,write8
32909148374,0x389,0x8d,write8
32909199999,0x388,0x65,write8
32909298125,0x389,0xf5,write8
32909349750,0x388,0x85,write8
32909447750,0x389,0x07,write8
32909499499,0x388,0xe5,write8
32909597500,0x389,0x00,write8
32909653875,0x388,0xa2,write8
32909751875,0x389,0x5e,write8
32909803375,0x388,0xb2,write8
32909901375,0x389,0x2b,write8
32909960500,0x388,0xb3,write8
32910058624,0x389,0x0e,write8
32910111375,0x388,0xc3,write8
32910209375,0x389,0x0e,write8
32910261500,0x388,0x28,write8
32910359500,0x389,0xe6,write8
32910411249,0x388,0x48,write8
32910509250,0x389,0xe7,write8
32910560875,0x388,0x68,write8
32910658875,0x389,0x80,write8
32910710625,0x388,0x88,write8
32910808624,0x389,0x01,write8
32910860374,0x388,0xe8,write8
32910958375,0x389,0x00,write8
32911010625,0x388,0x2b,write8
32911108625,0x389,0xe4,write8
32911160375,0x388,0x4b,write8
32911258374,0x389,0x8d,write8
32911310125,0x388,0x6b,write8
32911408125,0x389,0xf5,write8
32911459875,0x388,0x8b,write8
32911557875,0x389,0x07,write8
32911609500,0x388,0xeb,write8
32911707499,0x389,0x00,write8
32911763874,0x388,0xa3,write8
32911861875,0x389,0x85,write8
32911913500,0x388,0xb3,write8
32912011625,0x389,0x2a,write8
32912071250,0x388,0xb4,write8
32912169250,0x389,0x0b,write8
32912222000,0x388,0xc4,write8
32912320000,0x389,0x0a,write8
32912372000,0x388,0x29,write8
32912470000,0x389,0x28,write8
32912521750,0x388,0x49,write8
32912619749,0x389,0x2b,write8
32912671499,0x388,0x69,write8
32912769500,0x389,0xe6,write8
32912821125,0x388,0x89,write8
32912919125,0x389,0x97,write8
32912970875,0x388,0xe9,write8
32913069000,0x389,0x02,write8
32913121249,0x388,0x2c,write8
32913219250,0x389,0x22,write8
32913271000,0x388,0x4c,write8
32913369000,0x389,0x08,write8
32913420625,0x388,0x6c,write8
32913518624,0x389,0xf6,write8
32913570375,0x388,0x8c,write8
32913668375,0x389,0xf7,write8
32913720125,0x388,0xec,write8
32913818124,0x389,0x00,write8
32913874499,0x388,0xa4,write8
32913972500,0x389,0x5e,write8
32914023999,0x388,0xb4,write8
32914122000,0x389,0x2b,write8
32914182125,0x388,0xb5,write8
32914280124,0x389,0x0f,write8
32914332875,0x388,0xc5,write8
32914430875,0x389,0x0a,write8
32914483000,0x388,0x2a,write8
32914581000,0x389,0x28,write8
32914632625,0x388,0x4a,write8
32914730624,0x389,0x2b,write8
32914782375,0x388,0x6a,write8
32914880375,0x389,0xe6,write8
32914932125,0x388,0x8a,write8
32915030250,0x389,0x97,write8
32915082000,0x388,0xea,write8
32915180000,0x389,0x02,write8
32915232125,0x388,0x2d,write8
32915330125,0x389,0x22,write8
32915381875,0x388,0x4d,write8
32915479874,0x389,0x08,write8
32915531625,0x388,0x6d,write8
32915629625,0x389,0xf6,write8
32915681250,0x388,0x8d,write8
32915779250,0x389,0xf7,write8
32915831000,0x388,0xed,write8
32915928750,0x389,0x00,write8
32915984875,0x388,0xa5,write8
32916082625,0x389,0x85,write8
32916134000,0x388,0xb5,write8
32916231750,0x389,0x2a,write8
32916292250,0x388,0xb6,write8
32916389875,0x389,0x0b,write8
32916442375,0x388,0xc6,write8
32916540000,0x389,0x00,write8
32916591875,0x388,0x30,write8
32916689500,0x389,0x20,write8
32916741000,0x388,0x50,write8
32916838624,0x389,0x00,write8
32916890124,0x388,0x70,write8
32916987750,0x389,0xfa,write8
32917039375,0x388,0x90,write8
32917137000,0x389,0x6a,write8
32917188499,0x388,0xf0,write8
32917286125,0x389,0x00,write8
32917338125,0x388,0x33,write8
32917436125,0x389,0x26,write8
32917487750,0x388,0x53,write8
32917585750,0x389,0x07,write8
32917637499,0x388,0x73,write8
32917735500,0x389,0xaa,write8
32917787250,0x388,0x93,write8
32917885250,0x389,0xfa,write8
32917936875,0x388,0xf3,write8
32918035000,0x389,0x00,write8
32918091999,0x388,0xa6,write8
32918190000,0x389,0x85,write8
32918241625,0x388,0xb6,write8
32918339625,0x389,0x2e,write8
32926866499,0x388,0xb0,write8
32926964500,0x389,0x13,write8
32952223500,0x388,0xb6,write8
32952321500,0x389,0x0e,write8
33000820125,0x388,0xb3,write8
33000918124,0x389,0x0a,write8
33007155250,0x388,0xb2,write8
33007253250,0x389,0x0b,write8
33015606125,0x388,0xb1,write8
33015704124,0x389,0x0e,write8
33019834125,0x388,0xb5,write8
33019932125,0x389,0x0a,write8
33019990250,0x388,0xb4,write8
33020088375,0x389,0x0b,write8
33076924874,0x388,0xb0,write8
33077023000,0x389,0x13,write8
33077075624,0x388,0xc0,write8
33077173625,0x389,0x0e,write8
33077225749,0x388,0x20,write8
33077323750,0x389,0x21,write8
33077375500,0x388,0x40,write8
33077473500,0x389,0xcd,write8
33077525125,0x388,0x60,write8
33077623249,0x389,0x98,write8
33077674874,0x388,0x80,write8
33077772875,0x389,0x3f,write8
33077824625,0x388,0xe0,write8
33077922625,0x389,0x00,write8
33077974875,0x388,0x23,write8
33078072999,0x389,0x21,write8
33078124624,0x388,0x43,write8
33078222625,0x389,0x02,write8
33078274375,0x388,0x63,write8
33078372375,0x389,0x65,write8
33078424124,0x388,0x83,write8
33078522125,0x389,0x2a,write8
33078573750,0x388,0xe3,write8
33078671875,0x389,0x00,write8
33078729375,0x388,0xa0,write8
33078827375,0x389,0x5e,write8
33078879000,0x388,0xb0,write8
33078977000,0x389,0x33,write8
33079035250,0x388,0xb1,write8
33079133250,0x389,0x0e,write8
33079186000,0x388,0xc1,write8
33079284000,0x389,0x0a,write8
33079336000,0x388,0x21,write8
33079434125,0x389,0x28,write8
33079485750,0x388,0x41,write8
33079583749,0x389,0x2b,write8
33079635499,0x388,0x61,write8
33079733500,0x389,0xe6,write8
33079785250,0x388,0x81,write8
33079883250,0x389,0x97,write8
33079934875,0x388,0xe1,write8
33080033000,0x389,0x02,write8
33080085249,0x388,0x24,write8
33080183250,0x389,0x22,write8
33080235000,0x388,0x44,write8
33080333000,0x389,0x08,write8
33080384625,0x388,0x64,write8
33080482624,0x389,0xf6,write8
33080534375,0x388,0x84,write8
33080632375,0x389,0xf7,write8
33080684125,0x388,0xe4,write8
33080782124,0x389,0x00,write8
33080839125,0x388,0xa1,write8
33080937124,0x389,0x85,write8
33080988625,0x388,0xb1,write8
33081086875,0x389,0x2e,write8
33081145375,0x388,0xb2,write8
33081243375,0x389,0x0b,write8
33081296125,0x388,0xc2,write8
33081394125,0x389,0x0a,write8
33081446250,0x388,0x22,write8
33081544250,0x389,0x2a,write8
33081595999,0x388,0x42,write8
33081694000,0x389,0x28,write8
33081745625,0x388,0x62,write8
33081843625,0x389,0xe6,write8
33081895375,0x388,0x82,write8
33081993375,0x389,0xd7,write8
33082045250,0x388,0xe2,write8
33082143250,0x389,0x00,write8
33082195375,0x388,0x25,write8
33082293375,0x389,0x22,write8
33082345125,0x388,0x45,write8
33082443124,0x389,0x06,write8
33082494874,0x388,0x65,write8
33082592875,0x389,0xf6,write8
33082644625,0x388,0x85,write8
33082742625,0x389,0xf7,write8
33082794250,0x388,0xe5,write8
33082892249,0x389,0x00,write8
33082949249,0x388,0xa2,write8
33083047375,0x389,0x5e,write8
33083099000,0x388,0xb2,write8
33083197000,0x389,0x2f,write8
33193084499,0x388,0xb1,write8
33193182500,0x389,0x0e,write8
33248019999,0x388,0xb1,write8
33248118000,0x389,0x0e,write8
33248170625,0x388,0xc1,write8
33248268750,0x389,0x0a,write8
33248320750,0x388,0x21,write8
33248418749,0x389,0x28,write8
33248470500,0x388,0x41,write8
33248568500,0x389,0x2b,write8
33248620250,0x388,0x61,write8
33248718249,0x389,0xe6,write8
33248769875,0x388,0x81,write8
33248867875,0x389,0x97,write8
33248919625,0x388,0xe1,write8
33249017750,0x389,0x02,write8
33249070000,0x388,0x24,write8
33249167999,0x389,0x22,write8
33249219624,0x388,0x44,write8
33249317750,0x389,0x08,write8
33249369375,0x388,0x64,write8
33249467375,0x389,0xf6,write8
33249519125,0x388,0x84,write8
33249617124,0x389,0xf7,write8
33249668875,0x388,0xe4,write8
33249766875,0x389,0x00,write8
33249823750,0x388,0xa1,write8
33249921875,0x389,0x00,write8
33249973375,0x388,0xb1,write8
33250071500,0x389,0x2e,write8
33250130624,0x388,0xb3,write8
33250228625,0x389,0x0a,write8
33250281375,0x388,0xc3,write8
33250379374,0x389,0x00,write8
33250431500,0x388,0x28,write8
33250529499,0x389,0x20,write8
33250581124,0x388,0x48,write8
33250679125,0x389,0x00,write8
33250730875,0x388,0x68,write8
33250828875,0x389,0xfa,write8
33250880624,0x388,0x88,write8
33250978625,0x389,0x6a,write8
33251030375,0x388,0xe8,write8
33251128500,0x389,0x00,write8
33251180625,0x388,0x2b,write8
33251278625,0x389,0x26,write8
33251330374,0x388,0x4b,write8
33251428375,0x389,0x07,write8
33251480125,0x388,0x6b,write8
33251578125,0x389,0xaa,write8
33251629750,0x388,0x8b,write8
33251727750,0x389,0xfa,write8
33251779499,0x388,0xeb,write8
33251877500,0x389,0x00,write8
33251934500,0x388,0xa3,write8
33252032625,0x389,0x85,write8
33252084250,0x388,0xb3,write8
33252182249,0x389,0x2e,write8
33252241875,0x388,0xb4,write8
33252339874,0x389,0x0b,write8
33252392500,0x388,0xc4,write8
33252490500,0x389,0x00,write8
33252542625,0x388,0x29,write8
33252640625,0x389,0x20,write8
33252692375,0x388,0x49,write8
33252790374,0x389,0x00,write8
33252841999,0x388,0x69,write8
33252940125,0x389,0xfa,write8
33252991750,0x388,0x89,write8
33253089874,0x389,0x6a,write8
33253141624,0x388,0xe9,write8
33253239625,0x389,0x00,write8
33253291875,0x388,0x2c,write8
33253389875,0x389,0x26,write8
33253441500,0x388,0x4c,write8
33253539500,0x389,0x07,write8
33253591249,0x388,0x6c,write8
33253689250,0x389,0xaa,write8
33253741000,0x388,0x8c,write8
33253839000,0x389,0xfa,write8
33253890625,0x388,0xec,write8
33253988749,0x389,0x00,write8
33254046374,0x388,0xa4,write8
33254144375,0x389,0x00,write8
33254196000,0x388,0xb4,write8
33254294000,0x389,0x32,write8
33294501750,0x388,0xb3,write8
33294599875,0x389,0x0e,write8
33294657625,0x388,0xb4,write8
33294755624,0x389,0x12,write8
33360001750,0x388,0xb1,write8
33360099750,0x389,0x0e,write8
33372678999,0x388,0xb2,write8
33372776625,0x389,0x0f,write8
33419162500,0x388,0xb1,write8
33419260499,0x389,0x0e,write8
33419313250,0x388,0xc1,write8
33419411249,0x389,0x0a,write8
33419463375,0x388,0x21,write8
33419561374,0x389,0x28,write8
33419613125,0x388,0x41,write8
33419711125,0x389,0x2b,write8
33419762750,0x388,0x61,write8
33419860750,0x389,0xe6,write8
33419912500,0x388,0x81,write8
33420010625,0x389,0x97,write8
33420062375,0x388,0xe1,write8
33420160375,0x389,0x02,write8
33420212500,0x388,0x24,write8
33420310625,0x389,0x22,write8
33420362250,0x388,0x44,write8
33420460249,0x389,0x08,write8
33420512000,0x388,0x64,write8
33420610000,0x389,0xf6,write8
33420661750,0x388,0x84,write8
33420759749,0x389,0xf7,write8
33420811374,0x388,0xe4,write8
33420909375,0x389,0x00,write8
33420965750,0x388,0xa1,write8
33421063875,0x389,0x5e,write8
33421115500,0x388,0xb1,write8
33421213499,0x389,0x2b,write8
33421272125,0x388,0xb2,write8
33421370125,0x389,0x0f,write8
33421422874,0x388,0xc2,write8
33421520875,0x389,0x0e,write8
33421572874,0x388,0x22,write8
33421670875,0x389,0xe6,write8
33421722625,0x388,0x42,write8
33421820625,0x389,0xe7,write8
33421872375,0x388,0x62,write8
33421970374,0x389,0x80,write8
33422022125,0x388,0x82,write8
33422120125,0x389,0x01,write8
33422171875,0x388,0xe2,write8
33422269875,0x389,0x00,write8
33422322125,0x388,0x25,write8
33422420124,0x389,0xe4,write8
33422471875,0x388,0x45,write8
33422569875,0x389,0x8d,write8
33422621500,0x388,0x65,write8
33422719500,0x389,0xf5,write8
33422771249,0x388,0x85,write8
33422869250,0x389,0x07,write8
33422921000,0x388,0xe5,write8
33423019125,0x389,0x00,write8
33423075500,0x388,0xa2,write8
33423173499,0x389,0x85,write8
33423225000,0x388,0xb2,write8
33423322999,0x389,0x2a,write8
33423382124,0x388,0xb3,write8
33423480125,0x389,0x0e,write8
33423532874,0x388,0xc3,write8
33423630875,0x389,0x0e,write8
33423682999,0x388,0x28,write8
33423781000,0x389,0xe6,write8
33423832625,0x388,0x48,write8
33423930625,0x389,0xe7,write8
33423982375,0x388,0x68,write8
33424080499,0x389,0x80,write8
33424132250,0x388,0x88,write8
33424230250,0x389,0x01,write8
33424281875,0x388,0xe8,write8
33424379999,0x389,0x00,write8
33424432125,0x388,0x2b,write8
33424530124,0x389,0xe4,write8
33424581875,0x388,0x4b,write8
33424679875,0x389,0x8d,write8
33424731625,0x388,0x6b,write8
33424829625,0x389,0xf5,write8
33424881250,0x388,0x8b,write8
33424979249,0x389,0x07,write8
33425031125,0x388,0xeb,write8
33425129125,0x389,0x00,write8
33425185500,0x388,0xa3,write8
33425283499,0x389,0x5e,write8
33425335124,0x388,0xb3,write8
33425433125,0x389,0x2b,write8
33425492749,0x388,0xb4,write8
33425590750,0x389,0x12,write8
33425643375,0x388,0xc4,write8
33425741374,0x389,0x0e,write8
33425793500,0x388,0x29,write8
33425891499,0x389,0xe6,write8
33425943249,0x388,0x49,write8
33426041375,0x389,0xe7,write8
33426093000,0x388,0x69,write8
33426191124,0x389,0x80,write8
33426242749,0x388,0x89,write8
33426340750,0x389,0x01,write8
33426392500,0x388,0xe9,write8
33426490500,0x389,0x00,write8
33426542750,0x388,0x2c,write8
33426640750,0x389,0xe4,write8
33426692375,0x388,0x4c,write8
33426790374,0x389,0x8d,write8
33426842125,0x388,0x6c,write8
33426940125,0x389,0xf5,write8
33426991875,0x388,0x8c,write8
33427089999,0x389,0x07,write8
33427141624,0x388,0xec,write8
33427239750,0x389,0x00,write8
33427296625,0x388,0xa4,write8
33427394625,0x389,0x00,write8
33427446250,0x388,0xb4,write8
33427544250,0x389,0x2e,write8
33427604375,0x388,0xb5,write8
33427702375,0x389,0x0a,write8
33427755125,0x388,0xc5,write8
33427853125,0x389,0x00,write8
33427905124,0x388,0x2a,write8
33428003375,0x389,0x20,write8
33428055000,0x388,0x4a,write8
33428153000,0x389,0x00,write8
33428204749,0x388,0x6a,write8
33428302750,0x389,0xfa,write8
33428354500,0x388,0x8a,write8
33428452500,0x389,0x6a,write8
33428504125,0x388,0xea,write8
33428602124,0x389,0x00,write8
33428654375,0x388,0x2d,write8
33428752374,0x389,0x26,write8
33428804125,0x388,0x4d,write8
33428902125,0x389,0x07,write8
33428953750,0x388,0x6d,write8
33429052000,0x389,0xaa,write8
33429103625,0x388,0x8d,write8
33429201625,0x389,0xfa,write8
33429253375,0x388,0xed,write8
33429351375,0x389,0x00,write8
33429408375,0x388,0xa5,write8
33429506374,0x389,0x85,write8
33429557750,0x388,0xb5,write8
33429655375,0x389,0x2e,write8
33465642625,0x388,0xb5,write8
33465740625,0x389,0x0e,write8
33488885875,0x388,0xb3,write8
33488983999,0x389,0x0b,write8
33495220999,0x388,0xb2,write8
33495319000,0x389,0x0a,write8
33499447625,0x388,0xb4,write8
33499545625,0x389,0x0e,write8
33524799625,0x388,0xb0,write8
33524897624,0x389,0x13,write8
33531183875,0x388,0xb1,write8
33531281875,0x389,0x0b,write8
33586076250,0x388,0xb0,write8
33586174249,0x389,0x13,write8
33586227000,0x388,0xc0,write8
33586324999,0x389,0x0e,write8
33586377000,0x388,0x20,write8
33586475000,0x389,0x21,write8
33586526500,0x388,0x40,write8
33586624125,0x389,0xcd,write8
33586675625,0x388,0x60,write8
33586773250,0x389,0x98,write8
33586824875,0x388,0x80,write8
33586922625,0x389,0x3f,write8
33586974125,0x388,0xe0,write8
33587071875,0x389,0x00,write8
33587123874,0x388,0x23,write8
33587221500,0x389,0x21,write8
33587273000,0x388,0x43,write8
33587370625,0x389,0x02,write8
33587422124,0x388,0x63,write8
33587519750,0x389,0x65,write8
33587571250,0x388,0x83,write8
33587668875,0x389,0x2a,write8
33587720374,0x388,0xe3,write8
33587818000,0x389,0x00,write8
33587875999,0x388,0xa0,write8
33587973625,0x389,0x00,write8
33588025374,0x388,0xb0,write8
33588123375,0x389,0x36,write8
33588181500,0x388,0xb1,write8
33588279499,0x389,0x0b,write8
33588332250,0x388,0xc1,write8
33588430249,0x389,0x0e,write8
33588482375,0x388,0x21,write8
33588580374,0x389,0xe6,write8
33588631999,0x388,0x41,write8
33588730000,0x389,0xe7,write8
33588781750,0x388,0x61,write8
33588879750,0x389,0x80,write8
33588931500,0x388,0x81,write8
33589029625,0x389,0x01,write8
33589081375,0x388,0xe1,write8
33589179375,0x389,0x00,write8
33589231500,0x388,0x24,write8
33589329500,0x389,0xe4,write8
33589381250,0x388,0x44,write8
33589479249,0x389,0x8d,write8
33589531000,0x388,0x64,write8
33589629000,0x389,0xf5,write8
33589680625,0x388,0x84,write8
33589778625,0x389,0x07,write8
33589830374,0x388,0xe4,write8
33589928375,0x389,0x00,write8
33589984750,0x388,0xa1,write8
33590082875,0x389,0x85,write8
33590134500,0x388,0xb1,write8
33590232500,0x389,0x2a,write8
33590291125,0x388,0xb2,write8
33590389125,0x389,0x0a,write8
33590441750,0x388,0xc2,write8
33590539750,0x389,0x0e,write8
33590591875,0x388,0x22,write8
33590689874,0x389,0xe6,write8
33590741625,0x388,0x42,write8
33590839625,0x389,0xe7,write8
33590891250,0x388,0x62,write8
33590989374,0x389,0x80,write8
33591041125,0x388,0x82,write8
33591139125,0x389,0x01,write8
33591190875,0x388,0xe2,write8
33591288875,0x389,0x00,write8
33591341125,0x388,0x25,write8
33591439124,0x389,0xe4,write8
33591490749,0x388,0x45,write8
33591588750,0x389,0x8d,write8
33591640500,0x388,0x65,write8
33591738500,0x389,0xf5,write8
33591790250,0x388,0x85,write8
33591888250,0x389,0x07,write8
33591939874,0x388,0xe5,write8
33592038125,0x389,0x00,write8
33592094375,0x388,0xa2,write8
33592192375,0x389,0x5e,write8
33592244000,0x388,0xb2,write8
33592341999,0x389,0x2b,write8
33592401124,0x388,0xb3,write8
33592499125,0x389,0x0b,write8
33592551874,0x388,0xc3,write8
33592649875,0x389,0x0e,write8
33592701875,0x388,0x28,write8
33592800000,0x389,0xe6,write8
33592851625,0x388,0x48,write8
33592949625,0x389,0xe7,write8
33593001500,0x388,0x68,write8
33593099499,0x389,0x80,write8
33593151250,0x388,0x88,write8
33593249250,0x389,0x01,write8
33593300875,0x388,0xe8,write8
33593398875,0x389,0x00,write8
33593451125,0x388,0x2b,write8
33593549124,0x389,0xe4,write8
33593600874,0x388,0x4b,write8
33593698875,0x389,0x8d,write8
33593750500,0x388,0x6b,write8
33593848625,0x389,0xf5,write8
33593900250,0x388,0x8b,write8
33593998249,0x389,0x07,write8
33594050125,0x388,0xeb,write8
33594148125,0x389,0x00,write8
33594205125,0x388,0xa3,write8
33594303125,0x389,0x00,write8
33594354625,0x388,0xb3,write8
33594452749,0x389,0x2e,write8
33594512250,0x388,0xb4,write8
33594610374,0x389,0x0e,write8
33594663000,0x388,0xc4,write8
33594761000,0x389,0x0a,write8
33594813125,0x388,0x29,write8
33594911125,0x389,0x2a,write8
33594962874,0x388,0x49,write8
33595061000,0x389,0x28,write8
33595112625,0x388,0x69,write8
33595210625,0x389,0xe6,write8
33595262375,0x388,0x89,write8
33595360374,0x389,0xd7,write8
33595412125,0x388,0xe9,write8
33595510125,0x389,0x00,write8
33595562250,0x388,0x2c,write8
33595660375,0x389,0x22,write8
33595712000,0x388,0x4c,write8
33595809999,0x389,0x06,write8
33595861749,0x388,0x6c,write8
33595959750,0x389,0xf6,write8
33596011625,0x388,0x8c,write8
33596109624,0x389,0xf7,write8
33596161249,0x388,0xec,write8
33596259250,0x389,0x00,write8
33596316874,0x388,0xa4,write8
33596414875,0x389,0x00,write8
33596466500,0x388,0xb4,write8
33596564500,0x389,0x32,write8
33596624499,0x388,0xb5,write8
33596722625,0x389,0x0e,write8
33596775374,0x388,0xc5,write8
33596873375,0x389,0x0a,write8
33596925375,0x388,0x2a,write8
33597023500,0x389,0x28,write8
33597075250,0x388,0x4a,write8
33597173250,0x389,0x2b,write8
33597225000,0x388,0x6a,write8
33597322999,0x389,0xe6,write8
33597374750,0x388,0x8a,write8
33597472750,0x389,0x97,write8
33597524375,0x388,0xea,write8
33597622375,0x389,0x02,write8
33597674625,0x388,0x2d,write8
33597772624,0x389,0x22,write8
33597824374,0x388,0x4d,write8
33597922375,0x389,0x08,write8
33597974000,0x388,0x6d,write8
33598072125,0x389,0xf6,write8
33598123874,0x388,0x8d,write8
33598221875,0x389,0xf7,write8
33598273625,0x388,0xed,write8
33598371625,0x389,0x00,write8
33598428000,0x388,0xa5,write8
33598525999,0x389,0x00,write8
33598577500,0x388,0xb5,write8
33598675499,0x389,0x2a,write8
33598735999,0x388,0xb6,write8
33598834125,0x389,0x0e,write8
33598886874,0x388,0xc6,write8
33598984875,0x389,0x00,write8
33599037125,0x388,0x30,write8
33599135125,0x389,0x20,write8
33599186875,0x388,0x50,write8
33599284874,0x389,0x00,write8
33599336499,0x388,0x70,write8
33599434500,0x389,0xfa,write8
33599486250,0x388,0x90,write8
33599584250,0x389,0x6a,write8
33599636000,0x388,0xf0,write8
33599733999,0x389,0x00,write8
33599786125,0x388,0x33,write8
33599884124,0x389,0x26,write8
33599935875,0x388,0x53,write8
33600034000,0x389,0x07,write8
33600085750,0x388,0x73,write8
33600183749,0x389,0xaa,write8
33600235500,0x388,0x93,write8
33600333500,0x389,0xfa,write8
33600385125,0x388,0xf3,write8
33600483125,0x389,0x00,write8
33600540750,0x388,0xa6,write8
33600638750,0x389,0x00,write8
33600690375,0x388,0xb6,write8
33600788125,0x389,0x32,write8
33638898750,0x388,0xb6,write8
33638996750,0x389,0x12,write8
33681154875,0x388,0xb5,write8
33681252875,0x389,0x0a,write8
33685379125,0x388,0xb2,write8
33685477124,0x389,0x0b,write8
33687489625,0x388,0xb3,write8
33687587249,0x389,0x0e,write8
33695939874,0x388,0xb1,write8
33696038000,0x389,0x0a,write8
33733972500,0x388,0xb4,write8
33734070625,0x389,0x12,write8
33750873249,0x388,0xb0,write8
33750971250,0x389,0x16,write8
33763551874,0x388,0xb0,write8
33763649875,0x389,0x16,write8
33763702624,0x388,0xc0,write8
33763800625,0x389,0x0e,write8
33763852625,0x388,0x20,write8
33763950624,0x389,0x21,write8
33764002500,0x388,0x40,write8
33764100500,0x389,0xcd,write8
33764152250,0x388,0x60,write8
33764250249,0x389,0x98,write8
33764302000,0x388,0x80,write8
33764400000,0x389,0x3f,write8
33764451625,0x388,0xe0,write8
33764549625,0x389,0x00,write8
33764601875,0x388,0x23,write8
33764699875,0x389,0x21,write8
33764751624,0x388,0x43,write8
33764849625,0x389,0x02,write8
33764901250,0x388,0x63,write8
33764999250,0x389,0x65,write8
33765051125,0x388,0x83,write8
33765149125,0x389,0x2a,write8
33765200875,0x388,0xe3,write8
33765298875,0x389,0x00,write8
33765356500,0x388,0xa0,write8
33765454500,0x389,0xc7,write8
33765506000,0x388,0xb0,write8
33765604124,0x389,0x33,write8
33765662125,0x388,0xb1,write8
33765760125,0x389,0x0a,write8
33765812875,0x388,0xc1,write8
33765910875,0x389,0x0a,write8
33765963000,0x388,0x21,write8
33766061125,0x389,0x28,write8
33766112875,0x388,0x41,write8
33766210874,0x389,0x2b,write8
33766262499,0x388,0x61,write8
33766360500,0x389,0xe6,write8
33766412250,0x388,0x81,write8
33766510250,0x389,0x97,write8
33766561999,0x388,0xe1,write8
33766660000,0x389,0x02,write8
33766712125,0x388,0x24,write8
33766810125,0x389,0x22,write8
33766861875,0x388,0x44,write8
33766959875,0x389,0x08,write8
33767011749,0x388,0x64,write8
33767109750,0x389,0xf6,write8
33767161500,0x388,0x84,write8
33767259500,0x389,0xf7,write8
33767311125,0x388,0xe4,write8
33767409125,0x389,0x00,write8
33767464874,0x388,0xa1,write8
33767562875,0x389,0x00,write8
33767614500,0x388,0xb1,write8
33767712500,0x389,0x27,write8
33767771000,0x388,0xb2,write8
33767869000,0x389,0x0b,write8
33767921625,0x388,0xc2,write8
33768019875,0x389,0x0a,write8
33768071875,0x388,0x22,write8
33768169875,0x389,0x2a,write8
33768221625,0x388,0x42,write8
33768319624,0x389,0x28,write8
33768371375,0x388,0x62,write8
33768469375,0x389,0xe6,write8
33768521000,0x388,0x82,write8
33768619000,0x389,0xd7,write8
33768670749,0x388,0xe2,write8
33768768750,0x389,0x00,write8
33768821000,0x388,0x25,write8
33768919000,0x389,0x22,write8
33768970625,0x388,0x45,write8
33769068874,0x389,0x06,write8
33769120499,0x388,0x65,write8
33769218500,0x389,0xf6,write8
33769270250,0x388,0x85,write8
33769368250,0x389,0xf7,write8
33769420000,0x388,0xe5,write8
33769517999,0x389,0x00,write8
33769574875,0x388,0xa2,write8
33769673000,0x389,0xc7,write8
33769724499,0x388,0xb2,write8
33769822500,0x389,0x2f,write8
33769881625,0x388,0xb3,write8
33769979625,0x389,0x0e,write8
33770032500,0x388,0xc3,write8
33770130500,0x389,0x00,write8
33770182625,0x388,0x28,write8
33770280625,0x389,0x00,write8
33770332250,0x388,0x48,write8
33770430249,0x389,0x0c,write8
33770482000,0x388,0x68,write8
33770580000,0x389,0xc8,write8
33770631750,0x388,0x88,write8
33770729750,0x389,0x4c,write8
33770781375,0x388,0xe8,write8
33770879500,0x389,0x00,write8
33770931624,0x388,0x2b,write8
33771029750,0x389,0x20,write8
33771081500,0x388,0x4b,write8
33771179500,0x389,0x00,write8
33771231249,0x388,0x6b,write8
33771329250,0x389,0xd6,write8
33771380875,0x388,0x8b,write8
33771478875,0x389,0xff,write8
33771530625,0x388,0xeb,write8
33771628624,0x389,0x00,write8
33771684374,0x388,0xa3,write8
33771782375,0x389,0x90,write8
33771834000,0x388,0xb3,write8
33771932000,0x389,0x27,write8
33776231000,0x388,0xb4,write8
33776328999,0x389,0x12,write8
33776381750,0x388,0xc4,write8
33776479750,0x389,0x0a,write8
33776531750,0x388,0x29,write8
33776629750,0x389,0x22,write8
33776681500,0x388,0x49,write8
33776779499,0x389,0x19,write8
33776831250,0x388,0x69,write8
33776929250,0x389,0xc6,write8
33776981000,0x388,0x89,write8
33777079124,0x389,0x77,write8
33777130749,0x388,0xe9,write8
33777228750,0x389,0x00,write8
33777281000,0x388,0x2c,write8
33777379000,0x389,0x22,write8
33777430750,0x388,0x4c,write8
33777528749,0x389,0x40,write8
33777580374,0x388,0x6c,write8
33777678375,0x389,0xf4,write8
33777730125,0x388,0x8c,write8
33777828125,0x389,0xf7,write8
33777879875,0x388,0xec,write8
33777977874,0x389,0x00,write8
33778033125,0x388,0xa4,write8
33778131125,0x389,0x00,write8
33778182625,0x388,0xb4,write8
33778280625,0x389,0x23,write8
33810034249,0x388,0xb3,write8
33810132250,0x389,0x07,write8
33879759625,0x388,0xb1,write8
33879857624,0x389,0x07,write8
33881870250,0x388,0xb2,write8
33881968249,0x389,0x0f,write8
33917832625,0x388,0xb0,write8
33917930625,0x389,0x13,write8
33924127875,0x388,0xb4,write8
33924225874,0x389,0x03,write8
33930468875,0x388,0xb0,write8
33930566874,0x389,0x13,write8
33930619500,0x388,0xc0,write8
33930717500,0x389,0x0e,write8
33930769625,0x388,0x20,write8
33930867625,0x389,0x21,write8
33930919374,0x388,0x40,write8
33931017500,0x389,0xcd,write8
33931069250,0x388,0x60,write8
33931167250,0x389,0x98,write8
33931218875,0x388,0x80,write8
33931316874,0x389,0x3f,write8
33931368625,0x388,0xe0,write8
33931466625,0x389,0x00,write8
33931518875,0x388,0x23,write8
33931616875,0x389,0x21,write8
33931668500,0x388,0x43,write8
33931766499,0x389,0x02,write8
33931818249,0x388,0x63,write8
33931916250,0x389,0x65,write8
33931968000,0x388,0x83,write8
33932066124,0x389,0x2a,write8
33932117875,0x388,0xe3,write8
33932215875,0x389,0x00,write8
33932273374,0x388,0xa0,write8
33932371375,0x389,0x5e,write8
33932423000,0x388,0xb0,write8
33932521000,0x389,0x33,write8
33932579124,0x388,0xb1,write8
33932677125,0x389,0x07,write8
33932729874,0x388,0xc1,write8
33932827875,0x389,0x0a,write8
33932879875,0x388,0x21,write8
33932978000,0x389,0x28,write8
33933029750,0x388,0x41,write8
33933127750,0x389,0x2b,write8
33933179500,0x388,0x61,write8
33933277499,0x389,0xe6,write8
33933329250,0x388,0x81,write8
33933427250,0x389,0x97,write8
33933478875,0x388,0xe1,write8
33933576875,0x389,0x02,write8
33933629125,0x388,0x24,write8
33933727124,0x389,0x22,write8
33933778875,0x388,0x44,write8
33933876875,0x389,0x08,write8
33933928500,0x388,0x64,write8
33934026749,0x389,0xf6,write8
33934078374,0x388,0x84,write8
33934176375,0x389,0xf7,write8
33934228125,0x388,0xe4,write8
33934326125,0x389,0x00,write8
33934382500,0x388,0xa1,write8
33934480499,0x389,0x00,write8
33934532000,0x388,0xb1,write8
33934630125,0x389,0x2b,write8
33934688625,0x388,0xb2,write8
33934786625,0x389,0x0f,write8
33934839375,0x388,0xc2,write8
33934937375,0x389,0x0a,write8
33934989500,0x388,0x22,write8
33935087625,0x389,0x2a,write8
33935139375,0x388,0x42,write8
33935237374,0x389,0x28,write8
33935288999,0x388,0x62,write8
33935387000,0x389,0xe6,write8
33935438750,0x388,0x82,write8
33935536750,0x389,0xd7,write8
33935588499,0x388,0xe2,write8
33935686500,0x389,0x00,write8
33935738625,0x388,0x25,write8
33935836750,0x389,0x22,write8
33935888375,0x388,0x45,write8
33935986375,0x389,0x06,write8
33936038249,0x388,0x65,write8
33936136250,0x389,0xf6,write8
33936188000,0x388,0x85,write8
33936286000,0x389,0xf7,write8
33936337625,0x388,0xe5,write8
33936435625,0x389,0x00,write8
33936492625,0x388,0xa2,write8
33936590624,0x389,0x5e,write8
33936642249,0x388,0xb2,write8
33936740250,0x389,0x2f,write8
33936799375,0x388,0xb3,write8
33936897375,0x389,0x07,write8
33936950125,0x388,0xc3,write8
33937048250,0x389,0x08,write8
33937100250,0x388,0x28,write8
33937198250,0x389,0x20,write8
33937250000,0x388,0x48,write8
33937348000,0x389,0x24,write8
33937399749,0x388,0x68,write8
33937497750,0x389,0x62,write8
33937549375,0x388,0x88,write8
33937647500,0x389,0x75,write8
33937699125,0x388,0xe8,write8
33937797124,0x389,0x01,write8
33937849374,0x388,0x2b,write8
33937947375,0x389,0x22,write8
33937999125,0x388,0x4b,write8
33938097250,0x389,0x02,write8
33938148875,0x388,0x6b,write8
33938246874,0x389,0xa8,write8
33938298625,0x388,0x8b,write8
33938396625,0x389,0xf5,write8
33938448375,0x388,0xeb,write8
33938546374,0x389,0x00,write8
33938602750,0x388,0xa3,write8
33938700750,0x389,0x85,write8
33938752249,0x388,0xb3,write8
33938850250,0x389,0x2a,write8
33938909874,0x388,0xb4,write8
33939008000,0x389,0x03,write8
33939060749,0x388,0xc4,write8
33939158750,0x389,0x00,write8
33939210874,0x388,0x29,write8
33939308875,0x389,0x20,write8
33939360500,0x388,0x49,write8
33939458625,0x389,0x00,write8
33939510250,0x388,0x69,write8
33939608249,0x389,0xfa,write8
33939660000,0x388,0x89,write8
33939758000,0x389,0x6a,write8
33939809750,0x388,0xe9,write8
33939907750,0x389,0x00,write8
33939959875,0x388,0x2c,write8
33940057999,0x389,0x26,write8
33940109750,0x388,0x4c,write8
33940207750,0x389,0x07,write8
33940259500,0x388,0x6c,write8
33940357500,0x389,0xaa,write8
33940409125,0x388,0x8c,write8
33940507250,0x389,0xfa,write8
33940558875,0x388,0xec,write8
33940656875,0x389,0x00,write8
33940714500,0x388,0xa4,write8
33940812500,0x389,0x00,write8
33940864125,0x388,0xb4,write8
33940962125,0x389,0x32,write8
33955820000,0x388,0xb3,write8
33955917999,0x389,0x0a,write8
33979064500,0x388,0xb4,write8
33979162500,0x389,0x12,write8
34040332499,0x388,0xb1,write8
34040430500,0x389,0x0b,write8
34061461499,0x388,0xb2,write8
34061559500,0x389,0x0f,write8
34084704375,0x388,0xb0,write8
34084802375,0x389,0x13,write8
34101608625,0x388,0xb0,write8
34101706625,0x389,0x13,write8
34101759375,0x388,0xc0,write8
34101857375,0x389,0x0e,write8
34101909500,0x388,0x20,write8
34102007625,0x389,0x21,write8
34102059250,0x388,0x40,write8
34102157249,0x389,0xcd,write8
34102209000,0x388,0x60,write8
34102307000,0x389,0x98,write8
34102358750,0x388,0x80,write8
34102456749,0x389,0x3f,write8
34102508500,0x388,0xe0,write8
34102606500,0x389,0x00,write8
34102658624,0x388,0x23,write8
34102756625,0x389,0x21,write8
34102808375,0x388,0x43,write8
34102906375,0x389,0x02,write8
34102958124,0x388,0x63,write8
34103056250,0x389,0x65,write8
34103107875,0x388,0x83,write8
34103205875,0x389,0x2a,write8
34103257625,0x388,0xe3,write8
34103355624,0x389,0x00,write8
34103413249,0x388,0xa0,write8
34103511250,0x389,0x00,write8
34103562875,0x388,0xb0,write8
34103660875,0x389,0x33,write8
34103718999,0x388,0xb1,write8
34103817000,0x389,0x0b,write8
34103869625,0x388,0xc1,write8
34103967624,0x389,0x0a,write8
34104019875,0x388,0x21,write8
34104117875,0x389,0x2a,write8
34104169625,0x388,0x41,write8
34104267625,0x389,0x28,write8
34104319250,0x388,0x61,write8
34104417374,0x389,0xe6,write8
34104468999,0x388,0x81,write8
34104567000,0x389,0xd7,write8
34104618750,0x388,0xe1,write8
34104716750,0x389,0x00,write8
34104769000,0x388,0x24,write8
34104867000,0x389,0x22,write8
34104918625,0x388,0x44,write8
34105016750,0x389,0x06,write8
34105068500,0x388,0x64,write8
34105166500,0x389,0xf6,write8
34105218249,0x388,0x84,write8
34105316250,0x389,0xf7,write8
34105367875,0x388,0xe4,write8
34105466000,0x389,0x00,write8
34105522875,0x388,0xa1,write8
34105620875,0x389,0x00,write8
34105672500,0x388,0xb1,write8
34105770500,0x389,0x2f,write8
34105829124,0x388,0xb2,write8
34105927125,0x389,0x0f,write8
34105979874,0x388,0xc2,write8
34106078000,0x389,0x0e,write8
34106129999,0x388,0x22,write8
34106228125,0x389,0xe6,write8
34106279750,0x388,0x42,write8
34106377750,0x389,0xe7,write8
34106429500,0x388,0x62,write8
34106527499,0x389,0x80,write8
34106579250,0x388,0x82,write8
34106677250,0x389,0x01,write8
34106728875,0x388,0xe2,write8
34106826875,0x389,0x00,write8
34106879125,0x388,0x25,write8
34106977124,0x389,0xe4,write8
34107029000,0x388,0x45,write8
34107127000,0x389,0x8d,write8
34107178625,0x388,0x65,write8
34107276749,0x389,0xf5,write8
34107328374,0x388,0x85,write8
34107426375,0x389,0x07,write8
34107478125,0x388,0xe5,write8
34107576125,0x389,0x00,write8
34107632500,0x388,0xa2,write8
34107730499,0x389,0x3f,write8
34107782000,0x388,0xb2,write8
34107880125,0x389,0x2a,write8
34107939124,0x388,0xb3,write8
34108037250,0x389,0x0a,write8
34108089999,0x388,0xc3,write8
34108188000,0x389,0x0e,write8
34108240124,0x388,0x28,write8
34108338125,0x389,0xe6,write8
34108389875,0x388,0x48,write8
34108487875,0x389,0xe7,write8
34108539500,0x388,0x68,write8
34108637499,0x389,0x80,write8
34108689250,0x388,0x88,write8
34108787250,0x389,0x01,write8
34108839000,0x388,0xe8,write8
34108936999,0x389,0x00,write8
34108989125,0x388,0x2b,write8
34109087375,0x389,0xe4,write8
34109139000,0x388,0x4b,write8
34109237000,0x389,0x8d,write8
34109288750,0x388,0x6b,write8
34109386749,0x389,0xf5,write8
34109438499,0x388,0x8b,write8
34109536500,0x389,0x07,write8
34109588125,0x388,0xeb,write8
34109686125,0x389,0x00,write8
34109742500,0x388,0xa3,write8
34109840500,0x389,0x00,write8
34109892125,0x388,0xb3,write8
34109990124,0x389,0x2b,write8
34110049874,0x388,0xb4,write8
34110147875,0x389,0x12,write8
34110200624,0x388,0xc4,write8
34110298625,0x389,0x0e,write8
34110350625,0x388,0x29,write8
34110448624,0x389,0xe6,write8
34110500375,0x388,0x49,write8
34110598375,0x389,0xe7,write8
34110650125,0x388,0x69,write8
34110748125,0x389,0x80,write8
34110799750,0x388,0x89,write8
34110897875,0x389,0x01,write8
34110949500,0x388,0xe9,write8
34111047625,0x389,0x00,write8
34111099875,0x388,0x2c,write8
34111197874,0x389,0xe4,write8
34111249624,0x388,0x4c,write8
34111347625,0x389,0x8d,write8
34111399250,0x388,0x6c,write8
34111497250,0x389,0xf5,write8
34111549000,0x388,0x8c,write8
34111646999,0x389,0x07,write8
34111698750,0x388,0xec,write8
34111796750,0x389,0x00,write8
34111853125,0x388,0xa4,write8
34111951125,0x389,0xc7,write8
34112002750,0x388,0xb4,write8
34112100749,0x389,0x2b,write8
34112160875,0x388,0xb5,write8
34112258875,0x389,0x0a,write8
34112311625,0x388,0xc5,write8
34112409625,0x389,0x0a,write8
34112461750,0x388,0x2a,write8
34112559750,0x389,0x28,write8
34112611375,0x388,0x4a,write8
34112709499,0x389,0x2b,write8
34112761124,0x388,0x6a,write8
34112859125,0x389,0xe6,write8
34112910875,0x388,0x8a,write8
34113009000,0x389,0x97,write8
34113060749,0x388,0xea,write8
34113158750,0x389,0x02,write8
34113210874,0x388,0x2d,write8
34113308875,0x389,0x22,write8
34113360625,0x388,0x4d,write8
34113458625,0x389,0x08,write8
34113510374,0x388,0x6d,write8
34113608375,0x389,0xf6,write8
34113660000,0x388,0x8d,write8
34113758125,0x389,0xf7,write8
34113809750,0x388,0xed,write8
34113907750,0x389,0x00,write8
34113964125,0x388,0xa5,write8
34114062250,0x389,0xc7,write8
34114113875,0x388,0xb5,write8
34114211875,0x389,0x2b,write8
34114272500,0x388,0xb6,write8
34114370499,0x389,0x12,write8
34114423000,0x388,0xc6,write8
34114520624,0x389,0x00,write8
34114572500,0x388,0x30,write8
34114670124,0x389,0x20,write8
34114721625,0x388,0x50,write8
34114819499,0x389,0x00,write8
34114871000,0x388,0x70,write8
34114968625,0x389,0xfa,write8
34115020250,0x388,0x90,write8
34115117875,0x389,0x6a,write8
34115169374,0x388,0xf0,write8
34115267000,0x389,0x00,write8
34115319000,0x388,0x33,write8
34115416624,0x389,0x26,write8
34115468125,0x388,0x53,write8
34115565750,0x389,0x07,write8
34115617250,0x388,0x73,write8
34115714874,0x389,0xaa,write8
34115766375,0x388,0x93,write8
34115864000,0x389,0xfa,write8
34115915625,0x388,0xf3,write8
34116013874,0x389,0x00,write8
34116070750,0x388,0xa6,write8
34116168749,0x389,0x85,write8
34116220374,0x388,0xb6,write8
34116318375,0x389,0x2e,write8
34116379374,0x388,0xb7,write8
34116477500,0x389,0x03,write8
34116530250,0x388,0xc7,write8
34116628250,0x389,0x08,write8
34116680249,0x388,0x31,write8
34116778375,0x389,0x20,write8
34116830000,0x388,0x51,write8
34116928000,0x389,0x24,write8
34116979750,0x388,0x71,write8
34117077875,0x389,0x62,write8
34117129625,0x388,0x91,write8
34117227625,0x389,0x75,write8
34117279250,0x388,0xf1,write8
34117377249,0x389,0x01,write8
34117429500,0x388,0x34,write8
34117527499,0x389,0x22,write8
34117579250,0x388,0x54,write8
34117677250,0x389,0x02,write8
34117728875,0x388,0x74,write8
34117826999,0x389,0xa8,write8
34117878624,0x388,0x94,write8
34117976625,0x389,0xf5,write8
34118028500,0x388,0xf4,write8
34118126500,0x389,0x00,write8
34118182875,0x388,0xa7,write8
34118280874,0x389,0x85,write8
34118332375,0x388,0xb7,write8
34118430500,0x389,0x2a,write8
34118491875,0x388,0xb8,write8
34118590125,0x389,0x07,write8
34118642750,0x388,0xc8,write8
34118740749,0x389,0x00,write8
34118792875,0x388,0x32,write8
34118890874,0x389,0x00,write8
34118942625,0x388,0x52,write8
34119040625,0x389,0x0c,write8
34119092250,0x388,0x72,write8
34119190250,0x389,0xc8,write8
34119242000,0x388,0x92,write8
34119339999,0x389,0x4c,write8
34119391750,0x388,0xf2,write8
34119489750,0x389,0x00,write8
34119542000,0x388,0x35,write8
34119640000,0x389,0x20,write8
34119691625,0x388,0x55,write8
34119789624,0x389,0x00,write8
34119841375,0x388,0x75,write8
34119939375,0x389,0xd6,write8
34119991125,0x388,0x95,write8
34120089249,0x389,0xff,write8
34120140874,0x388,0xf5,write8
34120238875,0x389,0x00,write8
34120294625,0x388,0xa8,write8
34120392625,0x389,0x90,write8
34120444250,0x388,0xb8,write8
34120542250,0x389,0x27,write8
34154430999,0x388,0xb6,write8
34154529125,0x389,0x0e,write8
34154588875,0x388,0xb8,write8
34154686999,0x389,0x07,write8
34186118750,0x388,0xb2,write8
34186216500,0x389,0x0a,write8
34188234875,0x388,0xb3,write8
34188332875,0x389,0x0b,write8
34192462500,0x388,0xb7,write8
34192560500,0x389,0x0a,write8
34192618375,0x388,0xb4,write8
34192716375,0x389,0x0b,write8
34219926000,0x388,0xb5,write8
34220024125,0x389,0x0b,write8
34226265000,0x388,0xb1,write8
34226362999,0x389,0x0f,write8
34272749000,0x388,0xb1,write8
34272846625,0x389,0x0f,write8
34272899500,0x388,0xc1,write8
34272997499,0x389,0x0a,write8
34273049625,0x388,0x21,write8
34273147624,0x389,0x22,write8
34273199374,0x388,0x41,write8
34273297375,0x389,0x19,write8
34273349125,0x388,0x61,write8
34273447125,0x389,0xc6,write8
34273498750,0x388,0x81,write8
34273596749,0x389,0x77,write8
34273648500,0x388,0xe1,write8
34273746500,0x389,0x00,write8
34273798750,0x388,0x24,write8
34273896750,0x389,0x22,write8
34273948500,0x388,0x44,write8
34274046625,0x389,0x40,write8
34274098250,0x388,0x64,write8
34274196250,0x389,0xf4,write8
34274248000,0x388,0x84,write8
34274345999,0x389,0xf7,write8
34274397749,0x388,0xe4,write8
34274495750,0x389,0x00,write8
34274550750,0x388,0xa1,write8
34274648875,0x389,0x00,write8
34274700375,0x388,0xb1,write8
34274798375,0x389,0x23,write8
34277017750,0x388,0xb2,write8
34277115749,0x389,0x0a,write8
34277168500,0x388,0xc2,write8
34277266499,0x389,0x0a,write8
34277318625,0x388,0x22,write8
34277416624,0x389,0x28,write8
34277468249,0x388,0x42,write8
34277566250,0x389,0x2b,write8
34277618000,0x388,0x62,write8
34277716000,0x389,0xe6,write8
34277767750,0x388,0x82,write8
34277865749,0x389,0x97,write8
34277917374,0x388,0xe2,write8
34278015625,0x389,0x02,write8
34278067750,0x388,0x25,write8
34278165750,0x389,0x22,write8
34278217500,0x388,0x45,write8
34278315499,0x389,0x08,write8
34278367250,0x388,0x65,write8
34278465250,0x389,0xf6,write8
34278516875,0x388,0x85,write8
34278614875,0x389,0xf7,write8
34278666624,0x388,0xe5,write8
34278764625,0x389,0x00,write8
34278821000,0x388,0xa2,write8
34278919000,0x389,0x3f,write8
34278970625,0x388,0xb2,write8
34279068750,0x389,0x2a,write8
34279127875,0x388,0xb3,write8
34279225874,0x389,0x0b,write8
34279278500,0x388,0xc3,write8
34279376500,0x389,0x0e,write8
34279428625,0x388,0x28,write8
34279526625,0x389,0xe6,write8
34279578374,0x388,0x48,write8
34279676375,0x389,0xe7,write8
34279728000,0x388,0x68,write8
34279826000,0x389,0x80,write8
34279877750,0x388,0x88,write8
34279975749,0x389,0x01,write8
34280027625,0x388,0xe8,write8
34280125625,0x389,0x00,write8
34280177875,0x388,0x2b,write8
34280275875,0x389,0xe4,write8
34280327500,0x388,0x4b,write8
34280425499,0x389,0x8d,write8
34280477250,0x388,0x6b,write8
34280575250,0x389,0xf5,write8
34280627000,0x388,0x8b,write8
34280725000,0x389,0x07,write8
34280776625,0x388,0xeb,write8
34280874624,0x389,0x00,write8
34280930999,0x388,0xa3,write8
34281029125,0x389,0x3f,write8
34281080750,0x388,0xb3,write8
34281178750,0x389,0x2a,write8
34281238375,0x388,0xb4,write8
34281336375,0x389,0x0b,write8
34281389125,0x388,0xc4,write8
34281487125,0x389,0x0e,write8
34281539125,0x388,0x29,write8
34281637125,0x389,0xe6,write8
34281688875,0x388,0x49,write8
34281786874,0x389,0xe7,write8
34281838624,0x388,0x69,write8
34281936625,0x389,0x80,write8
34281988375,0x388,0x89,write8
34282086499,0x389,0x01,write8
34282138124,0x388,0xe9,write8
34282236125,0x389,0x00,write8
34282288374,0x388,0x2c,write8
34282386375,0x389,0xe4,write8
34282438125,0x388,0x4c,write8
34282536125,0x389,0x8d,write8
34282587750,0x388,0x6c,write8
34282685749,0x389,0xf5,write8
34282737500,0x388,0x8c,write8
34282835500,0x389,0x07,write8
34282887250,0x388,0xec,write8
34282985249,0x389,0x00,write8
34283041749,0x388,0xa4,write8
34283139750,0x389,0xc7,write8
34283191250,0x388,0xb4,write8
34283289250,0x389,0x2b,write8
34283349374,0x388,0xb5,write8
34283447375,0x389,0x0b,write8
34283500125,0x388,0xc5,write8
34283598124,0x389,0x0e,write8
34283650250,0x388,0x2a,write8
34283748249,0x389,0xe6,write8
34283800000,0x388,0x4a,write8
34283898000,0x389,0xe7,write8
34283949625,0x388,0x6a,write8
34284047749,0x389,0x80,write8
34284099499,0x388,0x8a,write8
34284197500,0x389,0x01,write8
34284249250,0x388,0xea,write8
34284347250,0x389,0x00,write8
34284399375,0x388,0x2d,write8
34284497375,0x389,0xe4,write8
34284549124,0x388,0x4d,write8
34284647125,0x389,0x8d,write8
34284698875,0x388,0x6d,write8
34284796875,0x389,0xf5,write8
34284848625,0x388,0x8d,write8
34284946624,0x389,0x07,write8
34284998249,0x388,0xed,write8
34285096375,0x389,0x00,write8
34285152750,0x388,0xa5,write8
34285250750,0x389,0x00,write8
34285302375,0x388,0xb5,write8
34285400374,0x389,0x2b,write8
34285461000,0x388,0xb6,write8
34285559000,0x389,0x0e,write8
34285611624,0x388,0xc6,write8
34285709250,0x389,0x00,write8
34285761124,0x388,0x30,write8
34285858750,0x389,0x00,write8
34285910250,0x388,0x50,write8
34286008125,0x389,0x0c,write8
34286059750,0x388,0x70,write8
34286157375,0x389,0xc8,write8
34286208874,0x388,0x90,write8
34286306500,0x389,0x4c,write8
34286358000,0x388,0xf0,write8
34286455625,0x389,0x00,write8
34286507625,0x388,0x33,write8
34286605250,0x389,0x20,write8
34286656750,0x388,0x53,write8
34286754374,0x389,0x00,write8
34286805875,0x388,0x73,write8
34286903500,0x389,0xd6,write8
34286955000,0x388,0x93,write8
34287052750,0x389,0xff,write8
34287104249,0x388,0xf3,write8
34287202375,0x389,0x00,write8
34287258000,0x388,0xa6,write8
34287356000,0x389,0x90,write8
34287407625,0x388,0xb6,write8
34287505624,0x389,0x27,write8
34287566750,0x388,0xb7,write8
34287664750,0x389,0x0a,write8
34287717500,0x388,0xc7,write8
34287815499,0x389,0x08,write8
34287867625,0x388,0x31,write8
34287965624,0x389,0x20,write8
34288017375,0x388,0x51,write8
34288115375,0x389,0x24,write8
34288167125,0x388,0x71,write8
34288265124,0x389,0x62,write8
34288316874,0x388,0x91,write8
34288414875,0x389,0x75,write8
34288466500,0x388,0xf1,write8
34288564500,0x389,0x01,write8
34288616750,0x388,0x34,write8
34288714750,0x389,0x22,write8
34288766499,0x388,0x54,write8
34288864500,0x389,0x02,write8
34288916250,0x388,0x74,write8
34289014375,0x389,0xa8,write8
34289066000,0x388,0x94,write8
34289163999,0x389,0xf5,write8
34289215750,0x388,0xf4,write8
34289313750,0x389,0x00,write8
34289370125,0x388,0xa7,write8
34289468125,0x389,0x85,write8
34289519750,0x388,0xb7,write8
34289617749,0x389,0x2a,write8
34289679375,0x388,0xb8,write8
34289777374,0x389,0x07,write8
34289830000,0x388,0xc8,write8
34289928000,0x389,0x00,write8
34289980125,0x388,0x32,write8
34290078250,0x389,0x20,write8
34290129999,0x388,0x52,write8
34290228000,0x389,0x00,write8
34290279625,0x388,0x72,write8
34290377750,0x389,0xfa,write8
34290429375,0x388,0x92,write8
34290527374,0x389,0x6a,write8
34290579124,0x388,0xf2,write8
34290677125,0x389,0x00,write8
34290729375,0x388,0x35,write8
34290827375,0x389,0x26,write8
34290879000,0x388,0x55,write8
34290977000,0x389,0x07,write8
34291028875,0x388,0x75,write8
34291126875,0x389,0xaa,write8
34291178625,0x388,0x95,write8
34291276625,0x389,0xfa,write8
34291328250,0x388,0xf5,write8
34291426375,0x389,0x00,write8
34291483874,0x388,0xa8,write8
34291581875,0x389,0x00,write8
34291633500,0x388,0xb8,write8
34291731500,0x389,0x32,write8
34300211000,0x388,0xb0,write8
34300308875,0x389,0x13,write8
34327683749,0x388,0xb6,write8
34327781750,0x389,0x07,write8
34327841500,0x388,0xb8,write8
34327939625,0x389,0x12,write8
34367823000,0x388,0xb2,write8
34367921000,0x389,0x0a,write8
34378391250,0x388,0xb5,write8
34378489250,0x389,0x0b,write8
34380502500,0x388,0xb7,write8
34380600500,0x389,0x0a,write8
34397403375,0x388,0xb3,write8
34397501375,0x389,0x0a,write8
34401629500,0x388,0xb4,write8
34401727500,0x389,0x0b,write8
34420646000,0x388,0xb1,write8
34420744000,0x389,0x03,write8
34441775625,0x388,0xb0,write8
34441873625,0x389,0x13,write8
34441926375,0x388,0xc0,write8
34442024500,0x389,0x0a,write8
34442076500,0x388,0x20,write8
34442174500,0x389,0x22,write8
34442226250,0x388,0x40,write8
34442324250,0x389,0x19,write8
34442376000,0x388,0x60,write8
34442474000,0x389,0xc6,write8
34442525750,0x388,0x80,write8
34442623375,0x389,0x77,write8
34442674875,0x388,0xe0,write8
34442772500,0x389,0x00,write8
34442824500,0x388,0x23,write8
34442922250,0x389,0x22,write8
34442973875,0x388,0x43,write8
34443071625,0x389,0x40,write8
34443123125,0x388,0x63,write8
34443220750,0x389,0xf4,write8
34443272250,0x388,0x83,write8
34443369875,0x389,0xf7,write8
34443421375,0x388,0xe3,write8
34443519000,0x389,0x00,write8
34443573875,0x388,0xa0,write8
34443671500,0x389,0xab,write8
34443722875,0x388,0xb0,write8
34443820500,0x389,0x22,write8
34454453250,0x388,0xb1,write8
34454551250,0x389,0x03,write8
34454604000,0x388,0xc1,write8
34454702000,0x389,0x0a,write8
34454754000,0x388,0x21,write8
34454852000,0x389,0x28,write8
34454903750,0x388,0x41,write8
34455001875,0x389,0x2b,write8
34455053625,0x388,0x61,write8
34455151625,0x389,0xe6,write8
34455203250,0x388,0x81,write8
34455301375,0x389,0x97,write8
34455353000,0x388,0xe1,write8
34455451000,0x389,0x02,write8
34455503250,0x388,0x24,write8
34455601250,0x389,0x22,write8
34455653000,0x388,0x44,write8
34455751000,0x389,0x08,write8
34455802625,0x388,0x64,write8
34455900625,0x389,0xf6,write8
34455952375,0x388,0x84,write8
34456050500,0x389,0xf7,write8
34456102250,0x388,0xe4,write8
34456200250,0x389,0x00,write8
34456256000,0x388,0xa1,write8
34456354000,0x389,0xab,write8
34456405500,0x388,0xb1,write8
34456503500,0x389,0x26,write8
34456562125,0x388,0xb2,write8
34456660125,0x389,0x0a,write8
34456712875,0x388,0xc2,write8
34456810875,0x389,0x0a,write8
34456862750,0x388,0x22,write8
34456960375,0x389,0x2a,write8
34457012000,0x388,0x42,write8
34457109625,0x389,0x28,write8
34457161125,0x388,0x62,write8
34457259000,0x389,0xe6,write8
34457310500,0x388,0x82,write8
34457408125,0x389,0xd7,write8
34457459625,0x388,0xe2,write8
34457557250,0x389,0x00,write8
34457609250,0x388,0x25,write8
34457706875,0x389,0x22,write8
34457758375,0x388,0x45,write8
34457856000,0x389,0x06,write8
34457907500,0x388,0x65,write8
34458005250,0x389,0xf6,write8
34458056750,0x388,0x85,write8
34458154375,0x389,0xf7,write8
34458205875,0x388,0xe5,write8
34458303500,0x389,0x00,write8
34458360500,0x388,0xa2,write8
34458458500,0x389,0x5e,write8
34458510000,0x388,0xb2,write8
34458608125,0x389,0x2f,write8
34458667125,0x388,0xb3,write8
34458765250,0x389,0x0a,write8
34458817875,0x388,0xc3,write8
34458915875,0x389,0x0e,write8
34458968000,0x388,0x28,write8
34459066125,0x389,0x21,write8
34459117875,0x388,0x48,write8
34459215875,0x389,0xcd,write8
34459267500,0x388,0x68,write8
34459365500,0x389,0x98,write8
34459417250,0x388,0x88,write8
34459515250,0x389,0x3f,write8
34459567000,0x388,0xe8,write8
34459665000,0x389,0x00,write8
34459717125,0x388,0x2b,write8
34459815250,0x389,0x21,write8
34459866875,0x388,0x4b,write8
34459964875,0x389,0x02,write8
34460016750,0x388,0x6b,write8
34460114750,0x389,0x65,write8
34460166500,0x388,0x8b,write8
34460264500,0x389,0x2a,write8
34460316125,0x388,0xeb,write8
34460414125,0x389,0x00,write8
34460471750,0x388,0xa3,write8
34460569750,0x389,0x5e,write8
34460621375,0x388,0xb3,write8
34460719375,0x389,0x33,write8
34460779000,0x388,0xb4,write8
34460877000,0x389,0x0b,write8
34460929750,0x388,0xc4,write8
34461027875,0x389,0x08,write8
34461079875,0x388,0x29,write8
34461177875,0x389,0x20,write8
34461229625,0x388,0x49,write8
34461327625,0x389,0x24,write8
34461379375,0x388,0x69,write8
34461477375,0x389,0x62,write8
34461529000,0x388,0x89,write8
34461627125,0x389,0x75,write8
34461678750,0x388,0xe9,write8
34461776750,0x389,0x01,write8
34461829000,0x388,0x2c,write8
34461927000,0x389,0x22,write8
34461978750,0x388,0x4c,write8
34462076875,0x389,0x02,write8
34462128500,0x388,0x6c,write8
34462226500,0x389,0xa8,write8
34462278250,0x388,0x8c,write8
34462376250,0x389,0xf5,write8
34462428000,0x388,0xec,write8
34462526000,0x389,0x00,write8
34462582375,0x388,0xa4,write8
34462680375,0x389,0x5e,write8
34462731875,0x388,0xb4,write8
34462829875,0x389,0x2b,write8
34462890000,0x388,0xb5,write8
34462988000,0x389,0x0b,write8
34463040875,0x388,0xc5,write8
34463138875,0x389,0x00,write8
34463191000,0x388,0x2a,write8
34463289000,0x389,0x00,write8
34463340625,0x388,0x4a,write8
34463438750,0x389,0x0c,write8
34463490375,0x388,0x6a,write8
34463588375,0x389,0xc8,write8
34463640125,0x388,0x8a,write8
34463738125,0x389,0x4c,write8
34463789875,0x388,0xea,write8
34463887875,0x389,0x00,write8
34463940000,0x388,0x2d,write8
34464038125,0x389,0x20,write8
34464089875,0x388,0x4d,write8
34464187875,0x389,0x00,write8
34464239625,0x388,0x6d,write8
34464337625,0x389,0xd6,write8
34464389250,0x388,0x8d,write8
34464487375,0x389,0xff,write8
34464539000,0x388,0xed,write8
34464637000,0x389,0x00,write8
34464692750,0x388,0xa5,write8
34464790750,0x389,0x90,write8
34464842375,0x388,0xb5,write8
34464940375,0x389,0x27,write8
34503048750,0x388,0xb5,write8
34503146750,0x389,0x07,write8
34513609625,0x388,0xb4,write8
34513707625,0x389,0x0b,write8
34572767625,0x388,0xb1,write8
34572865625,0x389,0x06,write8
34608688125,0x388,0xb0,write8
34608786125,0x389,0x02,write8
34627702625,0x388,0xb0,write8
34627800625,0x389,0x02,write8
34627853375,0x388,0xc0,write8
34627951375,0x389,0x0a,write8
34628003500,0x388,0x20,write8
34628101250,0x389,0x28,write8
34628152750,0x388,0x40,write8
34628250375,0x389,0x2b,write8
34628301875,0x388,0x60,write8
34628399625,0x389,0xe6,write8
34628451250,0x388,0x80,write8
34628548875,0x389,0x97,write8
34628600375,0x388,0xe0,write8
34628698000,0x389,0x02,write8
34628750000,0x388,0x23,write8
34628847625,0x389,0x22,write8
34628899125,0x388,0x43,write8
34628996750,0x389,0x08,write8
34629048375,0x388,0x63,write8
34629146000,0x389,0xf6,write8
34629197500,0x388,0x83,write8
34629295125,0x389,0xf7,write8
34629346625,0x388,0xe3,write8
34629444250,0x389,0x00,write8
34629500375,0x388,0xa0,write8
34629598250,0x389,0x5e,write8
34629649875,0x388,0xb0,write8
34629747875,0x389,0x2b,write8
34629806000,0x388,0xb1,write8
34629904000,0x389,0x06,write8
34629956750,0x388,0xc1,write8
34630054875,0x389,0x00,write8
34630106875,0x388,0x21,write8
34630205000,0x389,0x20,write8
34630256625,0x388,0x41,write8
34630354625,0x389,0x00,write8
34630406375,0x388,0x61,write8
34630504375,0x389,0xfa,write8
34630556125,0x388,0x81,write8
34630654125,0x389,0x6a,write8
34630705750,0x388,0xe1,write8
34630803750,0x389,0x00,write8
34630856000,0x388,0x24,write8
34630954000,0x389,0x26,write8
34631005875,0x388,0x44,write8
34631103875,0x389,0x07,write8
34631155500,0x388,0x64,write8
34631253625,0x389,0xaa,write8
34631305250,0x388,0x84,write8
34631403250,0x389,0xfa,write8
34631455000,0x388,0xe4,write8
34631553000,0x389,0x00,write8
34631610000,0x388,0xa1,write8
34631708000,0x389,0x85,write8
34631759500,0x388,0xb1,write8
34631857625,0x389,0x2e,write8
34669958250,0x388,0xb1,write8
34670056375,0x389,0x0e,write8
34739684125,0x388,0xb0,write8
34739782125,0x389,0x0b,write8
34796729625,0x388,0xb0,write8
34796827625,0x389,0x0b,write8
34796880375,0x388,0xc0,write8
34796978375,0x389,0x0a,write8
34797030500,0x388,0x20,write8
34797128500,0x389,0x28,write8
34797180250,0x388,0x40,write8
34797278250,0x389,0x2b,write8
34797330000,0x388,0x60,write8
34797428000,0x389,0xe6,write8
34797479625,0x388,0x80,write8
34797577750,0x389,0x97,write8
34797629375,0x388,0xe0,write8
34797727375,0x389,0x02,write8
34797779625,0x388,0x23,write8
34797877625,0x389,0x22,write8
34797929375,0x388,0x43,write8
34798027500,0x389,0x08,write8
34798079125,0x388,0x63,write8
34798177125,0x389,0xf6,write8
34798228875,0x388,0x83,write8
34798326875,0x389,0xf7,write8
34798378625,0x388,0xe3,write8
34798476625,0x389,0x00,write8
34798533625,0x388,0xa0,write8
34798631625,0x389,0x00,write8
34798683125,0x388,0xb0,write8
34798781125,0x389,0x2e,write8
34798839250,0x388,0xb1,write8
34798937250,0x389,0x0e,write8
34798990000,0x388,0xc1,write8
34799088125,0x389,0x0e,write8
34799140250,0x388,0x21,write8
34799238250,0x389,0xe6,write8
34799289750,0x388,0x41,write8
34799387375,0x389,0xe7,write8
34799438875,0x388,0x61,write8
34799536500,0x389,0x80,write8
34799588000,0x388,0x81,write8
34799685875,0x389,0x01,write8
34799737375,0x388,0xe1,write8
34799835000,0x389,0x00,write8
34799887000,0x388,0x24,write8
34799984625,0x389,0xe4,write8
34800036250,0x388,0x44,write8
34800133875,0x389,0x8d,write8
34800185375,0x388,0x64,write8
34800283000,0x389,0xf5,write8
34800334500,0x388,0x84,write8
34800432125,0x389,0x07,write8
34800483625,0x388,0xe4,write8
34800581250,0x389,0x00,write8
34800637375,0x388,0xa1,write8
34800735000,0x389,0x5e,write8
34800786625,0x388,0xb1,write8
34800884625,0x389,0x2b,write8
34800944125,0x388,0xb4,write8
34801042375,0x389,0x0b,write8
34801095000,0x388,0xc4,write8
34801193000,0x389,0x0e,write8
34801245125,0x388,0x29,write8
34801343125,0x389,0xe6,write8
34801394875,0x388,0x49,write8
34801492875,0x389,0xe7,write8
34801544500,0x388,0x69,write8
34801642500,0x389,0x80,write8
34801694250,0x388,0x89,write8
34801792250,0x389,0x01,write8
34801844000,0x388,0xe9,write8
34801942000,0x389,0x00,write8
34801994250,0x388,0x2c,write8
34802092375,0x389,0xe4,write8
34802144000,0x388,0x4c,write8
34802242000,0x389,0x8d,write8
34802293750,0x388,0x6c,write8
34802391750,0x389,0xf5,write8
34802443500,0x388,0x8c,write8
34802541500,0x389,0x07,write8
34802593125,0x388,0xec,write8
34802691125,0x389,0x00,write8
34802747500,0x388,0xa4,write8
34802845500,0x389,0x00,write8
34802897125,0x388,0xb4,write8
34802995125,0x389,0x2a,write8
34803055250,0x388,0xb5,write8
34803153375,0x389,0x07,write8
34803206125,0x388,0xc5,write8
34803304125,0x389,0x0e,write8
34803356125,0x388,0x2a,write8
34803454125,0x389,0xe6,write8
34803505875,0x388,0x4a,write8
34803603875,0x389,0xe7,write8
34803655625,0x388,0x6a,write8
34803753625,0x389,0x80,write8
34803805375,0x388,0x8a,write8
34803903375,0x389,0x01,write8
34803955000,0x388,0xea,write8
34804053125,0x389,0x00,write8
34804105375,0x388,0x2d,write8
34804203375,0x389,0xe4,write8
34804255125,0x388,0x4d,write8
34804353125,0x389,0x8d,write8
34804404750,0x388,0x6d,write8
34804502750,0x389,0xf5,write8
34804554500,0x388,0x8d,write8
34804652500,0x389,0x07,write8
34804704250,0x388,0xed,write8
34804802250,0x389,0x00,write8
34804858625,0x388,0xa5,write8
34804956625,0x389,0xab,write8
34805008250,0x388,0xb5,write8
34805106250,0x389,0x2a,write8
34805166750,0x388,0xb6,write8
34805264875,0x389,0x07,write8
34805317625,0x388,0xc6,write8
34805415625,0x389,0x00,write8
34805467750,0x388,0x30,write8
34805565750,0x389,0x20,write8
34805617500,0x388,0x50,write8
34805715500,0x389,0x00,write8
34805767125,0x388,0x70,write8
34805865125,0x389,0xfa,write8
34805916875,0x388,0x90,write8
34806015000,0x389,0x6a,write8
34806066750,0x388,0xf0,write8
34806164750,0x389,0x00,write8
34806216875,0x388,0x33,write8
34806315000,0x389,0x26,write8
34806366625,0x388,0x53,write8
34806464625,0x389,0x07,write8
34806516375,0x388,0x73,write8
34806614375,0x389,0xaa,write8
34806666125,0x388,0x93,write8
34806764125,0x389,0xfa,write8
34806815750,0x388,0xf3,write8
34806913750,0x389,0x00,write8
34806970750,0x388,0xa6,write8
34807068875,0x389,0x85,write8
34807120500,0x388,0xb6,write8
34807218500,0x389,0x2e,write8
34807279500,0x388,0xb7,write8
34807377625,0x389,0x0a,write8
34807430375,0x388,0xc7,write8
34807528375,0x389,0x00,write8
34807580375,0x388,0x31,write8
34807678375,0x389,0x00,write8
34807730125,0x388,0x51,write8
34807828125,0x389,0x0c,write8
34807879875,0x388,0x71,write8
34807977875,0x389,0xc8,write8
34808029625,0x388,0x91,write8
34808127750,0x389,0x4c,write8
34808179375,0x388,0xf1,write8
34808277375,0x389,0x00,write8
34808329625,0x388,0x34,write8
34808427625,0x389,0x20,write8
34808479375,0x388,0x54,write8
34808577375,0x389,0x00,write8
34808629000,0x388,0x74,write8
34808727000,0x389,0xd6,write8
34808778750,0x388,0x94,write8
34808876750,0x389,0xff,write8
34808928500,0x388,0xf4,write8
34809026625,0x389,0x00,write8
34809082375,0x388,0xa7,write8
34809180375,0x389,0x90,write8
34809231875,0x388,0xb7,write8
34809329875,0x389,0x27,write8
34809391375,0x388,0xb8,write8
34809489500,0x389,0x12,write8
34809542250,0x388,0xc8,write8
34809640250,0x389,0x08,write8
34809692375,0x388,0x32,write8
34809790375,0x389,0x20,write8
34809842125,0x388,0x52,write8
34809940125,0x389,0x24,write8
34809991750,0x388,0x72,write8
34810089750,0x389,0x62,write8
34810141500,0x388,0x92,write8
34810239500,0x389,0x75,write8
34810291250,0x388,0xf2,write8
34810389250,0x389,0x01,write8
34810441375,0x388,0x35,write8
34810539375,0x389,0x22,write8
34810591125,0x388,0x55,write8
34810689125,0x389,0x02,write8
34810740875,0x388,0x75,write8
34810838875,0x389,0xa8,write8
34810890500,0x388,0x95,write8
34810988625,0x389,0xf5,write8
34811040375,0x388,0xf5,write8
34811138375,0x389,0x00,write8
34811194750,0x388,0xa8,write8
34811292750,0x389,0x5e,write8
34811344375,0x388,0xb8,write8
34811442375,0x389,0x2b,write8
34847484250,0x388,0xb6,write8
34847582250,0x389,0x0e,write8
34847641625,0x388,0xb7,write8
34847739625,0x389,0x07,write8
34860118375,0x388,0xb5,write8
34860216375,0x389,0x0a,write8
34862228000,0x388,0xb4,write8
34862326000,0x389,0x0a,write8
34885470375,0x388,0xb1,write8
34885568000,0x389,0x0b,write8
34887584250,0x388,0xb8,write8
34887682250,0x389,0x0b,write8
34912934125,0x388,0xb0,write8
34913032250,0x389,0x0e,write8
34969985000,0x388,0xb0,write8
34970083125,0x389,0x0e,write8
34970135875,0x388,0xc0,write8
34970233875,0x389,0x0a,write8
34970285875,0x388,0x20,write8
34970384000,0x389,0x22,write8
34970435625,0x388,0x40,write8
34970533375,0x389,0x19,write8
34970584875,0x388,0x60,write8
34970682500,0x389,0xc6,write8
34970734000,0x388,0x80,write8
34970831750,0x389,0x77,write8
34970883375,0x388,0xe0,write8
34970981000,0x389,0x00,write8
34971033125,0x388,0x23,write8
34971130750,0x389,0x22,write8
34971182250,0x388,0x43,write8
34971279875,0x389,0x40,write8
34971331375,0x388,0x63,write8
34971429000,0x389,0xf4,write8
34971480500,0x388,0x83,write8
34971578125,0x389,0xf7,write8
34971629625,0x388,0xe3,write8
34971727250,0x389,0x00,write8
34971782125,0x388,0xa0,write8
34971879750,0x389,0xab,write8
34971931125,0x388,0xb0,write8
34972029125,0x389,0x22,write8
34976321250,0x388,0xb1,write8
34976419375,0x389,0x0b,write8
34976472000,0x388,0xc1,write8
34976570000,0x389,0x0a,write8
34976622125,0x388,0x21,write8
34976720125,0x389,0x28,write8
34976771875,0x388,0x41,write8
34976869875,0x389,0x2b,write8
34976921500,0x388,0x61,write8
34977019625,0x389,0xe6,write8
34977071375,0x388,0x81,write8
34977169375,0x389,0x97,write8
34977221125,0x388,0xe1,write8
34977319125,0x389,0x02,write8
34977371250,0x388,0x24,write8
34977469375,0x389,0x22,write8
34977521000,0x388,0x44,write8
34977619000,0x389,0x08,write8
34977670750,0x388,0x64,write8
34977768750,0x389,0xf6,write8
34977820500,0x388,0x84,write8
34977918500,0x389,0xf7,write8
34977970125,0x388,0xe4,write8
34978068250,0x389,0x00,write8
34978125250,0x388,0xa1,write8
34978223250,0x389,0xab,write8
34978274875,0x388,0xb1,write8
34978372875,0x389,0x2e,write8
34978432500,0x388,0xb4,write8
34978530500,0x389,0x0a,write8
34978583250,0x388,0xc4,write8
34978681250,0x389,0x0e,write8
34978733250,0x388,0x29,write8
34978831250,0x389,0xe6,write8
34978883000,0x388,0x49,write8
34978981000,0x389,0xe7,write8
34979032875,0x388,0x69,write8
34979130875,0x389,0x80,write8
34979182500,0x388,0x89,write8
34979280625,0x389,0x01,write8
34979332250,0x388,0xe9,write8
34979430250,0x389,0x00,write8
34979482500,0x388,0x2c,write8
34979580500,0x389,0xe4,write8
34979632250,0x388,0x4c,write8
34979730250,0x389,0x8d,write8
34979781875,0x388,0x6c,write8
34979879875,0x389,0xf5,write8
34979931625,0x388,0x8c,write8
34980029750,0x389,0x07,write8
34980081500,0x388,0xec,write8
34980179500,0x389,0x00,write8
34980235875,0x388,0xa4,write8
34980333875,0x389,0x5e,write8
34980385375,0x388,0xb4,write8
34980483375,0x389,0x2b,write8
34980543500,0x388,0xb5,write8
34980641500,0x389,0x0a,write8
34980694250,0x388,0xc5,write8
34980792250,0x389,0x0e,write8
34980844375,0x388,0x2a,write8
34980942375,0x389,0xe6,write8
34980994000,0x388,0x4a,write8
34981092250,0x389,0xe7,write8
34981143875,0x388,0x6a,write8
34981241875,0x389,0x80,write8
34981293625,0x388,0x8a,write8
34981391625,0x389,0x01,write8
34981443375,0x388,0xea,write8
34981541375,0x389,0x00,write8
34981593500,0x388,0x2d,write8
34981691500,0x389,0xe4,write8
34981743250,0x388,0x4d,write8
34981841250,0x389,0x8d,write8
34981893000,0x388,0x6d,write8
34981991000,0x389,0xf5,write8
34982042750,0x388,0x8d,write8
34982140875,0x389,0x07,write8
34982192500,0x388,0xed,write8
34982290500,0x389,0x00,write8
34982346875,0x388,0xa5,write8
34982444875,0x389,0x00,write8
34982496500,0x388,0xb5,write8
34982594500,0x389,0x2a,write8
34982655125,0x388,0xb6,write8
34982753125,0x389,0x0e,write8
34982805750,0x388,0xc6,write8
34982903875,0x389,0x0e,write8
34982955875,0x388,0x30,write8
34983054000,0x389,0xe6,write8
34983105750,0x388,0x50,write8
34983203750,0x389,0xe7,write8
34983255500,0x388,0x70,write8
34983353500,0x389,0x80,write8
34983405125,0x388,0x90,write8
34983503125,0x389,0x01,write8
34983554875,0x388,0xf0,write8
34983652875,0x389,0x00,write8
34983705125,0x388,0x33,write8
34983803125,0x389,0xe4,write8
34983854750,0x388,0x53,write8
34983952875,0x389,0x8d,write8
34984004625,0x388,0x73,write8
34984102625,0x389,0xf5,write8
34984154375,0x388,0x93,write8
34984252375,0x389,0x07,write8
34984304125,0x388,0xf3,write8
34984402125,0x389,0x00,write8
34984458375,0x388,0xa6,write8
34984556500,0x389,0xab,write8
34984608000,0x388,0xb6,write8
34984706000,0x389,0x2a,write8
34984767000,0x388,0xb7,write8
34984864625,0x389,0x07,write8
34984917125,0x388,0xc7,write8
34985014875,0x389,0x08,write8
34985066750,0x388,0x31,write8
34985164625,0x389,0x20,write8
34985216125,0x388,0x51,write8
34985313750,0x389,0x24,write8
34985365250,0x388,0x71,write8
34985462875,0x389,0x62,write8
34985514375,0x388,0x91,write8
34985612000,0x389,0x75,write8
34985663500,0x388,0xf1,write8
34985761125,0x389,0x01,write8
34985813125,0x388,0x34,write8
34985910750,0x389,0x22,write8
34985962250,0x388,0x54,write8
34986060000,0x389,0x02,write8
34986111500,0x388,0x74,write8
34986209125,0x389,0xa8,write8
34986260625,0x388,0x94,write8
34986358750,0x389,0xf5,write8
34986410500,0x388,0xf4,write8
34986508500,0x389,0x00,write8
34986564875,0x388,0xa7,write8
34986662875,0x389,0x5e,write8
34986714375,0x388,0xb7,write8
34986812500,0x389,0x2b,write8
34986874125,0x388,0xb8,write8
34986972125,0x389,0x0b,write8
34987024875,0x388,0xc8,write8
34987122875,0x389,0x00,write8
34987175000,0x388,0x32,write8
34987273000,0x389,0x00,write8
34987324750,0x388,0x52,write8
34987422750,0x389,0x0c,write8
34987474375,0x388,0x72,write8
34987572375,0x389,0xc8,write8
34987624125,0x388,0x92,write8
34987722125,0x389,0x4c,write8
34987773875,0x388,0xf2,write8
34987871875,0x389,0x00,write8
34987924125,0x388,0x35,write8
34988022250,0x389,0x20,write8
34988073875,0x388,0x55,write8
34988171875,0x389,0x00,write8
34988223625,0x388,0x75,write8
34988321625,0x389,0xd6,write8
34988373375,0x388,0x95,write8
34988471375,0x389,0xff,write8
34988523000,0x388,0xf5,write8
34988621000,0x389,0x00,write8
34988676750,0x388,0xa8,write8
34988774750,0x389,0x90,write8
34988826375,0x388,0xb8,write8
34988924375,0x389,0x27,write8
35024963625,0x388,0xb8,write8
35025061750,0x389,0x07,write8
35079853875,0x388,0xb6,write8
35079952000,0x389,0x0a,write8
35081964875,0x388,0xb7,write8
35082063000,0x389,0x0b,write8
35088304750,0x388,0xb5,write8
35088402750,0x389,0x0a,write8
35090413000,0x388,0xb1,write8
35090511000,0x389,0x0e,write8
35092572375,0x388,0xb4,write8
35092670375,0x389,0x0b,write8
35109431625,0x388,0xb2,write8
35109529625,0x389,0x0f,write8
35151689500,0x388,0xb1,write8
35151787500,0x389,0x0e,write8
35151840250,0x388,0xc1,write8
35151938250,0x389,0x0e,write8
35151990375,0x388,0x21,write8
35152088500,0x389,0xe6,write8
35152140125,0x388,0x41,write8
35152238125,0x389,0xe7,write8
35152289875,0x388,0x61,write8
35152387875,0x389,0x80,write8
35152439625,0x388,0x81,write8
35152537625,0x389,0x01,write8
35152589250,0x388,0xe1,write8
35152687250,0x389,0x00,write8
35152739500,0x388,0x24,write8
35152837500,0x389,0xe4,write8
35152889250,0x388,0x44,write8
35152987250,0x389,0x8d,write8
35153039125,0x388,0x64,write8
35153137125,0x389,0xf5,write8
35153188750,0x388,0x84,write8
35153286750,0x389,0x07,write8
35153338500,0x388,0xe4,write8
35153436500,0x389,0x00,write8
35153492875,0x388,0xa1,write8
35153590875,0x389,0xab,write8
35153642500,0x388,0xb1,write8
35153740500,0x389,0x2a,write8
35153799000,0x388,0xb2,write8
35153897125,0x389,0x0f,write8
35153949750,0x388,0xc2,write8
35154047875,0x389,0x0e,write8
35154100000,0x388,0x22,write8
35154198000,0x389,0xe6,write8
35154249750,0x388,0x42,write8
35154347750,0x389,0xe7,write8
35154399375,0x388,0x62,write8
35154497375,0x389,0x80,write8
35154549125,0x388,0x82,write8
35154647125,0x389,0x01,write8
35154698875,0x388,0xe2,write8
35154796875,0x389,0x00,write8
35154849000,0x388,0x25,write8
35154947125,0x389,0xe4,write8
35154998750,0x388,0x45,write8
35155096875,0x389,0x8d,write8
35155148625,0x388,0x65,write8
35155246625,0x389,0xf5,write8
35155298375,0x388,0x85,write8
35155396375,0x389,0x07,write8
35155448000,0x388,0xe5,write8
35155546000,0x389,0x00,write8
35155603000,0x388,0xa2,write8
35155701000,0x389,0xab,write8
35155752625,0x388,0xb2,write8
35155850625,0x389,0x2e,write8
35155910250,0x388,0xb4,write8
35156008125,0x389,0x0b,write8
35156060625,0x388,0xc4,write8
35156158250,0x389,0x08,write8
35156210125,0x388,0x29,write8
35156307875,0x389,0x20,write8
35156359375,0x388,0x49,write8
35156457125,0x389,0x24,write8
35156508625,0x388,0x69,write8
35156606250,0x389,0x62,write8
35156657750,0x388,0x89,write8
35156755375,0x389,0x75,write8
35156806875,0x388,0xe9,write8
35156904500,0x389,0x01,write8
35156956500,0x388,0x2c,write8
35157054250,0x389,0x22,write8
35157105750,0x388,0x4c,write8
35157203375,0x389,0x02,write8
35157254875,0x388,0x6c,write8
35157352500,0x389,0xa8,write8
35157404000,0x388,0x8c,write8
35157501875,0x389,0xf5,write8
35157553625,0x388,0xec,write8
35157651625,0x389,0x00,write8
35157707875,0x388,0xa4,write8
35157806000,0x389,0x85,write8
35157857500,0x388,0xb4,write8
35157955500,0x389,0x2a,write8
35158015750,0x388,0xb5,write8
35158113750,0x389,0x0a,write8
35158166500,0x388,0xc5,write8
35158264500,0x389,0x0a,write8
35158316625,0x388,0x2a,write8
35158414625,0x389,0x28,write8
35158466250,0x388,0x4a,write8
35158564250,0x389,0x2b,write8
35158616000,0x388,0x6a,write8
35158714000,0x389,0xe6,write8
35158765750,0x388,0x8a,write8
35158863750,0x389,0x97,write8
35158915375,0x388,0xea,write8
35159013625,0x389,0x02,write8
35159065750,0x388,0x2d,write8
35159163750,0x389,0x22,write8
35159215500,0x388,0x4d,write8
35159313500,0x389,0x08,write8
35159365250,0x388,0x6d,write8
35159463250,0x389,0xf6,write8
35159514875,0x388,0x8d,write8
35159612875,0x389,0xf7,write8
35159664625,0x388,0xed,write8
35159762625,0x389,0x00,write8
35159820250,0x388,0xa5,write8
35159918250,0x389,0xab,write8
35159969875,0x388,0xb5,write8
35160068000,0x389,0x32,write8
35198214875,0x388,0xb5,write8
35198312875,0x389,0x12,write8
35212959000,0x388,0xb4,write8
35213057000,0x389,0x0a,write8
35234085375,0x388,0xb0,write8
35234183375,0x389,0x02,write8
35324941750,0x388,0xb0,write8
35325039875,0x389,0x02,write8
35325092625,0x388,0xc0,write8
35325190625,0x389,0x0e,write8
35325242750,0x388,0x20,write8
35325340750,0x389,0xe6,write8
35325392375,0x388,0x40,write8
35325490375,0x389,0xe7,write8
35325542125,0x388,0x60,write8
35325640125,0x389,0x80,write8
35325691875,0x388,0x80,write8
35325789875,0x389,0x01,write8
35325841500,0x388,0xe0,write8
35325939625,0x389,0x00,write8
35325991750,0x388,0x23,write8
35326089875,0x389,0xe4,write8
35326141625,0x388,0x43,write8
35326239625,0x389,0x8d,write8
35326291375,0x388,0x63,write8
35326389375,0x389,0xf5,write8
35326441000,0x388,0x83,write8
35326539000,0x389,0x07,write8
35326590750,0x388,0xe3,write8
35326688750,0x389,0x00,write8
35326745125,0x388,0xa0,write8
35326843125,0x389,0x5e,write8
35326894750,0x388,0xb0,write8
35326992750,0x389,0x2b,write8
35388325875,0x388,0xb1,write8
35388423875,0x389,0x0a,write8
35424241750,0x388,0xb2,write8
35424339750,0x389,0x0e,write8
35436919250,0x388,0xb3,write8
35437017375,0x389,0x13,write8
35439033375,0x388,0xb0,write8
35439131500,0x389,0x0b,write8
35489743000,0x388,0xb0,write8
35489841000,0x389,0x0b,write8
35489893750,0x388,0xc0,write8
35489991750,0x389,0x0e,write8
35490044000,0x388,0x20,write8
35490142000,0x389,0xe6,write8
35490193625,0x388,0x40,write8
35490291625,0x389,0xe7,write8
35490343375,0x388,0x60,write8
35490441375,0x389,0x80,write8
35490493125,0x388,0x80,write8
35490591125,0x389,0x01,write8
35490642875,0x388,0xe0,write8
35490740875,0x389,0x00,write8
35490793000,0x388,0x23,write8
35490891000,0x389,0xe4,write8
35490942750,0x388,0x43,write8
35491040875,0x389,0x8d,write8
35491092625,0x388,0x63,write8
35491190625,0x389,0xf5,write8
35491242250,0x388,0x83,write8
35491340250,0x389,0x07,write8
35491392000,0x388,0xe3,write8
35491490000,0x389,0x00,write8
35491547000,0x388,0xa0,write8
35491645000,0x389,0x00,write8
35491696625,0x388,0xb0,write8
35491794625,0x389,0x2e,write8
35491852750,0x388,0xb1,write8
35491950750,0x389,0x0a,write8
35492003500,0x388,0xc1,write8
35492101500,0x389,0x0e,write8
35492153625,0x388,0x21,write8
35492251625,0x389,0xe6,write8
35492303375,0x388,0x41,write8
35492401375,0x389,0xe7,write8
35492453125,0x388,0x61,write8
35492551125,0x389,0x80,write8
35492602750,0x388,0x81,write8
35492700750,0x389,0x01,write8
35492752500,0x388,0xe1,write8
35492850500,0x389,0x00,write8
35492902750,0x388,0x24,write8
35493000750,0x389,0xe4,write8
35493052500,0x388,0x44,write8
35493150500,0x389,0x8d,write8
35493202250,0x388,0x64,write8
35493300250,0x389,0xf5,write8
35493352000,0x388,0x84,write8
35493450000,0x389,0x07,write8
35493501750,0x388,0xe4,write8
35493599750,0x389,0x00,write8
35493656000,0x388,0xa1,write8
35493754000,0x389,0x00,write8
35493805625,0x388,0xb1,write8
35493903625,0x389,0x2a,write8
35493962250,0x388,0xb2,write8
35494060375,0x389,0x0e,write8
35494113125,0x388,0xc2,write8
35494211125,0x389,0x0a,write8
35494263125,0x388,0x22,write8
35494361250,0x389,0x28,write8
35494412875,0x388,0x42,write8
35494510875,0x389,0x2b,write8
35494562625,0x388,0x62,write8
35494660625,0x389,0xe6,write8
35494712375,0x388,0x82,write8
35494810375,0x389,0x97,write8
35494862000,0x388,0xe2,write8
35494960000,0x389,0x02,write8
35495012375,0x388,0x25,write8
35495110375,0x389,0x22,write8
35495162125,0x388,0x45,write8
35495260125,0x389,0x08,write8
35495311750,0x388,0x65,write8
35495409875,0x389,0xf6,write8
35495461500,0x388,0x85,write8
35495559500,0x389,0xf7,write8
35495611250,0x388,0xe5,write8
35495709250,0x389,0x00,write8
35495765625,0x388,0xa2,write8
35495863625,0x389,0x5e,write8
35495915125,0x388,0xb2,write8
35496013375,0x389,0x2b,write8
35496072375,0x388,0xb3,write8
35496170375,0x389,0x13,write8
35496223125,0x388,0xc3,write8
35496321125,0x389,0x0a,write8
35496373250,0x388,0x28,write8
35496471250,0x389,0x28,write8
35496523000,0x388,0x48,write8
35496621000,0x389,0x2b,write8
35496672625,0x388,0x68,write8
35496770625,0x389,0xe6,write8
35496822375,0x388,0x88,write8
35496920375,0x389,0x97,write8
35496972125,0x388,0xe8,write8
35497070250,0x389,0x02,write8
35497122375,0x388,0x2b,write8
35497220500,0x389,0x22,write8
35497272125,0x388,0x4b,write8
35497370125,0x389,0x08,write8
35497421875,0x388,0x6b,write8
35497519875,0x389,0xf6,write8
35497571625,0x388,0x8b,write8
35497669625,0x389,0xf7,write8
35497721250,0x388,0xeb,write8
35497819250,0x389,0x00,write8
35497875625,0x388,0xa3,write8
35497973625,0x389,0x00,write8
35498025375,0x388,0xb3,write8
35498123375,0x389,0x2a,write8
35498183000,0x388,0xb4,write8
35498281000,0x389,0x0a,write8
35498333750,0x388,0xc4,write8
35498431500,0x389,0x0a,write8
35498483375,0x388,0x29,write8
35498581000,0x389,0x28,write8
35498632500,0x388,0x49,write8
35498730125,0x389,0x2b,write8
35498781750,0x388,0x69,write8
35498879500,0x389,0xe6,write8
35498931000,0x388,0x89,write8
35499028750,0x389,0x97,write8
35499080250,0x388,0xe9,write8
35499177875,0x389,0x02,write8
35499229875,0x388,0x2c,write8
35499327500,0x389,0x22,write8
35499379000,0x388,0x4c,write8
35499476625,0x389,0x08,write8
35499528125,0x388,0x6c,write8
35499625750,0x389,0xf6,write8
35499677250,0x388,0x8c,write8
35499774875,0x389,0xf7,write8
35499826375,0x388,0xec,write8
35499924250,0x389,0x00,write8
35499980500,0x388,0xa4,write8
35500078625,0x389,0xab,write8
35500130250,0x388,0xb4,write8
35500228250,0x389,0x2a,write8
35500288250,0x388,0xb5,write8
35500386375,0x389,0x12,write8
35500439125,0x388,0xc5,write8
35500537125,0x389,0x0a,write8
35500589250,0x388,0x2a,write8
35500687250,0x389,0x28,write8
35500738875,0x388,0x4a,write8
35500836875,0x389,0x2b,write8
35500888625,0x388,0x6a,write8
35500986625,0x389,0xe6,write8
35501038500,0x388,0x8a,write8
35501136500,0x389,0x97,write8
35501188125,0x388,0xea,write8
35501286125,0x389,0x02,write8
35501338375,0x388,0x2d,write8
35501436375,0x389,0x22,write8
35501488125,0x388,0x4d,write8
35501586125,0x389,0x08,write8
35501637875,0x388,0x6d,write8
35501735875,0x389,0xf6,write8
35501787500,0x388,0x8d,write8
35501885500,0x389,0xf7,write8
35501937250,0x388,0xed,write8
35502035375,0x389,0x00,write8
35502093000,0x388,0xa5,write8
35502191000,0x389,0x00,write8
35502242625,0x388,0xb5,write8
35502340625,0x389,0x32,write8
35502401125,0x388,0xb6,write8
35502499250,0x389,0x0a,write8
35502551875,0x388,0xc6,write8
35502649875,0x389,0x08,write8
35502702000,0x388,0x30,write8
35502800000,0x389,0x20,write8
35502851750,0x388,0x50,write8
35502949750,0x389,0x24,write8
35503001500,0x388,0x70,write8
35503099625,0x389,0x62,write8
35503151250,0x388,0x90,write8
35503249250,0x389,0x75,write8
35503301000,0x388,0xf0,write8
35503399000,0x389,0x01,write8
35503451250,0x388,0x33,write8
35503549250,0x389,0x22,write8
35503600875,0x388,0x53,write8
35503698875,0x389,0x02,write8
35503750625,0x388,0x73,write8
35503848625,0x389,0xa8,write8
35503900375,0x388,0x93,write8
35503998375,0x389,0xf5,write8
35504050125,0x388,0xf3,write8
35504148250,0x389,0x00,write8
35504204500,0x388,0xa6,write8
35504302500,0x389,0x85,write8
35504354125,0x388,0xb6,write8
35504452125,0x389,0x2a,write8
35534113000,0x388,0xb4,write8
35534211125,0x389,0x0a,write8
35536222875,0x388,0xb3,write8
35536320875,0x389,0x0a,write8
35542564875,0x388,0xb5,write8
35542662500,0x389,0x12,write8
35544673500,0x388,0xb2,write8
35544771500,0x389,0x0b,write8
35572142625,0x388,0xb1,write8
35572240625,0x389,0x0a,write8
35597496125,0x388,0xb0,write8
35597594125,0x389,0x0e,write8
35610176250,0x388,0xb6,write8
35610274250,0x389,0x0a,write8
35665108750,0x388,0xb0,write8
35665206750,0x389,0x0e,write8
35665259500,0x388,0xc0,write8
35665357500,0x389,0x0e,write8
35665409500,0x388,0x20,write8
35665507500,0x389,0x21,write8
35665559250,0x388,0x40,write8
35665657250,0x389,0xcd,write8
35665709000,0x388,0x60,write8
35665807000,0x389,0x98,write8
35665858625,0x388,0x80,write8
35665956625,0x389,0x3f,write8
35666008500,0x388,0xe0,write8
35666106500,0x389,0x00,write8
35666158750,0x388,0x23,write8
35666256750,0x389,0x21,write8
35666308500,0x388,0x43,write8
35666406500,0x389,0x02,write8
35666458125,0x388,0x63,write8
35666556125,0x389,0x65,write8
35666607875,0x388,0x83,write8
35666705875,0x389,0x2a,write8
35666757625,0x388,0xe3,write8
35666855625,0x389,0x00,write8
35666913250,0x388,0xa0,write8
35667011375,0x389,0xc7,write8
35667062875,0x388,0xb0,write8
35667160875,0x389,0x33,write8
35667219000,0x388,0xb1,write8
35667317000,0x389,0x0a,write8
35667369750,0x388,0xc1,write8
35667467750,0x389,0x0a,write8
35667519875,0x388,0x21,write8
35667617875,0x389,0x28,write8
35667669500,0x388,0x41,write8
35667767500,0x389,0x2b,write8
35667819250,0x388,0x61,write8
35667917250,0x389,0xe6,write8
35667969000,0x388,0x81,write8
35668067125,0x389,0x97,write8
35668118875,0x388,0xe1,write8
35668216875,0x389,0x02,write8
35668269000,0x388,0x24,write8
35668367000,0x389,0x22,write8
35668418750,0x388,0x44,write8
35668516750,0x389,0x08,write8
35668568500,0x388,0x64,write8
35668666500,0x389,0xf6,write8
35668718125,0x388,0x84,write8
35668816125,0x389,0xf7,write8
35668867875,0x388,0xe4,write8
35668965875,0x389,0x00,write8
35669022375,0x388,0xa1,write8
35669120375,0x389,0x5e,write8
35669172000,0x388,0xb1,write8
35669270000,0x389,0x2b,write8
35669328625,0x388,0xb2,write8
35669426625,0x389,0x0b,write8
35669479250,0x388,0xc2,write8
35669577250,0x389,0x0a,write8
35669629250,0x388,0x22,write8
35669726875,0x389,0x28,write8
35669778375,0x388,0x42,write8
35669876000,0x389,0x2b,write8
35669927500,0x388,0x62,write8
35670025500,0x389,0xe6,write8
35670077000,0x388,0x82,write8
35670174625,0x389,0x97,write8
35670226125,0x388,0xe2,write8
35670323750,0x389,0x02,write8
35670375750,0x388,0x25,write8
35670473375,0x389,0x22,write8
35670524875,0x388,0x45,write8
35670622500,0x389,0x08,write8
35670674000,0x388,0x65,write8
35670771625,0x389,0xf6,write8
35670823125,0x388,0x85,write8
35670920750,0x389,0xf7,write8
35670972250,0x388,0xe5,write8
35671070000,0x389,0x00,write8
35671126125,0x388,0xa2,write8
35671224250,0x389,0xab,write8
35671275875,0x388,0xb2,write8
35671373875,0x389,0x2a,write8
35671433000,0x388,0xb3,write8
35671531000,0x389,0x0a,write8
35671583750,0x388,0xc3,write8
35671681750,0x389,0x0a,write8
35671733750,0x388,0x28,write8
35671831750,0x389,0x28,write8
35671883500,0x388,0x48,write8
35671981500,0x389,0x2b,write8
35672033375,0x388,0x68,write8
35672131375,0x389,0xe6,write8
35672183000,0x388,0x88,write8
35672281000,0x389,0x97,write8
35672332750,0x388,0xe8,write8
35672430750,0x389,0x02,write8
35672483000,0x388,0x2b,write8
35672581000,0x389,0x22,write8
35672632750,0x388,0x4b,write8
35672730750,0x389,0x08,write8
35672782375,0x388,0x6b,write8
35672880375,0x389,0xf6,write8
35672932125,0x388,0x8b,write8
35673030250,0x389,0xf7,write8
35673082000,0x388,0xeb,write8
35673180000,0x389,0x00,write8
35673236375,0x388,0xa3,write8
35673334375,0x389,0x00,write8
35673385875,0x388,0xb3,write8
35673483875,0x389,0x2a,write8
35673543375,0x388,0xb4,write8
35673641500,0x389,0x0a,write8
35673694250,0x388,0xc4,write8
35673792250,0x389,0x0e,write8
35673844375,0x388,0x29,write8
35673942375,0x389,0xe6,write8
35673994000,0x388,0x49,write8
35674092125,0x389,0xe7,write8
35674143875,0x388,0x69,write8
35674241875,0x389,0x80,write8
35674293625,0x388,0x89,write8
35674391625,0x389,0x01,write8
35674443375,0x388,0xe9,write8
35674541375,0x389,0x00,write8
35674593500,0x388,0x2c,write8
35674691500,0x389,0xe4,write8
35674743250,0x388,0x4c,write8
35674841250,0x389,0x8d,write8
35674893000,0x388,0x6c,write8
35674991000,0x389,0xf5,write8
35675042750,0x388,0x8c,write8
35675140750,0x389,0x07,write8
35675192500,0x388,0xec,write8
35675290500,0x389,0x00,write8
35675346875,0x388,0xa4,write8
35675444875,0x389,0x5e,write8
35675496500,0x388,0xb4,write8
35675594500,0x389,0x2b,write8
35675654500,0x388,0xb5,write8
35675752625,0x389,0x12,write8
35675805250,0x388,0xc5,write8
35675903250,0x389,0x0a,write8
35675955375,0x388,0x2a,write8
35676053500,0x389,0x2a,write8
35676105250,0x388,0x4a,write8
35676203250,0x389,0x28,write8
35676255000,0x388,0x6a,write8
35676353000,0x389,0xe6,write8
35676404625,0x388,0x8a,write8
35676502625,0x389,0xd7,write8
35676554375,0x388,0xea,write8
35676652375,0x389,0x00,write8
35676704625,0x388,0x2d,write8
35676802625,0x389,0x22,write8
35676854250,0x388,0x4d,write8
35676952250,0x389,0x06,write8
35677004125,0x388,0x6d,write8
35677102125,0x389,0xf6,write8
35677153875,0x388,0x8d,write8
35677251875,0x389,0xf7,write8
35677303625,0x388,0xed,write8
35677401625,0x389,0x00,write8
35677458500,0x388,0xa5,write8
35677556625,0x389,0xc7,write8
35677608125,0x388,0xb5,write8
35677706125,0x389,0x2f,write8
35677766625,0x388,0xb6,write8
35677864750,0x389,0x0a,write8
35677917500,0x388,0xc6,write8
35678015625,0x389,0x00,write8
35678067750,0x388,0x30,write8
35678165750,0x389,0x20,write8
35678217375,0x388,0x50,write8
35678315375,0x389,0x00,write8
35678367125,0x388,0x70,write8
35678465125,0x389,0xfa,write8
35678516875,0x388,0x90,write8
35678614875,0x389,0x6a,write8
35678666500,0x388,0xf0,write8
35678764625,0x389,0x00,write8
35678816750,0x388,0x33,write8
35678914750,0x389,0x26,write8
35678966500,0x388,0x53,write8
35679064625,0x389,0x07,write8
35679116375,0x388,0x73,write8
35679214375,0x389,0xaa,write8
35679266000,0x388,0x93,write8
35679364000,0x389,0xfa,write8
35679415750,0x388,0xf3,write8
35679513750,0x389,0x00,write8
35679570750,0x388,0xa6,write8
35679668750,0x389,0x85,write8
35679720375,0x388,0xb6,write8
35679818375,0x389,0x2e,write8
35707363250,0x388,0xb4,write8
35707461375,0x389,0x0b,write8
35715815375,0x388,0xb6,write8
35715913500,0x389,0x0e,write8
35720039000,0x388,0xb2,write8
35720137000,0x389,0x0a,write8
35720194375,0x388,0xb3,write8
35720292375,0x389,0x0a,write8
35726422250,0x388,0xb1,write8
35726520250,0x389,0x0b,write8
35770748750,0x388,0xb5,write8
35770846375,0x389,0x0f,write8
35821454375,0x388,0xb0,write8
35821552375,0x389,0x13,write8
35838358625,0x388,0xb0,write8
35838456625,0x389,0x13,write8
35838509375,0x388,0xc0,write8
35838607375,0x389,0x0e,write8
35838659375,0x388,0x20,write8
35838757375,0x389,0x21,write8
35838809125,0x388,0x40,write8
35838907125,0x389,0xcd,write8
35838958875,0x388,0x60,write8
35839057000,0x389,0x98,write8
35839108625,0x388,0x80,write8
35839206625,0x389,0x3f,write8
35839258375,0x388,0xe0,write8
35839356375,0x389,0x00,write8
35839408625,0x388,0x23,write8
35839506625,0x389,0x21,write8
35839558375,0x388,0x43,write8
35839656375,0x389,0x02,write8
35839708000,0x388,0x63,write8
35839806000,0x389,0x65,write8
35839857750,0x388,0x83,write8
35839955750,0x389,0x2a,write8
35840007625,0x388,0xe3,write8
35840105625,0x389,0x00,write8
35840163875,0x388,0xa0,write8
35840261875,0x389,0x00,write8
35840313375,0x388,0xb0,write8
35840411375,0x389,0x36,write8
35840469500,0x388,0xb1,write8
35840567500,0x389,0x0b,write8
35840620250,0x388,0xc1,write8
35840718250,0x389,0x0a,write8
35840770375,0x388,0x21,write8
35840868125,0x389,0x2a,write8
35840919625,0x388,0x41,write8
35841017375,0x389,0x28,write8
35841068875,0x388,0x61,write8
35841166500,0x389,0xe6,write8
35841218125,0x388,0x81,write8
35841315875,0x389,0xd7,write8
35841367375,0x388,0xe1,write8
35841465000,0x389,0x00,write8
35841517000,0x388,0x24,write8
35841614625,0x389,0x22,write8
35841666125,0x388,0x44,write8
35841763750,0x389,0x06,write8
35841815250,0x388,0x64,write8
35841912875,0x389,0xf6,write8
35841964375,0x388,0x84,write8
35842062125,0x389,0xf7,write8
35842113625,0x388,0xe4,write8
35842211250,0x389,0x00,write8
35842268625,0x388,0xa1,write8
35842366500,0x389,0x00,write8
35842418125,0x388,0xb1,write8
35842516125,0x389,0x32,write8
35842574625,0x388,0xb2,write8
35842672750,0x389,0x0a,write8
35842725375,0x388,0xc2,write8
35842823375,0x389,0x0e,write8
35842875500,0x388,0x22,write8
35842973500,0x389,0xe6,write8
35843025375,0x388,0x42,write8
35843123375,0x389,0xe7,write8
35843175000,0x388,0x62,write8
35843273000,0x389,0x80,write8
35843324750,0x388,0x82,write8
35843422750,0x389,0x01,write8
35843474500,0x388,0xe2,write8
35843572500,0x389,0x00,write8
35843624625,0x388,0x25,write8
35843722750,0x389,0xe4,write8
35843774375,0x388,0x45,write8
35843872375,0x389,0x8d,write8
35843924125,0x388,0x65,write8
35844022250,0x389,0xf5,write8
35844074000,0x388,0x85,write8
35844172000,0x389,0x07,write8
35844223625,0x388,0xe5,write8
35844321625,0x389,0x00,write8
35844378625,0x388,0xa2,write8
35844476625,0x389,0x00,write8
35844528250,0x388,0xb2,write8
35844626250,0x389,0x2e,write8
35844685375,0x388,0xb3,write8
35844783375,0x389,0x0a,write8
35844836125,0x388,0xc3,write8
35844934125,0x389,0x0e,write8
35844986125,0x388,0x28,write8
35845084250,0x389,0xe6,write8
35845136000,0x388,0x48,write8
35845234000,0x389,0xe7,write8
35845285750,0x388,0x68,write8
35845383750,0x389,0x80,write8
35845435375,0x388,0x88,write8
35845533500,0x389,0x01,write8
35845585125,0x388,0xe8,write8
35845683125,0x389,0x00,write8
35845735375,0x388,0x2b,write8
35845833375,0x389,0xe4,write8
35845885125,0x388,0x4b,write8
35845983125,0x389,0x8d,write8
35846034875,0x388,0x6b,write8
35846132875,0x389,0xf5,write8
35846184625,0x388,0x8b,write8
35846282625,0x389,0x07,write8
35846334375,0x388,0xeb,write8
35846432375,0x389,0x00,write8
35846488750,0x388,0xa3,write8
35846586750,0x389,0x00,write8
35846638250,0x388,0xb3,write8
35846736250,0x389,0x2a,write8
35846795750,0x388,0xb4,write8
35846893875,0x389,0x0b,write8
35846946625,0x388,0xc4,write8
35847044750,0x389,0x0a,write8
35847096875,0x388,0x29,write8
35847194875,0x389,0x28,write8
35847246500,0x388,0x49,write8
35847344625,0x389,0x2b,write8
35847396250,0x388,0x69,write8
35847494250,0x389,0xe6,write8
35847546000,0x388,0x89,write8
35847644000,0x389,0x97,write8
35847695750,0x388,0xe9,write8
35847793750,0x389,0x02,write8
35847845875,0x388,0x2c,write8
35847943875,0x389,0x22,write8
35847995625,0x388,0x4c,write8
35848093750,0x389,0x08,write8
35848145500,0x388,0x6c,write8
35848243500,0x389,0xf6,write8
35848295125,0x388,0x8c,write8
35848393250,0x389,0xf7,write8
35848444875,0x388,0xec,write8
35848542875,0x389,0x00,write8
35848600500,0x388,0xa4,write8
35848698500,0x389,0x00,write8
35848750125,0x388,0xb4,write8
35848848125,0x389,0x32,write8
35848908125,0x388,0xb5,write8
35849006375,0x389,0x0f,write8
35849059000,0x388,0xc5,write8
35849157125,0x389,0x00,write8
35849209125,0x388,0x2a,write8
35849307125,0x389,0x00,write8
35849358875,0x388,0x4a,write8
35849456875,0x389,0x0c,write8
35849508625,0x388,0x6a,write8
35849606625,0x389,0xc8,write8
35849658250,0x388,0x8a,write8
35849756250,0x389,0x4c,write8
35849808000,0x388,0xea,write8
35849906000,0x389,0x00,write8
35849958250,0x388,0x2d,write8
35850056375,0x389,0x20,write8
35850108125,0x388,0x4d,write8
35850206125,0x389,0x00,write8
35850257750,0x388,0x6d,write8
35850355750,0x389,0xd6,write8
35850407500,0x388,0x8d,write8
35850505500,0x389,0xff,write8
35850557250,0x388,0xed,write8
35850655250,0x389,0x00,write8
35850710875,0x388,0xa5,write8
35850809000,0x389,0x90,write8
35850860500,0x388,0xb5,write8
35850958500,0x389,0x27,write8
35878508250,0x388,0xb6,write8
35878606250,0x389,0x0e,write8
35878659000,0x388,0xc6,write8
35878757000,0x389,0x0a,write8
35878809125,0x388,0x30,write8
35878907125,0x389,0x22,write8
35878958750,0x388,0x50,write8
35879056875,0x389,0x19,write8
35879108625,0x388,0x70,write8
35879206625,0x389,0xc6,write8
35879258375,0x388,0x90,write8
35879356375,0x389,0x77,write8
35879408125,0x388,0xf0,write8
35879506125,0x389,0x00,write8
35879558250,0x388,0x33,write8
35879656250,0x389,0x22,write8
35879708000,0x388,0x53,write8
35879806000,0x389,0x40,write8
35879857750,0x388,0x73,write8
35879955750,0x389,0xf4,write8
35880007500,0x388,0x93,write8
35880105500,0x389,0xf7,write8
35880157250,0x388,0xf3,write8
35880255250,0x389,0x00,write8
35880311000,0x388,0xa6,write8
35880409000,0x389,0x00,write8
35880460625,0x388,0xb6,write8
35880558625,0x389,0x26,write8
35889067375,0x388,0xb4,write8
35889165375,0x389,0x12,write8
35889223625,0x388,0xb5,write8
35889321750,0x389,0x07,write8
35937706000,0x388,0xb1,write8
35937804000,0x389,0x12,write8
35975697250,0x388,0xb6,write8
35975795250,0x389,0x06,write8
35982029875,0x388,0xb0,write8
35982127875,0x389,0x16,write8
36011611375,0x388,0xb0,write8
36011709375,0x389,0x16,write8
36011762125,0x388,0xc0,write8
36011860125,0x389,0x0e,write8
36011912125,0x388,0x20,write8
36012010250,0x389,0xe6,write8
36012061875,0x388,0x40,write8
36012159500,0x389,0xe7,write8
36012211000,0x388,0x60,write8
36012308625,0x389,0x80,write8
36012360125,0x388,0x80,write8
36012458000,0x389,0x01,write8
36012509500,0x388,0xe0,write8
36012607125,0x389,0x00,write8
36012659125,0x388,0x23,write8
36012756750,0x389,0xe4,write8
36012808250,0x388,0x43,write8
36012905875,0x389,0x8d,write8
36012957375,0x388,0x63,write8
36013055125,0x389,0xf5,write8
36013106625,0x388,0x83,write8
36013204250,0x389,0x07,write8
36013255750,0x388,0xe3,write8
36013353375,0x389,0x00,write8
36013409500,0x388,0xa0,write8
36013507125,0x389,0x85,write8
36013558500,0x388,0xb0,write8
36013656625,0x389,0x2a,write8
36013714750,0x388,0xb1,write8
36013812750,0x389,0x12,write8
36013865500,0x388,0xc1,write8
36013963500,0x389,0x00,write8
36014015625,0x388,0x21,write8
36014113750,0x389,0x00,write8
36014165375,0x388,0x41,write8
36014263375,0x389,0x0c,write8
36014315125,0x388,0x61,write8
36014413125,0x389,0xc8,write8
36014464875,0x388,0x81,write8
36014562875,0x389,0x4c,write8
36014614500,0x388,0xe1,write8
36014712500,0x389,0x00,write8
36014764750,0x388,0x24,write8
36014862750,0x389,0x20,write8
36014914500,0x388,0x44,write8
36015012500,0x389,0x00,write8
36015064125,0x388,0x64,write8
36015162250,0x389,0xd6,write8
36015213875,0x388,0x84,write8
36015311875,0x389,0xff,write8
36015363625,0x388,0xe4,write8
36015461625,0x389,0x00,write8
36015517375,0x388,0xa1,write8
36015615375,0x389,0x90,write8
36015666875,0x388,0xb1,write8
36015765000,0x389,0x27,write8
36015824500,0x388,0xb4,write8
36015922625,0x389,0x12,write8
36015975250,0x388,0xc4,write8
36016073375,0x389,0x00,write8
36016125500,0x388,0x29,write8
36016223500,0x389,0x20,write8
36016275250,0x388,0x49,write8
36016373250,0x389,0x00,write8
36016424875,0x388,0x69,write8
36016522875,0x389,0xfa,write8
36016574625,0x388,0x89,write8
36016672625,0x389,0x6a,write8
36016724375,0x388,0xe9,write8
36016822375,0x389,0x00,write8
36016874500,0x388,0x2c,write8
36016972625,0x389,0x26,write8
36017024375,0x388,0x4c,write8
36017122375,0x389,0x07,write8
36017174125,0x388,0x6c,write8
36017272125,0x389,0xaa,write8
36017323875,0x388,0x8c,write8
36017421875,0x389,0xfa,write8
36017473500,0x388,0xec,write8
36017571500,0x389,0x00,write8
36017628500,0x388,0xa4,write8
36017726500,0x389,0x85,write8
36017778125,0x388,0xb4,write8
36017876125,0x389,0x2e,write8
36017936125,0x388,0xb5,write8
36018034375,0x389,0x07,write8
36018087125,0x388,0xc5,write8
36018185125,0x389,0x00,write8
36018237125,0x388,0x2a,write8
36018335125,0x389,0x20,write8
36018386875,0x388,0x4a,write8
36018484875,0x389,0x00,write8
36018536625,0x388,0x6a,write8
36018634625,0x389,0xfa,write8
36018686250,0x388,0x8a,write8
36018784375,0x389,0x6a,write8
36018836000,0x388,0xea,write8
36018934000,0x389,0x00,write8
36018986250,0x388,0x2d,write8
36019084375,0x389,0x26,write8
36019136125,0x388,0x4d,write8
36019234125,0x389,0x07,write8
36019285750,0x388,0x6d,write8
36019383750,0x389,0xaa,write8
36019435500,0x388,0x8d,write8
36019533500,0x389,0xfa,write8
36019585250,0x388,0xed,write8
36019683250,0x389,0x00,write8
36019740875,0x388,0xa5,write8
36019838875,0x389,0x00,write8
36019890375,0x388,0xb5,write8
36019988375,0x389,0x32,write8
36030632500,0x388,0xb6,write8
36030730500,0x389,0x06,write8
36030783250,0x388,0xc6,write8
36030881250,0x389,0x0a,write8
36030933375,0x388,0x30,write8
36031031500,0x389,0x22,write8
36031083250,0x388,0x50,write8
36031181250,0x389,0x19,write8
36031232875,0x388,0x70,write8
36031330875,0x389,0xc6,write8
36031382625,0x388,0x90,write8
36031480625,0x389,0x77,write8
36031532375,0x388,0xf0,write8
36031630375,0x389,0x00,write8
36031682500,0x388,0x33,write8
36031780625,0x389,0x22,write8
36031832250,0x388,0x53,write8
36031930250,0x389,0x40,write8
36031982000,0x388,0x73,write8
36032080125,0x389,0xf4,write8
36032131875,0x388,0x93,write8
36032229875,0x389,0xf7,write8
36032281500,0x388,0xf3,write8
36032379500,0x389,0x00,write8
36032435250,0x388,0xa6,write8
36032533250,0x389,0x00,write8
36032584875,0x388,0xb6,write8
36032682875,0x389,0x26,write8
36032750250,0x388,0xb4,write8
36032848250,0x389,0x0e,write8
36055984500,0x388,0xb5,write8
36056082250,0x389,0x12,write8
36056138375,0x388,0xb1,write8
36056236000,0x389,0x07,write8
36127819625,0x388,0xb2,write8
36127917625,0x389,0x0e,write8
36157399750,0x388,0xb3,write8
36157497750,0x389,0x0a,write8
36167959625,0x388,0xb0,write8
36168057750,0x389,0x0a,write8
36178572000,0x388,0xb6,write8
36178670000,0x389,0x06,write8
36178727500,0x388,0xb0,write8
36178825500,0x389,0x0a,write8
36178878250,0x388,0xc0,write8
36178976250,0x389,0x0e,write8
36179028375,0x388,0x20,write8
36179126375,0x389,0x21,write8
36179178125,0x388,0x40,write8
36179276125,0x389,0xcd,write8
36179327875,0x388,0x60,write8
36179425875,0x389,0x98,write8
36179477500,0x388,0x80,write8
36179575500,0x389,0x3f,write8
36179627250,0x388,0xe0,write8
36179725250,0x389,0x00,write8
36179777500,0x388,0x23,write8
36179875500,0x389,0x21,write8
36179927250,0x388,0x43,write8
36180025375,0x389,0x02,write8
36180077000,0x388,0x63,write8
36180175000,0x389,0x65,write8
36180226750,0x388,0x83,write8
36180324750,0x389,0x2a,write8
36180376500,0x388,0xe3,write8
36180474500,0x389,0x00,write8
36180532750,0x388,0xa0,write8
36180630875,0x389,0x00,write8
36180682375,0x388,0xb0,write8
36180780375,0x389,0x36,write8
36180838375,0x388,0xb1,write8
36180936375,0x389,0x07,write8
36180989125,0x388,0xc1,write8
36181087250,0x389,0x0a,write8
36181139375,0x388,0x21,write8
36181237375,0x389,0x28,write8
36181289000,0x388,0x41,write8
36181387000,0x389,0x2b,write8
36181438750,0x388,0x61,write8
36181536750,0x389,0xe6,write8
36181588500,0x388,0x81,write8
36181686500,0x389,0x97,write8
36181738250,0x388,0xe1,write8
36181836250,0x389,0x02,write8
36181888375,0x388,0x24,write8
36181986375,0x389,0x22,write8
36182038250,0x388,0x44,write8
36182136250,0x389,0x08,write8
36182188000,0x388,0x64,write8
36182286000,0x389,0xf6,write8
36182337625,0x388,0x84,write8
36182435625,0x389,0xf7,write8
36182487375,0x388,0xe4,write8
36182585375,0x389,0x00,write8
36182641750,0x388,0xa1,write8
36182739875,0x389,0x00,write8
36182791500,0x388,0xb1,write8
36182889500,0x389,0x2a,write8
36182948000,0x388,0xb2,write8
36183046125,0x389,0x0e,write8
36183098750,0x388,0xc2,write8
36183196750,0x389,0x0a,write8
36183248875,0x388,0x22,write8
36183346500,0x389,0x28,write8
36183398000,0x388,0x42,write8
36183495625,0x389,0x2b,write8
36183547125,0x388,0x62,write8
36183644875,0x389,0xe6,write8
36183696500,0x388,0x82,write8
36183794125,0x389,0x97,write8
36183845625,0x388,0xe2,write8
36183943250,0x389,0x02,write8
36183995250,0x388,0x25,write8
36184093000,0x389,0x22,write8
36184144500,0x388,0x45,write8
36184242125,0x389,0x08,write8
36184293625,0x388,0x65,write8
36184391250,0x389,0xf6,write8
36184442750,0x388,0x85,write8
36184540375,0x389,0xf7,write8
36184591875,0x388,0xe5,write8
36184689500,0x389,0x00,write8
36184745625,0x388,0xa2,write8
36184843625,0x389,0x00,write8
36184895375,0x388,0xb2,write8
36184993375,0x389,0x2b,write8
36185052500,0x388,0xb3,write8
36185150500,0x389,0x0a,write8
36185203250,0x388,0xc3,write8
36185301250,0x389,0x0a,write8
36185353250,0x388,0x28,write8
36185451250,0x389,0x28,write8
36185503000,0x388,0x48,write8
36185601000,0x389,0x2b,write8
36185652750,0x388,0x68,write8
36185750750,0x389,0xe6,write8
36185802375,0x388,0x88,write8
36185900500,0x389,0x97,write8
36185952125,0x388,0xe8,write8
36186050250,0x389,0x02,write8
36186102500,0x388,0x2b,write8
36186200500,0x389,0x22,write8
36186252250,0x388,0x4b,write8
36186350250,0x389,0x08,write8
36186401875,0x388,0x6b,write8
36186499875,0x389,0xf6,write8
36186551625,0x388,0x8b,write8
36186649625,0x389,0xf7,write8
36186701375,0x388,0xeb,write8
36186799375,0x389,0x00,write8
36186855750,0x388,0xa3,write8
36186953750,0x389,0x85,write8
36187005500,0x388,0xb3,write8
36187103500,0x389,0x2a,write8
36187163000,0x388,0xb4,write8
36187261000,0x389,0x0e,write8
36187313750,0x388,0xc4,write8
36187411750,0x389,0x0e,write8
36187463875,0x388,0x29,write8
36187561875,0x389,0xe6,write8
36187613500,0x388,0x49,write8
36187711625,0x389,0xe7,write8
36187763250,0x388,0x69,write8
36187861250,0x389,0x80,write8
36187913000,0x388,0x89,write8
36188011125,0x389,0x01,write8
36188062875,0x388,0xe9,write8
36188160875,0x389,0x00,write8
36188213000,0x388,0x2c,write8
36188311000,0x389,0xe4,write8
36188362750,0x388,0x4c,write8
36188460750,0x389,0x8d,write8
36188512500,0x388,0x6c,write8
36188610500,0x389,0xf5,write8
36188662125,0x388,0x8c,write8
36188760250,0x389,0x07,write8
36188811875,0x388,0xec,write8
36188909875,0x389,0x00,write8
36188966250,0x388,0xa4,write8
36189064375,0x389,0x00,write8
36189116125,0x388,0xb4,write8
36189214125,0x389,0x2b,write8
36189274125,0x388,0xb5,write8
36189372125,0x389,0x12,write8
36189424750,0x388,0xc5,write8
36189522875,0x389,0x0a,write8
36189574875,0x388,0x2a,write8
36189672875,0x389,0x2a,write8
36189724625,0x388,0x4a,write8
36189822625,0x389,0x28,write8
36189874375,0x388,0x6a,write8
36189972375,0x389,0xe6,write8
36190024125,0x388,0x8a,write8
36190122125,0x389,0xd7,write8
36190173875,0x388,0xea,write8
36190271875,0x389,0x00,write8
36190324125,0x388,0x2d,write8
36190422125,0x389,0x22,write8
36190473750,0x388,0x4d,write8
36190571875,0x389,0x06,write8
36190623500,0x388,0x6d,write8
36190721500,0x389,0xf6,write8
36190773250,0x388,0x8d,write8
36190871250,0x389,0xf7,write8
36190923000,0x388,0xed,write8
36191021125,0x389,0x00,write8
36191078625,0x388,0xa5,write8
36191176750,0x389,0x00,write8
36191228375,0x388,0xb5,write8
36191326375,0x389,0x32,write8
36191386875,0x388,0xb6,write8
36191484875,0x389,0x06,write8
36191537625,0x388,0xc6,write8
36191635625,0x389,0x00,write8
36191687750,0x388,0x30,write8
36191785750,0x389,0x20,write8
36191837375,0x388,0x50,write8
36191935375,0x389,0x00,write8
36191987125,0x388,0x70,write8
36192085250,0x389,0xfa,write8
36192137000,0x388,0x90,write8
36192235000,0x389,0x6a,write8
36192286625,0x388,0xf0,write8
36192384750,0x389,0x00,write8
36192436875,0x388,0x33,write8
36192534875,0x389,0x26,write8
36192586625,0x388,0x53,write8
36192684625,0x389,0x07,write8
36192736375,0x388,0x73,write8
36192834375,0x389,0xaa,write8
36192886000,0x388,0x93,write8
36192984000,0x389,0xfa,write8
36193035875,0x388,0xf3,write8
36193133875,0x389,0x00,write8
36193190875,0x388,0xa6,write8
36193288875,0x389,0x85,write8
36193340625,0x388,0xb6,write8
36193438625,0x389,0x2e,write8
36193499625,0x388,0xb7,write8
36193597625,0x389,0x0b,write8
36193650250,0x388,0xc7,write8
36193748250,0x389,0x08,write8
36193800375,0x388,0x31,write8
36193898375,0x389,0x20,write8
36193950125,0x388,0x51,write8
36194048250,0x389,0x24,write8
36194100000,0x388,0x71,write8
36194198000,0x389,0x62,write8
36194249625,0x388,0x91,write8
36194347625,0x389,0x75,write8
36194399375,0x388,0xf1,write8
36194497375,0x389,0x01,write8
36194549625,0x388,0x34,write8
36194647625,0x389,0x22,write8
36194699250,0x388,0x54,write8
36194797250,0x389,0x02,write8
36194849000,0x388,0x74,write8
36194947000,0x389,0xa8,write8
36194998750,0x388,0x94,write8
36195096875,0x389,0xf5,write8
36195148625,0x388,0xf4,write8
36195246625,0x389,0x00,write8
36195302875,0x388,0xa7,write8
36195400875,0x389,0x85,write8
36195452625,0x388,0xb7,write8
36195550625,0x389,0x2a,write8
36227165625,0x388,0xb3,write8
36227263250,0x389,0x0a,write8
36235573750,0x388,0xb1,write8
36235671750,0x389,0x0a,write8
36235730625,0x388,0xb6,write8
36235828625,0x389,0x0e,write8
36239800000,0x388,0xb2,write8
36239898000,0x389,0x0b,write8
36265156750,0x388,0xb7,write8
36265254750,0x389,0x0a,write8
36292619625,0x388,0xb5,write8
36292717625,0x389,0x12,write8
36296845125,0x388,0xb4,write8
36296943125,0x389,0x0b,write8
36339099625,0x388,0xb0,write8
36339197625,0x389,0x16,write8
36362387125,0x388,0xb0,write8
36362485125,0x389,0x16,write8
36362537875,0x388,0xc0,write8
36362635875,0x389,0x0e,write8
36362688000,0x388,0x20,write8
36362786000,0x389,0xe6,write8
36362837750,0x388,0x40,write8
36362935750,0x389,0xe7,write8
36362987375,0x388,0x60,write8
36363085500,0x389,0x80,write8
36363137250,0x388,0x80,write8
36363235250,0x389,0x01,write8
36363287000,0x388,0xe0,write8
36363385000,0x389,0x00,write8
36363437125,0x388,0x23,write8
36363535125,0x389,0xe4,write8
36363586875,0x388,0x43,write8
36363684875,0x389,0x8d,write8
36363736625,0x388,0x63,write8
36363834625,0x389,0xf5,write8
36363886375,0x388,0x83,write8
36363984375,0x389,0x07,write8
36364036125,0x388,0xe3,write8
36364134125,0x389,0x00,write8
36364191125,0x388,0xa0,write8
36364289125,0x389,0x85,write8
36364340750,0x388,0xb0,write8
36364438750,0x389,0x2e,write8
36364496875,0x388,0xb1,write8
36364594875,0x389,0x0a,write8
36364647500,0x388,0xc1,write8
36364745625,0x389,0x0a,write8
36364797625,0x388,0x21,write8
36364895625,0x389,0x28,write8
36364947375,0x388,0x41,write8
36365045500,0x389,0x2b,write8
36365097250,0x388,0x61,write8
36365195250,0x389,0xe6,write8
36365246875,0x388,0x81,write8
36365344875,0x389,0x97,write8
36365396625,0x388,0xe1,write8
36365494625,0x389,0x02,write8
36365546875,0x388,0x24,write8
36365644875,0x389,0x22,write8
36365696625,0x388,0x44,write8
36365794625,0x389,0x08,write8
36365846250,0x388,0x64,write8
36365944250,0x389,0xf6,write8
36365996000,0x388,0x84,write8
36366094125,0x389,0xf7,write8
36366145875,0x388,0xe4,write8
36366243875,0x389,0x00,write8
36366300125,0x388,0xa1,write8
36366398250,0x389,0x00,write8
36366449750,0x388,0xb1,write8
36366547750,0x389,0x2b,write8
36366606375,0x388,0xb2,write8
36366704375,0x389,0x0b,write8
36366757125,0x388,0xc2,write8
36366855125,0x389,0x0a,write8
36366907250,0x388,0x22,write8
36367005375,0x389,0x28,write8
36367057000,0x388,0x42,write8
36367155000,0x389,0x2b,write8
36367206750,0x388,0x62,write8
36367304750,0x389,0xe6,write8
36367356500,0x388,0x82,write8
36367454500,0x389,0x97,write8
36367506125,0x388,0xe2,write8
36367604250,0x389,0x02,write8
36367656375,0x388,0x25,write8
36367754375,0x389,0x22,write8
36367806125,0x388,0x45,write8
36367904125,0x389,0x08,write8
36367955875,0x388,0x65,write8
36368054000,0x389,0xf6,write8
36368105625,0x388,0x85,write8
36368203625,0x389,0xf7,write8
36368255375,0x388,0xe5,write8
36368353375,0x389,0x00,write8
36368409750,0x388,0xa2,write8
36368507750,0x389,0x00,write8
36368559375,0x388,0xb2,write8
36368657375,0x389,0x2a,write8
36368716500,0x388,0xb3,write8
36368814125,0x389,0x0a,write8
36368866625,0x388,0xc3,write8
36368964250,0x389,0x0a,write8
36369016250,0x388,0x28,write8
36369114000,0x389,0x28,write8
36369165625,0x388,0x48,write8
36369263250,0x389,0x2b,write8
36369314750,0x388,0x68,write8
36369412375,0x389,0xe6,write8
36369463875,0x388,0x88,write8
36369561500,0x389,0x97,write8
36369613000,0x388,0xe8,write8
36369710625,0x389,0x02,write8
36369762625,0x388,0x2b,write8
36369860250,0x389,0x22,write8
36369911750,0x388,0x4b,write8
36370009500,0x389,0x08,write8
36370061000,0x388,0x6b,write8
36370158625,0x389,0xf6,write8
36370210125,0x388,0x8b,write8
36370308125,0x389,0xf7,write8
36370359750,0x388,0xeb,write8
36370457750,0x389,0x00,write8
36370514125,0x388,0xa3,write8
36370612125,0x389,0x85,write8
36370663750,0x388,0xb3,write8
36370761750,0x389,0x2a,write8
36370821375,0x388,0xb4,write8
36370919375,0x389,0x0b,write8
36370972125,0x388,0xc4,write8
36371070250,0x389,0x08,write8
36371122250,0x388,0x29,write8
36371220250,0x389,0x20,write8
36371272000,0x388,0x49,write8
36371370000,0x389,0x24,write8
36371421750,0x388,0x69,write8
36371519750,0x389,0x62,write8
36371571375,0x388,0x89,write8
36371669375,0x389,0x75,write8
36371721125,0x388,0xe9,write8
36371819125,0x389,0x01,write8
36371871375,0x388,0x2c,write8
36371969375,0x389,0x22,write8
36372021250,0x388,0x4c,write8
36372119250,0x389,0x02,write8
36372170875,0x388,0x6c,write8
36372268875,0x389,0xa8,write8
36372320625,0x388,0x8c,write8
36372418625,0x389,0xf5,write8
36372470375,0x388,0xec,write8
36372568375,0x389,0x00,write8
36372624750,0x388,0xa4,write8
36372722750,0x389,0x85,write8
36372774250,0x388,0xb4,write8
36372872250,0x389,0x2a,write8
36372932375,0x388,0xb5,write8
36373030500,0x389,0x12,write8
36373083250,0x388,0xc5,write8
36373181250,0x389,0x00,write8
36373233375,0x388,0x2a,write8
36373331375,0x389,0x00,write8
36373383000,0x388,0x4a,write8
36373481000,0x389,0x0c,write8
36373532750,0x388,0x6a,write8
36373630750,0x389,0xc8,write8
36373682500,0x388,0x8a,write8
36373780500,0x389,0x4c,write8
36373832250,0x388,0xea,write8
36373930250,0x389,0x00,write8
36373982375,0x388,0x2d,write8
36374080500,0x389,0x20,write8
36374132250,0x388,0x4d,write8
36374230250,0x389,0x00,write8
36374282000,0x388,0x6d,write8
36374380000,0x389,0xd6,write8
36374431625,0x388,0x8d,write8
36374529625,0x389,0xff,write8
36374581375,0x388,0xed,write8
36374679375,0x389,0x00,write8
36374735125,0x388,0xa5,write8
36374833125,0x389,0x90,write8
36374884750,0x388,0xb5,write8
36374982750,0x389,0x27,write8
36375043500,0x388,0xb6,write8
36375141500,0x389,0x0e,write8
36375194125,0x388,0xc6,write8
36375292125,0x389,0x00,write8
36375344250,0x388,0x30,write8
36375442250,0x389,0x20,write8
36375494000,0x388,0x50,write8
36375592000,0x389,0x00,write8
36375643750,0x388,0x70,write8
36375741750,0x389,0xfa,write8
36375793375,0x388,0x90,write8
36375891375,0x389,0x6a,write8
36375943125,0x388,0xf0,write8
36376041250,0x389,0x00,write8
36376093500,0x388,0x33,write8
36376191500,0x389,0x26,write8
36376243125,0x388,0x53,write8
36376341125,0x389,0x07,write8
36376392875,0x388,0x73,write8
36376490875,0x389,0xaa,write8
36376542625,0x388,0x93,write8
36376640625,0x389,0xfa,write8
36376692375,0x388,0xf3,write8
36376790375,0x389,0x00,write8
36376847875,0x388,0xa6,write8
36376946000,0x389,0x00,write8
36376997500,0x388,0xb6,write8
36377095625,0x389,0x32,write8
36377156750,0x388,0xb7,write8
36377254750,0x389,0x0a,write8
36377307500,0x388,0xc7,write8
36377405500,0x389,0x0a,write8
36377457625,0x388,0x31,write8
36377555625,0x389,0x28,write8
36377607250,0x388,0x51,write8
36377705250,0x389,0x2b,write8
36377757000,0x388,0x71,write8
36377855000,0x389,0xe6,write8
36377906750,0x388,0x91,write8
36378004875,0x389,0x97,write8
36378056500,0x388,0xf1,write8
36378154625,0x389,0x02,write8
36378206750,0x388,0x34,write8
36378304750,0x389,0x22,write8
36378356500,0x388,0x54,write8
36378454500,0x389,0x08,write8
36378506250,0x388,0x74,write8
36378604250,0x389,0xf6,write8
36378655875,0x388,0x94,write8
36378753875,0x389,0xf7,write8
36378805625,0x388,0xf4,write8
36378903625,0x389,0x00,write8
36378961250,0x388,0xa7,write8
36379059375,0x389,0x85,write8
36379111000,0x388,0xb7,write8
36379209000,0x389,0x32,write8
36391926125,0x388,0xb8,write8
36392024250,0x389,0x07,write8
36392077000,0x388,0xc8,write8
36392175000,0x389,0x0a,write8
36392227000,0x388,0x32,write8
36392325000,0x389,0x22,write8
36392376750,0x388,0x52,write8
36392474750,0x389,0x19,write8
36392526500,0x388,0x72,write8
36392624500,0x389,0xc6,write8
36392676250,0x388,0x92,write8
36392774250,0x389,0x77,write8
36392825875,0x388,0xf2,write8
36392923875,0x389,0x00,write8
36392976125,0x388,0x35,write8
36393074250,0x389,0x22,write8
36393126000,0x388,0x55,write8
36393224000,0x389,0x40,write8
36393275625,0x388,0x75,write8
36393373625,0x389,0xf4,write8
36393425375,0x388,0x95,write8
36393523375,0x389,0xf7,write8
36393575125,0x388,0xf5,write8
36393673125,0x389,0x00,write8
36393728875,0x388,0xa8,write8
36393826875,0x389,0x00,write8
36393878375,0x388,0xb8,write8
36393976375,0x389,0x26,write8
36417277125,0x388,0xb5,write8
36417375125,0x389,0x07,write8
36417434500,0x388,0xb7,write8
36417532500,0x389,0x12,write8
36417591375,0x388,0xb6,write8
36417689375,0x389,0x12,write8
36419391500,0x388,0xb3,write8
36419489500,0x389,0x0a,write8
36421501250,0x388,0xb2,write8
36421599250,0x389,0x0a,write8
36423616250,0x388,0xb1,write8
36423714250,0x389,0x0b,write8
36444789000,0x388,0xb4,write8
36444887125,0x389,0x0a,write8
36516584750,0x388,0xb8,write8
36516682750,0x389,0x06,write8
36520806375,0x388,0xb0,write8
36520904375,0x389,0x0e,write8
36537710750,0x388,0xb0,write8
36537808750,0x389,0x0e,write8
36537861375,0x388,0xc0,write8
36537959375,0x389,0x0e,write8
36538011625,0x388,0x20,write8
36538109625,0x389,0x21,write8
36538161375,0x388,0x40,write8
36538259375,0x389,0xcd,write8
36538311000,0x388,0x60,write8
36538409125,0x389,0x98,write8
36538460750,0x388,0x80,write8
36538558750,0x389,0x3f,write8
36538610500,0x388,0xe0,write8
36538708500,0x389,0x00,write8
36538760750,0x388,0x23,write8
36538858750,0x389,0x21,write8
36538910375,0x388,0x43,write8
36539008500,0x389,0x02,write8
36539060250,0x388,0x63,write8
36539158250,0x389,0x65,write8
36539210000,0x388,0x83,write8
36539308000,0x389,0x2a,write8
36539359625,0x388,0xe3,write8
36539457750,0x389,0x00,write8
36539515875,0x388,0xa0,write8
36539613875,0x389,0x3f,write8
36539665500,0x388,0xb0,write8
36539763500,0x389,0x36,write8
36539821625,0x388,0xb1,write8
36539919625,0x389,0x0b,write8
36539972250,0x388,0xc1,write8
36540070000,0x389,0x0e,write8
36540121875,0x388,0x21,write8
36540219500,0x389,0xe6,write8
36540271000,0x388,0x41,write8
36540368750,0x389,0xe7,write8
36540420375,0x388,0x61,write8
36540518000,0x389,0x80,write8
36540569500,0x388,0x81,write8
36540667125,0x389,0x01,write8
36540718625,0x388,0xe1,write8
36540816250,0x389,0x00,write8
36540868250,0x388,0x24,write8
36540965875,0x389,0xe4,write8
36541017500,0x388,0x44,write8
36541115125,0x389,0x8d,write8
36541166625,0x388,0x64,write8
36541264250,0x389,0xf5,write8
36541315750,0x388,0x84,write8
36541413375,0x389,0x07,write8
36541464875,0x388,0xe4,write8
36541563000,0x389,0x00,write8
36541620000,0x388,0xa1,write8
36541718000,0x389,0x3f,write8
36541769500,0x388,0xb1,write8
36541867500,0x389,0x2e,write8
36541926125,0x388,0xb2,write8
36542024250,0x389,0x0a,write8
36542077000,0x388,0xc2,write8
36542175000,0x389,0x0e,write8
36542227125,0x388,0x22,write8
36542325125,0x389,0xe6,write8
36542376750,0x388,0x42,write8
36542474875,0x389,0xe7,write8
36542526500,0x388,0x62,write8
36542624500,0x389,0x80,write8
36542676250,0x388,0x82,write8
36542774250,0x389,0x01,write8
36542826000,0x388,0xe2,write8
36542924000,0x389,0x00,write8
36542976125,0x388,0x25,write8
36543074250,0x389,0xe4,write8
36543126000,0x388,0x45,write8
36543224000,0x389,0x8d,write8
36543275750,0x388,0x65,write8
36543373750,0x389,0xf5,write8
36543425375,0x388,0x85,write8
36543523500,0x389,0x07,write8
36543575125,0x388,0xe5,write8
36543673125,0x389,0x00,write8
36543729500,0x388,0xa2,write8
36543827500,0x389,0x3f,write8
36543879125,0x388,0xb2,write8
36543977125,0x389,0x2a,write8
36544036375,0x388,0xb3,write8
36544134375,0x389,0x0a,write8
36544187000,0x388,0xc3,write8
36544285000,0x389,0x0a,write8
36544337125,0x388,0x28,write8
36544435125,0x389,0x2a,write8
36544486875,0x388,0x48,write8
36544584875,0x389,0x28,write8
36544636625,0x388,0x68,write8
36544734625,0x389,0xe6,write8
36544786250,0x388,0x88,write8
36544884250,0x389,0xd7,write8
36544936000,0x388,0xe8,write8
36545034125,0x389,0x00,write8
36545086375,0x388,0x2b,write8
36545184375,0x389,0x22,write8
36545236000,0x388,0x4b,write8
36545334000,0x389,0x06,write8
36545385750,0x388,0x6b,write8
36545483750,0x389,0xf6,write8
36545535500,0x388,0x8b,write8
36545633500,0x389,0xf7,write8
36545685250,0x388,0xeb,write8
36545783250,0x389,0x00,write8
36545840750,0x388,0xa3,write8
36545938875,0x389,0x3f,write8
36545990375,0x388,0xb3,write8
36546088500,0x389,0x32,write8
36546148125,0x388,0xb4,write8
36546246125,0x389,0x0a,write8
36546298875,0x388,0xc4,write8
36546396875,0x389,0x0a,write8
36546449000,0x388,0x29,write8
36546547000,0x389,0x28,write8
36546598625,0x388,0x49,write8
36546696625,0x389,0x2b,write8
36546748375,0x388,0x69,write8
36546846375,0x389,0xe6,write8
36546898125,0x388,0x89,write8
36546996125,0x389,0x97,write8
36547047875,0x388,0xe9,write8
36547146000,0x389,0x02,write8
36547198125,0x388,0x2c,write8
36547296125,0x389,0x22,write8
36547347875,0x388,0x4c,write8
36547445875,0x389,0x08,write8
36547497625,0x388,0x6c,write8
36547595625,0x389,0xf6,write8
36547647250,0x388,0x8c,write8
36547745250,0x389,0xf7,write8
36547797000,0x388,0xec,write8
36547895000,0x389,0x00,write8
36547952625,0x388,0xa4,write8
36548050750,0x389,0x3f,write8
36548102375,0x388,0xb4,write8
36548200375,0x389,0x32,write8
36548260500,0x388,0xb5,write8
36548358500,0x389,0x07,write8
36548411125,0x388,0xc5,write8
36548509125,0x389,0x00,write8
36548561250,0x388,0x2a,write8
36548659250,0x389,0x00,write8
36548711000,0x388,0x4a,write8
36548809000,0x389,0x0c,write8
36548860625,0x388,0x6a,write8
36548958750,0x389,0xc8,write8
36549010500,0x388,0x8a,write8
36549108500,0x389,0x4c,write8
36549160250,0x388,0xea,write8
36549258250,0x389,0x00,write8
36549310500,0x388,0x2d,write8
36549408500,0x389,0x20,write8
36549460125,0x388,0x4d,write8
36549558125,0x389,0x00,write8
36549609875,0x388,0x6d,write8
36549707875,0x389,0xd6,write8
36549759625,0x388,0x8d,write8
36549857625,0x389,0xff,write8
36549909250,0x388,0xed,write8
36550007500,0x389,0x00,write8
36550063125,0x388,0xa5,write8
36550161125,0x389,0x90,write8
36550212750,0x388,0xb5,write8
36550310750,0x389,0x27,write8
36550371250,0x388,0xb6,write8
36550469375,0x389,0x12,write8
36550522125,0x388,0xc6,write8
36550620125,0x389,0x08,write8
36550672125,0x388,0x30,write8
36550770250,0x389,0x20,write8
36550821875,0x388,0x50,write8
36550919875,0x389,0x24,write8
36550971625,0x388,0x70,write8
36551069750,0x389,0x62,write8
36551121500,0x388,0x90,write8
36551219500,0x389,0x75,write8
36551271125,0x388,0xf0,write8
36551369125,0x389,0x01,write8
36551421375,0x388,0x33,write8
36551519375,0x389,0x22,write8
36551571125,0x388,0x53,write8
36551669125,0x389,0x02,write8
36551720750,0x388,0x73,write8
36551818875,0x389,0xa8,write8
36551870500,0x388,0x93,write8
36551968500,0x389,0xf5,write8
36552020375,0x388,0xf3,write8
36552118375,0x389,0x00,write8
36552174750,0x388,0xa6,write8
36552272750,0x389,0x85,write8
36552324250,0x388,0xb6,write8
36552422375,0x389,0x2a,write8
36563065375,0x388,0xb7,write8
36563163500,0x389,0x12,write8
36563216125,0x388,0xc7,write8
36563314125,0x389,0x0a,write8
36563366250,0x388,0x31,write8
36563464250,0x389,0x22,write8
36563516000,0x388,0x51,write8
36563614000,0x389,0x19,write8
36563665625,0x388,0x71,write8
36563763625,0x389,0xc6,write8
36563815375,0x388,0x91,write8
36563913375,0x389,0x77,write8
36563965125,0x388,0xf1,write8
36564063250,0x389,0x00,write8
36564115500,0x388,0x34,write8
36564213500,0x389,0x22,write8
36564265125,0x388,0x54,write8
36564363125,0x389,0x40,write8
36564414875,0x388,0x74,write8
36564512875,0x389,0xf4,write8
36564564625,0x388,0x94,write8
36564662625,0x389,0xf7,write8
36564714250,0x388,0xf4,write8
36564812250,0x389,0x00,write8
36564868000,0x388,0xa7,write8
36564966000,0x389,0x3f,write8
36565017750,0x388,0xb7,write8
36565115750,0x389,0x26,write8
36567289000,0x388,0xb6,write8
36567387000,0x389,0x0a,write8
36588416625,0x388,0xb4,write8
36588514625,0x389,0x12,write8
36588573000,0x388,0xb5,write8
36588671000,0x389,0x07,write8
36626446375,0x388,0xb2,write8
36626544000,0x389,0x0a,write8
36637013250,0x388,0xb1,write8
36637111250,0x389,0x0e,write8
36708852375,0x388,0xb7,write8
36708950375,0x389,0x06,write8
36713076625,0x388,0xb1,write8
36713174625,0x389,0x0e,write8
36713227375,0x388,0xc1,write8
36713325375,0x389,0x0e,write8
36713377500,0x388,0x21,write8
36713475500,0x389,0xe6,write8
36713527125,0x388,0x41,write8
36713625125,0x389,0xe7,write8
36713676875,0x388,0x61,write8
36713774875,0x389,0x80,write8
36713826625,0x388,0x81,write8
36713924625,0x389,0x01,write8
36713976250,0x388,0xe1,write8
36714074500,0x389,0x00,write8
36714126625,0x388,0x24,write8
36714224625,0x389,0xe4,write8
36714276375,0x388,0x44,write8
36714374375,0x389,0x8d,write8
36714426125,0x388,0x64,write8
36714524125,0x389,0xf5,write8
36714575750,0x388,0x84,write8
36714673750,0x389,0x07,write8
36714725500,0x388,0xe4,write8
36714823500,0x389,0x00,write8
36714879875,0x388,0xa1,write8
36714977875,0x389,0xab,write8
36715029625,0x388,0xb1,write8
36715127625,0x389,0x2a,write8
36715186250,0x388,0xb2,write8
36715284250,0x389,0x0a,write8
36715336875,0x388,0xc2,write8
36715434875,0x389,0x08,write8
36715487000,0x388,0x22,write8
36715585000,0x389,0x20,write8
36715636750,0x388,0x42,write8
36715734750,0x389,0x24,write8
36715786375,0x388,0x62,write8
36715884500,0x389,0x62,write8
36715936125,0x388,0x82,write8
36716034250,0x389,0x75,write8
36716086000,0x388,0xe2,write8
36716184000,0x389,0x01,write8
36716236250,0x388,0x25,write8
36716334250,0x389,0x22,write8
36716385875,0x388,0x45,write8
36716483875,0x389,0x02,write8
36716535625,0x388,0x65,write8
36716633625,0x389,0xa8,write8
36716685375,0x388,0x85,write8
36716783375,0x389,0xf5,write8
36716835000,0x388,0xe5,write8
36716933125,0x389,0x00,write8
36716989375,0x388,0xa2,write8
36717087500,0x389,0x5e,write8
36717139125,0x388,0xb2,write8
36717237125,0x389,0x2b,write8
36717296750,0x388,0xb4,write8
36717394750,0x389,0x12,write8
36717447500,0x388,0xc4,write8
36717545500,0x389,0x00,write8
36717597500,0x388,0x29,write8
36717695625,0x389,0x20,write8
36717747250,0x388,0x49,write8
36717845250,0x389,0x00,write8
36717897000,0x388,0x69,write8
36717995000,0x389,0xfa,write8
36718046875,0x388,0x89,write8
36718144875,0x389,0x6a,write8
36718196500,0x388,0xe9,write8
36718294500,0x389,0x00,write8
36718346750,0x388,0x2c,write8
36718444750,0x389,0x26,write8
36718496500,0x388,0x4c,write8
36718594500,0x389,0x07,write8
36718646125,0x388,0x6c,write8
36718744250,0x389,0xaa,write8
36718795875,0x388,0x8c,write8
36718893875,0x389,0xfa,write8
36718945625,0x388,0xec,write8
36719043750,0x389,0x00,write8
36719100750,0x388,0xa4,write8
36719198750,0x389,0x85,write8
36719250250,0x388,0xb4,write8
36719348375,0x389,0x2e,write8
36744764875,0x388,0xb1,write8
36744862875,0x389,0x0a,write8
36759559125,0x388,0xb4,write8
36759657125,0x389,0x0e,write8
36776460875,0x388,0xb2,write8
36776558875,0x389,0x0b,write8
36803925250,0x388,0xb3,write8
36804023375,0x389,0x12,write8
36879988250,0x388,0xb1,write8
36880086375,0x389,0x0a,write8
36880139000,0x388,0xc1,write8
36880237125,0x389,0x0a,write8
36880289125,0x388,0x21,write8
36880387125,0x389,0x22,write8
36880438875,0x388,0x41,write8
36880536875,0x389,0x19,write8
36880588625,0x388,0x61,write8
36880686625,0x389,0xc6,write8
36880738250,0x388,0x81,write8
36880836250,0x389,0x77,write8
36880888000,0x388,0xe1,write8
36880986000,0x389,0x00,write8
36881038375,0x388,0x24,write8
36881136375,0x389,0x22,write8
36881188000,0x388,0x44,write8
36881286125,0x389,0x40,write8
36881337750,0x388,0x64,write8
36881435750,0x389,0xf4,write8
36881487500,0x388,0x84,write8
36881585500,0x389,0xf7,write8
36881637250,0x388,0xe4,write8
36881735250,0x389,0x00,write8
36881790875,0x388,0xa1,write8
36881888875,0x389,0x3f,write8
36881940500,0x388,0xb1,write8
36882038625,0x389,0x26,write8
36882109375,0x388,0xb2,write8
36882207500,0x389,0x0b,write8
36882260125,0x388,0xc2,write8
36882358125,0x389,0x0a,write8
36882410125,0x388,0x22,write8
36882507750,0x389,0x28,write8
36882559250,0x388,0x42,write8
36882656875,0x389,0x2b,write8
36882708375,0x388,0x62,write8
36882806250,0x389,0xe6,write8
36882857750,0x388,0x82,write8
36882955375,0x389,0x97,write8
36883007000,0x388,0xe2,write8
36883104625,0x389,0x02,write8
36883156625,0x388,0x25,write8
36883254250,0x389,0x22,write8
36883305750,0x388,0x45,write8
36883403375,0x389,0x08,write8
36883454875,0x388,0x65,write8
36883552500,0x389,0xf6,write8
36883604000,0x388,0x85,write8
36883701625,0x389,0xf7,write8
36883753125,0x388,0xe5,write8
36883850750,0x389,0x00,write8
36883906875,0x388,0xa2,write8
36884005125,0x389,0x3f,write8
36884056750,0x388,0xb2,write8
36884154750,0x389,0x2a,write8
36884213875,0x388,0xb3,write8
36884311875,0x389,0x12,write8
36884364500,0x388,0xc3,write8
36884462500,0x389,0x0a,write8
36884514625,0x388,0x28,write8
36884612625,0x389,0x28,write8
36884664375,0x388,0x48,write8
36884762375,0x389,0x2b,write8
36884814125,0x388,0x68,write8
36884912125,0x389,0xe6,write8
36884963750,0x388,0x88,write8
36885061875,0x389,0x97,write8
36885113625,0x388,0xe8,write8
36885211625,0x389,0x02,write8
36885263875,0x388,0x2b,write8
36885361875,0x389,0x22,write8
36885413500,0x388,0x4b,write8
36885511500,0x389,0x08,write8
36885563250,0x388,0x6b,write8
36885661250,0x389,0xf6,write8
36885713000,0x388,0x8b,write8
36885811000,0x389,0xf7,write8
36885862750,0x388,0xeb,write8
36885960750,0x389,0x00,write8
36886017125,0x388,0xa3,write8
36886115125,0x389,0xab,write8
36886166750,0x388,0xb3,write8
36886264750,0x389,0x2a,write8
36886324375,0x388,0xb4,write8
36886422375,0x389,0x0e,write8
36886475125,0x388,0xc4,write8
36886573125,0x389,0x0e,write8
36886625250,0x388,0x29,write8
36886723250,0x389,0xe6,write8
36886774875,0x388,0x49,write8
36886872875,0x389,0xe7,write8
36886924625,0x388,0x69,write8
36887022750,0x389,0x80,write8
36887074500,0x388,0x89,write8
36887172500,0x389,0x01,write8
36887224125,0x388,0xe9,write8
36887322125,0x389,0x00,write8
36887374375,0x388,0x2c,write8
36887472375,0x389,0xe4,write8
36887524125,0x388,0x4c,write8
36887622125,0x389,0x8d,write8
36887673875,0x388,0x6c,write8
36887771875,0x389,0xf5,write8
36887823500,0x388,0x8c,write8
36887921500,0x389,0x07,write8
36887973250,0x388,0xec,write8
36888071375,0x389,0x00,write8
36888127750,0x388,0xa4,write8
36888225750,0x389,0x5e,write8
36888277375,0x388,0xb4,write8
36888375375,0x389,0x2b,write8
36888435500,0x388,0xb5,write8
36888533500,0x389,0x07,write8
36888586125,0x388,0xc5,write8
36888684125,0x389,0x0e,write8
36888736250,0x388,0x2a,write8
36888834250,0x389,0xe6,write8
36888886000,0x388,0x4a,write8
36888984000,0x389,0xe7,write8
36889035750,0x388,0x6a,write8
36889133750,0x389,0x80,write8
36889185500,0x388,0x8a,write8
36889283500,0x389,0x01,write8
36889335250,0x388,0xea,write8
36889433250,0x389,0x00,write8
36889485500,0x388,0x2d,write8
36889583500,0x389,0xe4,write8
36889635125,0x388,0x4d,write8
36889733125,0x389,0x8d,write8
36889784875,0x388,0x6d,write8
36889882875,0x389,0xf5,write8
36889934625,0x388,0x8d,write8
36890032750,0x389,0x07,write8
36890084375,0x388,0xed,write8
36890182375,0x389,0x00,write8
36890239375,0x388,0xa5,write8
36890337375,0x389,0x3f,write8
36890389000,0x388,0xb5,write8
36890487000,0x389,0x2e,write8
36890547625,0x388,0xb6,write8
36890645625,0x389,0x0a,write8
36890698375,0x388,0xc6,write8
36890796375,0x389,0x0e,write8
36890848375,0x388,0x30,write8
36890946500,0x389,0xe6,write8
36890998125,0x388,0x50,write8
36891096250,0x389,0xe7,write8
36891148000,0x388,0x70,write8
36891246000,0x389,0x80,write8
36891297750,0x388,0x90,write8
36891395750,0x389,0x01,write8
36891447375,0x388,0xf0,write8
36891545375,0x389,0x00,write8
36891597625,0x388,0x33,write8
36891695625,0x389,0xe4,write8
36891747375,0x388,0x53,write8
36891845375,0x389,0x8d,write8
36891897000,0x388,0x73,write8
36891995125,0x389,0xf5,write8
36892046875,0x388,0x93,write8
36892144875,0x389,0x07,write8
36892196625,0x388,0xf3,write8
36892294625,0x389,0x00,write8
36892351000,0x388,0xa6,write8
36892449000,0x389,0x3f,write8
36892500500,0x388,0xb6,write8
36892598625,0x389,0x2a,write8
36892659625,0x388,0xb7,write8
36892757750,0x389,0x06,write8
36892810375,0x388,0xc7,write8
36892908375,0x389,0x0a,write8
36892960500,0x388,0x31,write8
36893058625,0x389,0x28,write8
36893110375,0x388,0x51,write8
36893208375,0x389,0x2b,write8
36893260000,0x388,0x71,write8
36893358000,0x389,0xe6,write8
36893409750,0x388,0x91,write8
36893507750,0x389,0x97,write8
36893559500,0x388,0xf1,write8
36893657500,0x389,0x02,write8
36893709625,0x388,0x34,write8
36893807750,0x389,0x22,write8
36893859375,0x388,0x54,write8
36893957375,0x389,0x08,write8
36894009250,0x388,0x74,write8
36894107250,0x389,0xf6,write8
36894159000,0x388,0x94,write8
36894257000,0x389,0xf7,write8
36894308625,0x388,0xf4,write8
36894406625,0x389,0x00,write8
36894464250,0x388,0xa7,write8
36894562250,0x389,0x3f,write8
36894613875,0x388,0xb7,write8
36894711875,0x389,0x32,write8
36894773500,0x388,0xb8,write8
36894871500,0x389,0x06,write8
36894924250,0x388,0xc8,write8
36895022375,0x389,0x00,write8
36895074375,0x388,0x32,write8
36895172500,0x389,0x20,write8
36895224125,0x388,0x52,write8
36895322125,0x389,0x00,write8
36895373875,0x388,0x72,write8
36895471875,0x389,0xfa,write8
36895523625,0x388,0x92,write8
36895621625,0x389,0x6a,write8
36895673250,0x388,0xf2,write8
36895771250,0x389,0x00,write8
36895823500,0x388,0x35,write8
36895921500,0x389,0x26,write8
36895973250,0x388,0x55,write8
36896071375,0x389,0x07,write8
36896123000,0x388,0x75,write8
36896221125,0x389,0xaa,write8
36896272750,0x388,0x95,write8
36896370750,0x389,0xfa,write8
36896422500,0x388,0xf5,write8
36896520500,0x389,0x00,write8
36896577500,0x388,0xa8,write8
36896675375,0x389,0x85,write8
36896726750,0x388,0xb8,write8
36896824375,0x389,0x2e,write8
36928585500,0x388,0xb3,write8
36928683500,0x389,0x0a,write8
36930695000,0x388,0xb2,write8
36930793000,0x389,0x0a,write8
36934923250,0x388,0xb7,write8
36935021500,0x389,0x12,write8
36935081250,0x388,0xb8,write8
36935179250,0x389,0x0e,write8
36945529125,0x388,0xb0,write8
36945627125,0x389,0x16,write8
36972951250,0x388,0xb1,write8
36973049375,0x389,0x06,write8
37004648250,0x388,0xb4,write8
37004746250,0x389,0x0b,write8
37008875125,0x388,0xb6,write8
37008973125,0x389,0x0a,write8
37025777000,0x388,0xb5,write8
37025874625,0x389,0x0e,write8
37046947000,0x388,0xb0,write8
37047045125,0x389,0x16,write8
37047097750,0x388,0xc0,write8
37047195875,0x389,0x0a,write8
37047247875,0x388,0x20,write8
37047345875,0x389,0x22,write8
37047397625,0x388,0x40,write8
37047495625,0x389,0x19,write8
37047547375,0x388,0x60,write8
37047645375,0x389,0xc6,write8
37047697000,0x388,0x80,write8
37047795000,0x389,0x77,write8
37047846750,0x388,0xe0,write8
37047944750,0x389,0x00,write8
37047997000,0x388,0x23,write8
37048095125,0x389,0x22,write8
37048146750,0x388,0x43,write8
37048244875,0x389,0x40,write8
37048296500,0x388,0x63,write8
37048394500,0x389,0xf4,write8
37048446250,0x388,0x83,write8
37048544250,0x389,0xf7,write8
37048596000,0x388,0xe3,write8
37048694000,0x389,0x00,write8
37048749625,0x388,0xa0,write8
37048847750,0x389,0x3f,write8
37048899250,0x388,0xb0,write8
37048997250,0x389,0x26,write8
37055356375,0x388,0xb1,write8
37055454375,0x389,0x06,write8
37055507125,0x388,0xc1,write8
37055605125,0x389,0x0a,write8
37055657250,0x388,0x21,write8
37055755250,0x389,0x28,write8
37055807000,0x388,0x41,write8
37055905000,0x389,0x2b,write8
37055956625,0x388,0x61,write8
37056054750,0x389,0xe6,write8
37056106500,0x388,0x81,write8
37056204500,0x389,0x97,write8
37056256250,0x388,0xe1,write8
37056354250,0x389,0x02,write8
37056406375,0x388,0x24,write8
37056504375,0x389,0x22,write8
37056556125,0x388,0x44,write8
37056654125,0x389,0x08,write8
37056705875,0x388,0x64,write8
37056803875,0x389,0xf6,write8
37056855625,0x388,0x84,write8
37056953625,0x389,0xf7,write8
37057005375,0x388,0xe4,write8
37057103375,0x389,0x00,write8
37057159750,0x388,0xa1,write8
37057257750,0x389,0xab,write8
37057309375,0x388,0xb1,write8
37057407375,0x389,0x2a,write8
37057466000,0x388,0xb2,write8
37057564000,0x389,0x0a,write8
37057616625,0x388,0xc2,write8
37057714750,0x389,0x0a,write8
37057766750,0x388,0x22,write8
37057864750,0x389,0x28,write8
37057916500,0x388,0x42,write8
37058014625,0x389,0x2b,write8
37058066375,0x388,0x62,write8
37058164375,0x389,0xe6,write8
37058216000,0x388,0x82,write8
37058314000,0x389,0x97,write8
37058365750,0x388,0xe2,write8
37058463750,0x389,0x02,write8
37058516000,0x388,0x25,write8
37058614000,0x389,0x22,write8
37058665625,0x388,0x45,write8
37058763750,0x389,0x08,write8
37058815375,0x388,0x65,write8
37058913375,0x389,0xf6,write8
37058965125,0x388,0x85,write8
37059063250,0x389,0xf7,write8
37059115000,0x388,0xe5,write8
37059213000,0x389,0x00,write8
37059269250,0x388,0xa2,write8
37059367375,0x389,0x3f,write8
37059418875,0x388,0xb2,write8
37059516875,0x389,0x2a,write8
37059576000,0x388,0xb3,write8
37059674000,0x389,0x0a,write8
37059726750,0x388,0xc3,write8
37059824750,0x389,0x0e,write8
37059876875,0x388,0x28,write8
37059974875,0x389,0xe6,write8
37060026625,0x388,0x48,write8
37060124625,0x389,0xe7,write8
37060176375,0x388,0x68,write8
37060274375,0x389,0x80,write8
37060326125,0x388,0x88,write8
37060424125,0x389,0x01,write8
37060475750,0x388,0xe8,write8
37060573875,0x389,0x00,write8
37060626000,0x388,0x2b,write8
37060724000,0x389,0xe4,write8
37060775750,0x388,0x4b,write8
37060873750,0x389,0x8d,write8
37060925500,0x388,0x6b,write8
37061023625,0x389,0xf5,write8
37061075250,0x388,0x8b,write8
37061173250,0x389,0x07,write8
37061225000,0x388,0xeb,write8
37061323000,0x389,0x00,write8
37061379375,0x388,0xa3,write8
37061477375,0x389,0xab,write8
37061529000,0x388,0xb3,write8
37061627000,0x389,0x2a,write8
37061686625,0x388,0xb4,write8
37061784625,0x389,0x0b,write8
37061837250,0x388,0xc4,write8
37061935250,0x389,0x00,write8
37061987375,0x388,0x29,write8
37062085500,0x389,0x00,write8
37062137250,0x388,0x49,write8
37062235250,0x389,0x0c,write8
37062286875,0x388,0x69,write8
37062385000,0x389,0xc8,write8
37062436625,0x388,0x89,write8
37062534625,0x389,0x4c,write8
37062586375,0x388,0xe9,write8
37062684375,0x389,0x00,write8
37062736625,0x388,0x2c,write8
37062834625,0x389,0x20,write8
37062886250,0x388,0x4c,write8
37062984250,0x389,0x00,write8
37063036125,0x388,0x6c,write8
37063134125,0x389,0xd6,write8
37063185875,0x388,0x8c,write8
37063283875,0x389,0xff,write8
37063335500,0x388,0xec,write8
37063433625,0x389,0x00,write8
37063489250,0x388,0xa4,write8
37063587250,0x389,0x90,write8
37063638875,0x388,0xb4,write8
37063736875,0x389,0x27,write8
37063797000,0x388,0xb5,write8
37063895000,0x389,0x0e,write8
37063947750,0x388,0xc5,write8
37064045875,0x389,0x08,write8
37064097875,0x388,0x2a,write8
37064195875,0x389,0x20,write8
37064247625,0x388,0x4a,write8
37064345625,0x389,0x24,write8
37064397375,0x388,0x6a,write8
37064495375,0x389,0x62,write8
37064547125,0x388,0x8a,write8
37064645125,0x389,0x75,write8
37064696750,0x388,0xea,write8
37064794750,0x389,0x01,write8
37064847000,0x388,0x2d,write8
37064945000,0x389,0x22,write8
37064996750,0x388,0x4d,write8
37065094875,0x389,0x02,write8
37065146500,0x388,0x6d,write8
37065244500,0x389,0xa8,write8
37065296250,0x388,0x8d,write8
37065394250,0x389,0xf5,write8
37065446000,0x388,0xed,write8
37065544000,0x389,0x00,write8
37065600375,0x388,0xa5,write8
37065698375,0x389,0x5e,write8
37065749875,0x388,0xb5,write8
37065847875,0x389,0x2b,write8
37099725750,0x388,0xb3,write8
37099823750,0x389,0x0a,write8
37103951625,0x388,0xb4,write8
37104049750,0x389,0x07,write8
37108176250,0x388,0xb2,write8
37108274250,0x389,0x0a,write8
37112401375,0x388,0xb1,write8
37112499500,0x389,0x0a,write8
37165219125,0x388,0xb0,write8
37165317125,0x389,0x06,write8
37169447375,0x388,0xb5,write8
37169545375,0x389,0x0b,write8
37207477375,0x388,0xb0,write8
37207575375,0x389,0x06,write8
37207628125,0x388,0xc0,write8
37207726125,0x389,0x0a,write8
37207778250,0x388,0x20,write8
37207876250,0x389,0x22,write8
37207928000,0x388,0x40,write8
37208026125,0x389,0x19,write8
37208077750,0x388,0x60,write8
37208175750,0x389,0xc6,write8
37208227500,0x388,0x80,write8
37208325500,0x389,0x77,write8
37208377250,0x388,0xe0,write8
37208475250,0x389,0x00,write8
37208527375,0x388,0x23,write8
37208625500,0x389,0x22,write8
37208677125,0x388,0x43,write8
37208775125,0x389,0x40,write8
37208826875,0x388,0x63,write8
37208924875,0x389,0xf4,write8
37208976625,0x388,0x83,write8
37209074750,0x389,0xf7,write8
37209126375,0x388,0xe3,write8
37209224375,0x389,0x00,write8
37209279500,0x388,0xa0,write8
37209377500,0x389,0x00,write8
37209429125,0x388,0xb0,write8
37209527125,0x389,0x23,write8
37226496375,0x388,0xb1,write8
37226594375,0x389,0x0a,write8
37226647125,0x388,0xc1,write8
37226745125,0x389,0x0e,write8
37226797125,0x388,0x21,write8
37226895125,0x389,0xe6,write8
37226946875,0x388,0x41,write8
37227045000,0x389,0xe7,write8
37227096750,0x388,0x61,write8
37227194750,0x389,0x80,write8
37227246500,0x388,0x81,write8
37227344500,0x389,0x01,write8
37227396125,0x388,0xe1,write8
37227494125,0x389,0x00,write8
37227546375,0x388,0x24,write8
37227644375,0x389,0xe4,write8
37227696125,0x388,0x44,write8
37227794125,0x389,0x8d,write8
37227845750,0x388,0x64,write8
37227943750,0x389,0xf5,write8
37227995500,0x388,0x84,write8
37228093625,0x389,0x07,write8
37228145375,0x388,0xe4,write8
37228243375,0x389,0x00,write8
37228299750,0x388,0xa1,write8
37228397750,0x389,0x00,write8
37228449250,0x388,0xb1,write8
37228547250,0x389,0x2b,write8
37228605875,0x388,0xb2,write8
37228703875,0x389,0x0a,write8
37228756625,0x388,0xc2,write8
37228854625,0x389,0x0e,write8
37228906750,0x388,0x22,write8
37229004875,0x389,0xe6,write8
37229056500,0x388,0x42,write8
37229154625,0x389,0xe7,write8
37229206250,0x388,0x62,write8
37229304250,0x389,0x80,write8
37229356000,0x388,0x82,write8
37229454000,0x389,0x01,write8
37229505750,0x388,0xe2,write8
37229603750,0x389,0x00,write8
37229655875,0x388,0x25,write8
37229753875,0x389,0xe4,write8
37229805625,0x388,0x45,write8
37229903625,0x389,0x8d,write8
37229955375,0x388,0x65,write8
37230053500,0x389,0xf5,write8
37230105125,0x388,0x85,write8
37230203250,0x389,0x07,write8
37230254875,0x388,0xe5,write8
37230352875,0x389,0x00,write8
37230409250,0x388,0xa2,write8
37230507250,0x389,0xc7,write8
37230558875,0x388,0xb2,write8
37230656875,0x389,0x2b,write8
37230716000,0x388,0xb3,write8
37230814000,0x389,0x0a,write8
37230866625,0x388,0xc3,write8
37230964750,0x389,0x0a,write8
37231016875,0x388,0x28,write8
37231114875,0x389,0x2a,write8
37231166625,0x388,0x48,write8
37231264625,0x389,0x28,write8
37231316375,0x388,0x68,write8
37231414375,0x389,0xe6,write8
37231466000,0x388,0x88,write8
37231564000,0x389,0xd7,write8
37231615750,0x388,0xe8,write8
37231713750,0x389,0x00,write8
37231766000,0x388,0x2b,write8
37231864000,0x389,0x22,write8
37231915625,0x388,0x4b,write8
37232013875,0x389,0x06,write8
37232065500,0x388,0x6b,write8
37232163500,0x389,0xf6,write8
37232215250,0x388,0x8b,write8
37232313250,0x389,0xf7,write8
37232365000,0x388,0xeb,write8
37232463000,0x389,0x00,write8
37232519875,0x388,0xa3,write8
37232618000,0x389,0xc7,write8
37232669500,0x388,0xb3,write8
37232767500,0x389,0x2f,write8
37232827125,0x388,0xb4,write8
37232925125,0x389,0x07,write8
37232977875,0x388,0xc4,write8
37233076000,0x389,0x0e,write8
37233128125,0x388,0x29,write8
37233226125,0x389,0x21,write8
37233277750,0x388,0x49,write8
37233375750,0x389,0xcd,write8
37233427500,0x388,0x69,write8
37233525500,0x389,0x98,write8
37233577250,0x388,0x89,write8
37233675250,0x389,0x3f,write8
37233726875,0x388,0xe9,write8
37233825000,0x389,0x00,write8
37233877125,0x388,0x2c,write8
37233975125,0x389,0x21,write8
37234027000,0x388,0x4c,write8
37234125000,0x389,0x02,write8
37234176750,0x388,0x6c,write8
37234274750,0x389,0x65,write8
37234326375,0x388,0x8c,write8
37234424375,0x389,0x2a,write8
37234476125,0x388,0xec,write8
37234574125,0x389,0x00,write8
37234631750,0x388,0xa4,write8
37234729750,0x389,0xc7,write8
37234781375,0x388,0xb4,write8
37234879375,0x389,0x33,write8
37234939500,0x388,0xb5,write8
37235037625,0x389,0x0b,write8
37235090250,0x388,0xc5,write8
37235188250,0x389,0x0a,write8
37235240375,0x388,0x2a,write8
37235338375,0x389,0x28,write8
37235390125,0x388,0x4a,write8
37235488125,0x389,0x2b,write8
37235539750,0x388,0x6a,write8
37235637875,0x389,0xe6,write8
37235689500,0x388,0x8a,write8
37235787500,0x389,0x97,write8
37235839250,0x388,0xea,write8
37235937250,0x389,0x02,write8
37235989500,0x388,0x2d,write8
37236087625,0x389,0x22,write8
37236139250,0x388,0x4d,write8
37236237250,0x389,0x08,write8
37236289000,0x388,0x6d,write8
37236387000,0x389,0xf6,write8
37236438750,0x388,0x8d,write8
37236536750,0x389,0xf7,write8
37236588375,0x388,0xed,write8
37236686500,0x389,0x00,write8
37236743375,0x388,0xa5,write8
37236841375,0x389,0xc7,write8
37236893000,0x388,0xb5,write8
37236991000,0x389,0x2f,write8
37237051750,0x388,0xb6,write8
37237149750,0x389,0x0a,write8
37237202500,0x388,0xc6,write8
37237300500,0x389,0x08,write8
37237352625,0x388,0x30,write8
37237450625,0x389,0x20,write8
37237502250,0x388,0x50,write8
37237600250,0x389,0x24,write8
37237652000,0x388,0x70,write8
37237750000,0x389,0x62,write8
37237801750,0x388,0x90,write8
37237899750,0x389,0x75,write8
37237951375,0x388,0xf0,write8
37238049500,0x389,0x01,write8
37238101750,0x388,0x33,write8
37238199750,0x389,0x22,write8
37238251500,0x388,0x53,write8
37238349500,0x389,0x02,write8
37238401250,0x388,0x73,write8
37238499250,0x389,0xa8,write8
37238550875,0x388,0x93,write8
37238648875,0x389,0xf5,write8
37238700625,0x388,0xf3,write8
37238798625,0x389,0x00,write8
37238855000,0x388,0xa6,write8
37238953000,0x389,0x85,write8
37239004750,0x388,0xb6,write8
37239102625,0x389,0x2a,write8
37239163500,0x388,0xb7,write8
37239261125,0x389,0x12,write8
37239313625,0x388,0xc7,write8
37239411250,0x389,0x00,write8
37239463250,0x388,0x31,write8
37239561000,0x389,0x00,write8
37239612500,0x388,0x51,write8
37239710125,0x389,0x0c,write8
37239761625,0x388,0x71,write8
37239859250,0x389,0xc8,write8
37239910750,0x388,0x91,write8
37240008500,0x389,0x4c,write8
37240060000,0x388,0xf1,write8
37240157625,0x389,0x00,write8
37240209625,0x388,0x34,write8
37240307250,0x389,0x20,write8
37240358750,0x388,0x54,write8
37240456375,0x389,0x00,write8
37240507875,0x388,0x74,write8
37240605500,0x389,0xd6,write8
37240657375,0x388,0x94,write8
37240755375,0x389,0xff,write8
37240807000,0x388,0xf4,write8
37240905000,0x389,0x00,write8
37240960750,0x388,0xa7,write8
37241058875,0x389,0x90,write8
37241110500,0x388,0xb7,write8
37241208500,0x389,0x27,write8
37256076875,0x388,0xb8,write8
37256174875,0x389,0x0e,write8
37256227625,0x388,0xc8,write8
37256325625,0x389,0x0a,write8
37256377625,0x388,0x32,write8
37256475625,0x389,0x28,write8
37256527375,0x388,0x52,write8
37256625375,0x389,0x2b,write8
37256677125,0x388,0x72,write8
37256775125,0x389,0xe6,write8
37256826750,0x388,0x92,write8
37256924750,0x389,0x97,write8
37256976500,0x388,0xf2,write8
37257074625,0x389,0x02,write8
37257126875,0x388,0x35,write8
37257224875,0x389,0x22,write8
37257276625,0x388,0x55,write8
37257374625,0x389,0x08,write8
37257426250,0x388,0x75,write8
37257524250,0x389,0xf6,write8
37257576000,0x388,0x95,write8
37257674000,0x389,0xf7,write8
37257725750,0x388,0xf5,write8
37257823750,0x389,0x00,write8
37257880750,0x388,0xa8,write8
37257978750,0x389,0x00,write8
37258030375,0x388,0xb8,write8
37258128375,0x389,0x2f,write8
37275092125,0x388,0xb5,write8
37275190125,0x389,0x0f,write8
37275249500,0x388,0xb7,write8
37275347500,0x389,0x07,write8
37291996000,0x388,0xb8,write8
37292094125,0x389,0x0f,write8
37315233500,0x388,0xb6,write8
37315331500,0x389,0x0a,write8
37325801625,0x388,0xb5,write8
37325899250,0x389,0x0f,write8
37325951750,0x388,0xc5,write8
37326049500,0x389,0x0a,write8
37326101375,0x388,0x2a,write8
37326199000,0x389,0x28,write8
37326250750,0x388,0x4a,write8
37326348750,0x389,0x2b,write8
37326400500,0x388,0x6a,write8
37326498500,0x389,0xe6,write8
37326550125,0x388,0x8a,write8
37326648250,0x389,0x97,write8
37326699875,0x388,0xea,write8
37326797875,0x389,0x02,write8
37326850125,0x388,0x2d,write8
37326948125,0x389,0x22,write8
37326999875,0x388,0x4d,write8
37327098000,0x389,0x08,write8
37327149625,0x388,0x6d,write8
37327247625,0x389,0xf6,write8
37327299375,0x388,0x8d,write8
37327397375,0x389,0xf7,write8
37327449125,0x388,0xed,write8
37327547125,0x389,0x00,write8
37327603500,0x388,0xa5,write8
37327701500,0x389,0xc7,write8
37327753000,0x388,0xb5,write8
37327851000,0x389,0x2b,write8
37330023250,0x388,0xb0,write8
37330121250,0x389,0x03,write8
37376508500,0x388,0xb5,write8
37376606500,0x389,0x0b,write8
37391294250,0x388,0xb0,write8
37391392250,0x389,0x03,write8
37391445000,0x388,0xc0,write8
37391543000,0x389,0x0a,write8
37391595000,0x388,0x20,write8
37391693000,0x389,0x22,write8
37391744750,0x388,0x40,write8
37391842750,0x389,0x19,write8
37391894500,0x388,0x60,write8
37391992500,0x389,0xc6,write8
37392044375,0x388,0x80,write8
37392142375,0x389,0x77,write8
37392194000,0x388,0xe0,write8
37392292000,0x389,0x00,write8
37392344250,0x388,0x23,write8
37392442250,0x389,0x22,write8
37392494000,0x388,0x43,write8
37392592000,0x389,0x40,write8
37392643625,0x388,0x63,write8
37392741625,0x389,0xf4,write8
37392793375,0x388,0x83,write8
37392891375,0x389,0xf7,write8
37392943125,0x388,0xe3,write8
37393041250,0x389,0x00,write8
37393096375,0x388,0xa0,write8
37393194375,0x389,0x00,write8
37393245875,0x388,0xb0,write8
37393343875,0x389,0x23,write8
37397638250,0x388,0xb5,write8
37397736250,0x389,0x0b,write8
37397788875,0x388,0xc5,write8
37397886875,0x389,0x00,write8
37397939000,0x388,0x2a,write8
37398037125,0x389,0x00,write8
37398088875,0x388,0x4a,write8
37398186875,0x389,0x0c,write8
37398238500,0x388,0x6a,write8
37398336625,0x389,0xc8,write8
37398388250,0x388,0x8a,write8
37398486250,0x389,0x4c,write8
37398538000,0x388,0xea,write8
37398636000,0x389,0x00,write8
37398688250,0x388,0x2d,write8
37398786250,0x389,0x20,write8
37398837875,0x388,0x4d,write8
37398935875,0x389,0x00,write8
37398987625,0x388,0x6d,write8
37399085750,0x389,0xd6,write8
37399137500,0x388,0x8d,write8
37399235500,0x389,0xff,write8
37399287125,0x388,0xed,write8
37399385250,0x389,0x00,write8
37399440875,0x388,0xa5,write8
37399538875,0x389,0x90,write8
37399590500,0x388,0xb5,write8
37399688500,0x389,0x27,write8
37412425750,0x388,0xb6,write8
37412523750,0x389,0x0a,write8
37412576500,0x388,0xc6,write8
37412674500,0x389,0x0a,write8
37412726500,0x388,0x30,write8
37412824500,0x389,0x28,write8
37412876250,0x388,0x50,write8
37412974250,0x389,0x2b,write8
37413026125,0x388,0x70,write8
37413124125,0x389,0xe6,write8
37413175875,0x388,0x90,write8
37413273875,0x389,0x97,write8
37413325500,0x388,0xf0,write8
37413423500,0x389,0x02,write8
37413475750,0x388,0x33,write8
37413573750,0x389,0x22,write8
37413625500,0x388,0x53,write8
37413723500,0x389,0x08,write8
37413775125,0x388,0x73,write8
37413873125,0x389,0xf6,write8
37413924875,0x388,0x93,write8
37414023000,0x389,0xf7,write8
37414074750,0x388,0xf3,write8
37414172750,0x389,0x00,write8
37414229750,0x388,0xa6,write8
37414327750,0x389,0x00,write8
37414379250,0x388,0xb6,write8
37414477250,0x389,0x2f,write8
37437777875,0x388,0xb5,write8
37437875875,0x389,0x07,write8
37452570750,0x388,0xb6,write8
37452668750,0x389,0x0f,write8
37486374250,0x388,0xb2,write8
37486472250,0x389,0x0b,write8
37488483750,0x388,0xb1,write8
37488581750,0x389,0x0b,write8
37492711000,0x388,0xb1,write8
37492809000,0x389,0x0b,write8
37492861750,0x388,0xc1,write8
37492959750,0x389,0x0a,write8
37493011875,0x388,0x21,write8
37493109875,0x389,0x28,write8
37493161625,0x388,0x41,write8
37493259625,0x389,0x2b,write8
37493311250,0x388,0x61,write8
37493409250,0x389,0xe6,write8
37493461000,0x388,0x81,write8
37493559000,0x389,0x97,write8
37493610750,0x388,0xe1,write8
37493708750,0x389,0x02,write8
37493760875,0x388,0x24,write8
37493859000,0x389,0x22,write8
37493910625,0x388,0x44,write8
37494008750,0x389,0x08,write8
37494060500,0x388,0x64,write8
37494158500,0x389,0xf6,write8
37494210250,0x388,0x84,write8
37494308250,0x389,0xf7,write8
37494359875,0x388,0xe4,write8
37494457875,0x389,0x00,write8
37494514250,0x388,0xa1,write8
37494612250,0x389,0xc7,write8
37494663875,0x388,0xb1,write8
37494761875,0x389,0x2b,write8
37505387375,0x388,0xb3,write8
37505485375,0x389,0x0f,write8
37537124250,0x388,0xb1,write8
37537222250,0x389,0x0b,write8
37549758375,0x388,0xb0,write8
37549856375,0x389,0x03,write8
37558211375,0x388,0xb0,write8
37558309375,0x389,0x03,write8
37558362000,0x388,0xc0,write8
37558460000,0x389,0x0e,write8
37558512125,0x388,0x20,write8
37558610125,0x389,0xe6,write8
37558661875,0x388,0x40,write8
37558759875,0x389,0xe7,write8
37558811500,0x388,0x60,write8
37558909625,0x389,0x80,write8
37558961250,0x388,0x80,write8
37559059375,0x389,0x01,write8
37559111125,0x388,0xe0,write8
37559209125,0x389,0x00,write8
37559261375,0x388,0x23,write8
37559359375,0x389,0xe4,write8
37559411000,0x388,0x43,write8
37559509000,0x389,0x8d,write8
37559560750,0x388,0x63,write8
37559658750,0x389,0xf5,write8
37559710500,0x388,0x83,write8
37559808500,0x389,0x07,write8
37559860125,0x388,0xe3,write8
37559958250,0x389,0x00,write8
37560014625,0x388,0xa0,write8
37560112625,0x389,0x3f,write8
37560164250,0x388,0xb0,write8
37560262250,0x389,0x2a,write8
37560320375,0x388,0xb1,write8
37560418375,0x389,0x0b,write8
37560471125,0x388,0xc1,write8
37560569125,0x389,0x0e,write8
37560621125,0x388,0x21,write8
37560719250,0x389,0xe6,write8
37560770875,0x388,0x41,write8
37560868875,0x389,0xe7,write8
37560920625,0x388,0x61,write8
37561018750,0x389,0x80,write8
37561070500,0x388,0x81,write8
37561168500,0x389,0x01,write8
37561220125,0x388,0xe1,write8
37561318125,0x389,0x00,write8
37561370375,0x388,0x24,write8
37561468375,0x389,0xe4,write8
37561520125,0x388,0x44,write8
37561618125,0x389,0x8d,write8
37561669750,0x388,0x64,write8
37561767875,0x389,0xf5,write8
37561819500,0x388,0x84,write8
37561917500,0x389,0x07,write8
37561969250,0x388,0xe4,write8
37562067375,0x389,0x00,write8
37562123750,0x388,0xa1,write8
37562221750,0x389,0x00,write8
37562273250,0x388,0xb1,write8
37562371375,0x389,0x2b,write8
37562429875,0x388,0xb2,write8
37562527875,0x389,0x0b,write8
37562580625,0x388,0xc2,write8
37562678625,0x389,0x0e,write8
37562730750,0x388,0x22,write8
37562828750,0x389,0xe6,write8
37562880500,0x388,0x42,write8
37562978500,0x389,0xe7,write8
37563030250,0x388,0x62,write8
37563128250,0x389,0x80,write8
37563180000,0x388,0x82,write8
37563278000,0x389,0x01,write8
37563329750,0x388,0xe2,write8
37563427750,0x389,0x00,write8
37563479875,0x388,0x25,write8
37563577875,0x389,0xe4,write8
37563629625,0x388,0x45,write8
37563727625,0x389,0x8d,write8
37563779375,0x388,0x65,write8
37563877375,0x389,0xf5,write8
37563929125,0x388,0x85,write8
37564027250,0x389,0x07,write8
37564078875,0x388,0xe5,write8
37564176875,0x389,0x00,write8
37564233250,0x388,0xa2,write8
37564331250,0x389,0xc7,write8
37564382875,0x388,0xb2,write8
37564480875,0x389,0x2b,write8
37564540000,0x388,0xb3,write8
37564638000,0x389,0x0f,write8
37564690750,0x388,0xc3,write8
37564788750,0x389,0x08,write8
37564840750,0x388,0x28,write8
37564938750,0x389,0x20,write8
37564990500,0x388,0x48,write8
37565088625,0x389,0x24,write8
37565140375,0x388,0x68,write8
37565238375,0x389,0x62,write8
37565290000,0x388,0x88,write8
37565388000,0x389,0x75,write8
37565439750,0x388,0xe8,write8
37565537750,0x389,0x01,write8
37565590000,0x388,0x2b,write8
37565688000,0x389,0x22,write8
37565739750,0x388,0x4b,write8
37565837750,0x389,0x02,write8
37565889375,0x388,0x6b,write8
37565987375,0x389,0xa8,write8
37566039250,0x388,0x8b,write8
37566137250,0x389,0xf5,write8
37566189000,0x388,0xeb,write8
37566287000,0x389,0x00,write8
37566343375,0x388,0xa3,write8
37566441375,0x389,0x85,write8
37566492875,0x388,0xb3,write8
37566590875,0x389,0x2a,write8
37568775125,0x388,0xb5,write8
37568873250,0x389,0x07,write8
37568926000,0x388,0xc5,write8
37569024125,0x389,0x0a,write8
37569076250,0x388,0x2a,write8
37569174250,0x389,0x28,write8
37569225875,0x388,0x4a,write8
37569323875,0x389,0x2b,write8
37569375625,0x388,0x6a,write8
37569473625,0x389,0xe6,write8
37569525375,0x388,0x8a,write8
37569623375,0x389,0x97,write8
37569675000,0x388,0xea,write8
37569773000,0x389,0x02,write8
37569825250,0x388,0x2d,write8
37569923250,0x389,0x22,write8
37569975000,0x388,0x4d,write8
37570073125,0x389,0x08,write8
37570124875,0x388,0x6d,write8
37570222875,0x389,0xf6,write8
37570274500,0x388,0x8d,write8
37570372500,0x389,0xf7,write8
37570424250,0x388,0xed,write8
37570522250,0x389,0x00,write8
37570579250,0x388,0xa5,write8
37570677250,0x389,0x00,write8
37570728875,0x388,0xb5,write8
37570826875,0x389,0x2f,write8
37608962750,0x388,0xb5,write8
37609060875,0x389,0x0f,write8
37636382000,0x388,0xb0,write8
37636480000,0x389,0x0a,write8
37636537375,0x388,0xb0,write8
37636635500,0x389,0x0a,write8
37636688125,0x388,0xc0,write8
37636786125,0x389,0x0a,write8
37636838250,0x388,0x20,write8
37636936250,0x389,0x28,write8
37636988000,0x388,0x40,write8
37637086125,0x389,0x2b,write8
37637137750,0x388,0x60,write8
37637235750,0x389,0xe6,write8
37637287500,0x388,0x80,write8
37637385500,0x389,0x97,write8
37637437250,0x388,0xe0,write8
37637535250,0x389,0x02,write8
37637587375,0x388,0x23,write8
37637685500,0x389,0x22,write8
37637737125,0x388,0x43,write8
37637835125,0x389,0x08,write8
37637886875,0x388,0x63,write8
37637984875,0x389,0xf6,write8
37638036750,0x388,0x83,write8
37638134750,0x389,0xf7,write8
37638186375,0x388,0xe3,write8
37638284375,0x389,0x00,write8
37638340750,0x388,0xa0,write8
37638438750,0x389,0xc7,write8
37638490500,0x388,0xb0,write8
37638588500,0x389,0x2b,write8
37638656875,0x388,0xb1,write8
37638754500,0x389,0x0b,write8
37642767000,0x388,0xb3,write8
37642865125,0x389,0x0a,write8
37642922125,0x388,0xb2,write8
37643020250,0x389,0x0b,write8
37651176500,0x388,0xb4,write8
37651274500,0x389,0x13,write8
37680754375,0x388,0xb0,write8
37680852375,0x389,0x0b,write8
37720897000,0x388,0xb0,write8
37720995000,0x389,0x0b,write8
37721047875,0x388,0xc0,write8
37721145875,0x389,0x0a,write8
37721198000,0x388,0x20,write8
37721296000,0x389,0x28,write8
37721347625,0x388,0x40,write8
37721445625,0x389,0x2b,write8
37721497375,0x388,0x60,write8
37721595375,0x389,0xe6,write8
37721647125,0x388,0x80,write8
37721745125,0x389,0x97,write8
37721796750,0x388,0xe0,write8
37721894875,0x389,0x02,write8
37721947000,0x388,0x23,write8
37722045125,0x389,0x22,write8
37722096875,0x388,0x43,write8
37722194875,0x389,0x08,write8
37722246625,0x388,0x63,write8
37722344625,0x389,0xf6,write8
37722396250,0x388,0x83,write8
37722494250,0x389,0xf7,write8
37722546000,0x388,0xe3,write8
37722644000,0x389,0x00,write8
37722701000,0x388,0xa0,write8
37722799000,0x389,0x00,write8
37722850625,0x388,0xb0,write8
37722948625,0x389,0x2f,write8
37725123125,0x388,0xb1,write8
37725220750,0x389,0x0b,write8
37725273250,0x388,0xc1,write8
37725370875,0x389,0x0e,write8
37725422750,0x388,0x21,write8
37725520375,0x389,0xe6,write8
37725571875,0x388,0x41,write8
37725669500,0x389,0xe7,write8
37725721000,0x388,0x61,write8
37725819125,0x389,0x80,write8
37725870875,0x388,0x81,write8
37725968875,0x389,0x01,write8
37726020625,0x388,0xe1,write8
37726118625,0x389,0x00,write8
37726170875,0x388,0x24,write8
37726268875,0x389,0xe4,write8
37726320625,0x388,0x44,write8
37726418625,0x389,0x8d,write8
37726470375,0x388,0x64,write8
37726568375,0x389,0xf5,write8
37726620000,0x388,0x84,write8
37726718000,0x389,0x07,write8
37726769750,0x388,0xe4,write8
37726867750,0x389,0x00,write8
37726924125,0x388,0xa1,write8
37727022250,0x389,0x3f,write8
37727073875,0x388,0xb1,write8
37727171875,0x389,0x2a,write8
37727230375,0x388,0xb2,write8
37727328500,0x389,0x0b,write8
37727381125,0x388,0xc2,write8
37727479125,0x389,0x0e,write8
37727531250,0x388,0x22,write8
37727629250,0x389,0xe6,write8
37727681000,0x388,0x42,write8
37727779000,0x389,0xe7,write8
37727830625,0x388,0x62,write8
37727928625,0x389,0x80,write8
37727980375,0x388,0x82,write8
37728078500,0x389,0x01,write8
37728130250,0x388,0xe2,write8
37728228250,0x389,0x00,write8
37728280375,0x388,0x25,write8
37728378500,0x389,0xe4,write8
37728430125,0x388,0x45,write8
37728528125,0x389,0x8d,write8
37728579875,0x388,0x65,write8
37728677875,0x389,0xf5,write8
37728729625,0x388,0x85,write8
37728827625,0x389,0x07,write8
37728879250,0x388,0xe5,write8
37728977250,0x389,0x00,write8
37729033750,0x388,0xa2,write8
37729131750,0x389,0xc7,write8
37729183375,0x388,0xb2,write8
37729281375,0x389,0x2b,write8
37729340500,0x388,0xb3,write8
37729438500,0x389,0x0a,write8
37729491250,0x388,0xc3,write8
37729589250,0x389,0x0e,write8
37729641250,0x388,0x28,write8
37729739250,0x389,0xe6,write8
37729791000,0x388,0x48,write8
37729889000,0x389,0xe7,write8
37729940750,0x388,0x68,write8
37730038875,0x389,0x80,write8
37730090500,0x388,0x88,write8
37730188625,0x389,0x01,write8
37730240250,0x388,0xe8,write8
37730338250,0x389,0x00,write8
37730390500,0x388,0x2b,write8
37730488500,0x389,0xe4,write8
37730540250,0x388,0x4b,write8
37730638250,0x389,0x8d,write8
37730689875,0x388,0x6b,write8
37730787875,0x389,0xf5,write8
37730839625,0x388,0x8b,write8
37730937625,0x389,0x07,write8
37730989375,0x388,0xeb,write8
37731087500,0x389,0x00,write8
37731143875,0x388,0xa3,write8
37731241875,0x389,0x00,write8
37731293375,0x388,0xb3,write8
37731391375,0x389,0x2b,write8
37731451000,0x388,0xb4,write8
37731549000,0x389,0x13,write8
37731601750,0x388,0xc4,write8
37731699750,0x389,0x0a,write8
37731751875,0x388,0x29,write8
37731849875,0x389,0x2a,write8
37731901500,0x388,0x49,write8
37731999625,0x389,0x28,write8
37732051375,0x388,0x69,write8
37732149375,0x389,0xe6,write8
37732201125,0x388,0x89,write8
37732299125,0x389,0xd7,write8
37732350875,0x388,0xe9,write8
37732448875,0x389,0x00,write8
37732501000,0x388,0x2c,write8
37732599000,0x389,0x22,write8
37732650750,0x388,0x4c,write8
37732748750,0x389,0x06,write8
37732800500,0x388,0x6c,write8
37732898500,0x389,0xf6,write8
37732950125,0x388,0x8c,write8
37733048375,0x389,0xf7,write8
37733100000,0x388,0xec,write8
37733198000,0x389,0x00,write8
37733255625,0x388,0xa4,write8
37733353625,0x389,0x00,write8
37733405250,0x388,0xb4,write8
37733503250,0x389,0x32,write8
37733563375,0x388,0xb5,write8
37733661375,0x389,0x0f,write8
37733714000,0x388,0xc5,write8
37733812125,0x389,0x0e,write8
37733864125,0x388,0x2a,write8
37733962125,0x389,0x21,write8
37734013875,0x388,0x4a,write8
37734111875,0x389,0xcd,write8
37734163625,0x388,0x6a,write8
37734261625,0x389,0x98,write8
37734313250,0x388,0x8a,write8
37734411250,0x389,0x3f,write8
37734463000,0x388,0xea,write8
37734561000,0x389,0x00,write8
37734613250,0x388,0x2d,write8
37734711250,0x389,0x21,write8
37734762875,0x388,0x4d,write8
37734861000,0x389,0x02,write8
37734912625,0x388,0x6d,write8
37735010750,0x389,0x65,write8
37735062500,0x388,0x8d,write8
37735160500,0x389,0x2a,write8
37735212250,0x388,0xed,write8
37735310250,0x389,0x00,write8
37735368500,0x388,0xa5,write8
37735466500,0x389,0x00,write8
37735518000,0x388,0xb5,write8
37735616000,0x389,0x36,write8
37735676625,0x388,0xb6,write8
37735774625,0x389,0x0f,write8
37735827375,0x388,0xc6,write8
37735925375,0x389,0x08,write8
37735977500,0x388,0x30,write8
37736075625,0x389,0x20,write8
37736127250,0x388,0x50,write8
37736225375,0x389,0x24,write8
37736277000,0x388,0x70,write8
37736375000,0x389,0x62,write8
37736426750,0x388,0x90,write8
37736524750,0x389,0x75,write8
37736576500,0x388,0xf0,write8
37736674500,0x389,0x01,write8
37736726625,0x388,0x33,write8
37736824625,0x389,0x22,write8
37736876375,0x388,0x53,write8
37736974375,0x389,0x02,write8
37737026250,0x388,0x73,write8
37737124250,0x389,0xa8,write8
37737175875,0x388,0x93,write8
37737274000,0x389,0xf5,write8
37737325625,0x388,0xf3,write8
37737423625,0x389,0x00,write8
37737480000,0x388,0xa6,write8
37737578000,0x389,0x85,write8
37737629625,0x388,0xb6,write8
37737727625,0x389,0x2a,write8
37737788750,0x388,0xb7,write8
37737886750,0x389,0x07,write8
37737939375,0x388,0xc7,write8
37738037625,0x389,0x00,write8
37738089625,0x388,0x31,write8
37738187625,0x389,0x20,write8
37738239375,0x388,0x51,write8
37738337375,0x389,0x00,write8
37738389125,0x388,0x71,write8
37738487000,0x389,0xfa,write8
37738538500,0x388,0x91,write8
37738636125,0x389,0x6a,write8
37738687625,0x388,0xf1,write8
37738785250,0x389,0x00,write8
37738837375,0x388,0x34,write8
37738935125,0x389,0x26,write8
37738986625,0x388,0x54,write8
37739084375,0x389,0x07,write8
37739135875,0x388,0x74,write8
37739233500,0x389,0xaa,write8
37739285000,0x388,0x94,write8
37739382625,0x389,0xfa,write8
37739434125,0x388,0xf4,write8
37739531750,0x389,0x00,write8
37739588500,0x388,0xa7,write8
37739686125,0x389,0x85,write8
37739737500,0x388,0xb7,write8
37739835125,0x389,0x2e,write8
37765265000,0x388,0xb0,write8
37765363000,0x389,0x0f,write8
37775835375,0x388,0xb7,write8
37775933375,0x389,0x0e,write8
37801189125,0x388,0xb6,write8
37801287125,0x389,0x0a,write8
37801344625,0x388,0xb0,write8
37801442625,0x389,0x0f,write8
37801495250,0x388,0xc0,write8
37801593375,0x389,0x0a,write8
37801645375,0x388,0x20,write8
37801743375,0x389,0x28,write8
37801795125,0x388,0x40,write8
37801893125,0x389,0x2b,write8
37801944875,0x388,0x60,write8
37802043000,0x389,0xe6,write8
37802094625,0x388,0x80,write8
37802192625,0x389,0x97,write8
37802244375,0x388,0xe0,write8
37802342375,0x389,0x02,write8
37802394625,0x388,0x23,write8
37802492625,0x389,0x22,write8
37802544250,0x388,0x43,write8
37802642375,0x389,0x08,write8
37802694000,0x388,0x63,write8
37802792000,0x389,0xf6,write8
37802843750,0x388,0x83,write8
37802941750,0x389,0xf7,write8
37802993500,0x388,0xe3,write8
37803091625,0x389,0x00,write8
37803147875,0x388,0xa0,write8
37803246000,0x389,0xc7,write8
37803297625,0x388,0xb0,write8
37803395625,0x389,0x2b,write8
37826541625,0x388,0xb3,write8
37826639625,0x389,0x0b,write8
37834992000,0x388,0xb1,write8
37835090125,0x389,0x0a,write8
37837102750,0x388,0xb2,write8
37837200750,0x389,0x0b,write8
37860347375,0x388,0xb4,write8
37860445500,0x389,0x12,write8
37870909125,0x388,0xb1,write8
37871007250,0x389,0x0a,write8
37871060000,0x388,0xc1,write8
37871158000,0x389,0x0a,write8
37871210000,0x388,0x21,write8
37871308000,0x389,0x28,write8
37871359750,0x388,0x41,write8
37871457750,0x389,0x2b,write8
37871509500,0x388,0x61,write8
37871607500,0x389,0xe6,write8
37871659125,0x388,0x81,write8
37871757250,0x389,0x97,write8
37871808875,0x388,0xe1,write8
37871906875,0x389,0x02,write8
37871959125,0x388,0x24,write8
37872057250,0x389,0x22,write8
37872109000,0x388,0x44,write8
37872207000,0x389,0x08,write8
37872258625,0x388,0x64,write8
37872356625,0x389,0xf6,write8
37872408375,0x388,0x84,write8
37872506375,0x389,0xf7,write8
37872558125,0x388,0xe4,write8
37872656125,0x389,0x00,write8
37872713125,0x388,0xa1,write8
37872811125,0x389,0x00,write8
37872862625,0x388,0xb1,write8
37872960625,0x389,0x2f,write8
37885702000,0x388,0xb5,write8
37885800000,0x389,0x16,write8
37898379125,0x388,0xb2,write8
37898477125,0x389,0x0b,write8
37898529875,0x388,0xc2,write8
37898627875,0x389,0x0e,write8
37898680000,0x388,0x22,write8
37898778000,0x389,0x21,write8
37898829625,0x388,0x42,write8
37898927750,0x389,0xcd,write8
37898979375,0x388,0x62,write8
37899077500,0x389,0x98,write8
37899129250,0x388,0x82,write8
37899227250,0x389,0x3f,write8
37899279000,0x388,0xe2,write8
37899377000,0x389,0x00,write8
37899429125,0x388,0x25,write8
37899527125,0x389,0x21,write8
37899578875,0x388,0x45,write8
37899676875,0x389,0x02,write8
37899728625,0x388,0x65,write8
37899826625,0x389,0x65,write8
37899878250,0x388,0x85,write8
37899976375,0x389,0x2a,write8
37900028125,0x388,0xe5,write8
37900126125,0x389,0x00,write8
37900183750,0x388,0xa2,write8
37900281750,0x389,0xc7,write8
37900333375,0x388,0xb2,write8
37900431375,0x389,0x33,write8
37900490500,0x388,0xb3,write8
37900588500,0x389,0x0b,write8
37900641125,0x388,0xc3,write8
37900739250,0x389,0x0a,write8
37900791250,0x388,0x28,write8
37900889250,0x389,0x2a,write8
37900941000,0x388,0x48,write8
37901039125,0x389,0x28,write8
37901090875,0x388,0x68,write8
37901188875,0x389,0xe6,write8
37901240500,0x388,0x88,write8
37901338500,0x389,0xd7,write8
37901390250,0x388,0xe8,write8
37901488250,0x389,0x00,write8
37901540500,0x388,0x2b,write8
37901638500,0x389,0x22,write8
37901690250,0x388,0x4b,write8
37901788250,0x389,0x06,write8
37901839875,0x388,0x6b,write8
37901937875,0x389,0xf6,write8
37901989625,0x388,0x8b,write8
37902087750,0x389,0xf7,write8
37902139500,0x388,0xeb,write8
37902237500,0x389,0x00,write8
37902294500,0x388,0xa3,write8
37902392500,0x389,0xc7,write8
37902444000,0x388,0xb3,write8
37902542000,0x389,0x2f,write8
37902601625,0x388,0xb4,write8
37902699625,0x389,0x12,write8
37902752375,0x388,0xc4,write8
37902850375,0x389,0x08,write8
37902902500,0x388,0x29,write8
37903000500,0x389,0x20,write8
37903052250,0x388,0x49,write8
37903150250,0x389,0x24,write8
37903202000,0x388,0x69,write8
37903300000,0x389,0x62,write8
37903351750,0x388,0x89,write8
37903449750,0x389,0x75,write8
37903501375,0x388,0xe9,write8
37903599500,0x389,0x01,write8
37903651625,0x388,0x2c,write8
37903749625,0x389,0x22,write8
37903801375,0x388,0x4c,write8
37903899375,0x389,0x02,write8
37903951125,0x388,0x6c,write8
37904049250,0x389,0xa8,write8
37904100875,0x388,0x8c,write8
37904198875,0x389,0xf5,write8
37904250625,0x388,0xec,write8
37904348625,0x389,0x00,write8
37904405000,0x388,0xa4,write8
37904503000,0x389,0x85,write8
37904554625,0x388,0xb4,write8
37904652625,0x389,0x2a,write8
37915279250,0x388,0xb0,write8
37915377250,0x389,0x0b,write8
37932182375,0x388,0xb1,write8
37932280375,0x389,0x0f,write8
37987117750,0x388,0xb4,write8
37987215750,0x389,0x0a,write8
38023032625,0x388,0xb3,write8
38023130625,0x389,0x0f,write8
38054727500,0x388,0xb2,write8
38054825500,0x389,0x13,write8
38069515375,0x388,0xb0,write8
38069613375,0x389,0x0b,write8
38069666125,0x388,0xc0,write8
38069764125,0x389,0x0e,write8
38069816125,0x388,0x20,write8
38069914125,0x389,0x21,write8
38069965875,0x388,0x40,write8
38070064000,0x389,0xcd,write8
38070115750,0x388,0x60,write8
38070213750,0x389,0x98,write8
38070265375,0x388,0x80,write8
38070363375,0x389,0x3f,write8
38070415125,0x388,0xe0,write8
38070513125,0x389,0x00,write8
38070565375,0x388,0x23,write8
38070663375,0x389,0x21,write8
38070715125,0x388,0x43,write8
38070813125,0x389,0x02,write8
38070864750,0x388,0x63,write8
38070962750,0x389,0x65,write8
38071014625,0x388,0x83,write8
38071112625,0x389,0x2a,write8
38071164375,0x388,0xe3,write8
38071262375,0x389,0x00,write8
38071320000,0x388,0xa0,write8
38071418000,0x389,0x5e,write8
38071469500,0x388,0xb0,write8
38071567500,0x389,0x33,write8
38071625625,0x388,0xb1,write8
38071723625,0x389,0x0f,write8
38071776375,0x388,0xc1,write8
38071874375,0x389,0x0a,write8
38071926500,0x388,0x21,write8
38072024625,0x389,0x2a,write8
38072076250,0x388,0x41,write8
38072174250,0x389,0x28,write8
38072226000,0x388,0x61,write8
38072324000,0x389,0xe6,write8
38072375750,0x388,0x81,write8
38072473750,0x389,0xd7,write8
38072525375,0x388,0xe1,write8
38072623500,0x389,0x00,write8
38072675625,0x388,0x24,write8
38072773625,0x389,0x22,write8
38072825375,0x388,0x44,write8
38072923375,0x389,0x06,write8
38072975125,0x388,0x64,write8
38073073250,0x389,0xf6,write8
38073124875,0x388,0x84,write8
38073222875,0x389,0xf7,write8
38073274625,0x388,0xe4,write8
38073372625,0x389,0x00,write8
38073429625,0x388,0xa1,write8
38073527625,0x389,0x5e,write8
38073579250,0x388,0xb1,write8
38073677250,0x389,0x2f,write8
38073735875,0x388,0xb2,write8
38073833875,0x389,0x13,write8
38073886500,0x388,0xc2,write8
38073984500,0x389,0x00,write8
38074036750,0x388,0x22,write8
38074134750,0x389,0x20,write8
38074186500,0x388,0x42,write8
38074284500,0x389,0x00,write8
38074336125,0x388,0x62,write8
38074434250,0x389,0xfa,write8
38074485875,0x388,0x82,write8
38074583875,0x389,0x6a,write8
38074635625,0x388,0xe2,write8
38074733625,0x389,0x00,write8
38074785875,0x388,0x25,write8
38074883875,0x389,0x26,write8
38074935500,0x388,0x45,write8
38075033625,0x389,0x07,write8
38075085375,0x388,0x65,write8
38075183375,0x389,0xaa,write8
38075235125,0x388,0x85,write8
38075333125,0x389,0xfa,write8
38075384750,0x388,0xe5,write8
38075482875,0x389,0x00,write8
38075539750,0x388,0xa2,write8
38075637750,0x389,0x85,write8
38075689375,0x388,0xb2,write8
38075787375,0x389,0x2e,write8
38075846500,0x388,0xb3,write8
38075944500,0x389,0x0f,write8
38075997250,0x388,0xc3,write8
38076095375,0x389,0x00,write8
38076147375,0x388,0x28,write8
38076245500,0x389,0x20,write8
38076297125,0x388,0x48,write8
38076395125,0x389,0x00,write8
38076446875,0x388,0x68,write8
38076544875,0x389,0xfa,write8
38076596625,0x388,0x88,write8
38076694625,0x389,0x6a,write8
38076746250,0x388,0xe8,write8
38076844250,0x389,0x00,write8
38076896500,0x388,0x2b,write8
38076994500,0x389,0x26,write8
38077046375,0x388,0x4b,write8
38077144375,0x389,0x07,write8
38077196000,0x388,0x6b,write8
38077294125,0x389,0xaa,write8
38077345750,0x388,0x8b,write8
38077443750,0x389,0xfa,write8
38077495500,0x388,0xeb,write8
38077593500,0x389,0x00,write8
38077651125,0x388,0xa3,write8
38077749125,0x389,0x00,write8
38077800625,0x388,0xb3,write8
38077898750,0x389,0x32,write8
38099094500,0x388,0xb2,write8
38099192500,0x389,0x0e,write8
38111772000,0x388,0xb3,write8
38111870000,0x389,0x12,write8
38170930375,0x388,0xb1,write8
38171028500,0x389,0x0f,write8
38221637875,0x388,0xb0,write8
38221735875,0x389,0x13,write8
38236474625,0x388,0xb0,write8
38236572625,0x389,0x13,write8
38236625375,0x388,0xc0,write8
38236723375,0x389,0x0e,write8
38236775375,0x388,0x20,write8
38236873375,0x389,0x21,write8
38236925125,0x388,0x40,write8
38237023250,0x389,0xcd,write8
38237075000,0x388,0x60,write8
38237173000,0x389,0x98,write8
38237224625,0x388,0x80,write8
38237322625,0x389,0x3f,write8
38237374375,0x388,0xe0,write8
38237472375,0x389,0x00,write8
38237524625,0x388,0x23,write8
38237622625,0x389,0x21,write8
38237674375,0x388,0x43,write8
38237772375,0x389,0x02,write8
38237824000,0x388,0x63,write8
38237921750,0x389,0x65,write8
38237973250,0x388,0x83,write8
38238071000,0x389,0x2a,write8
38238122500,0x388,0xe3,write8
38238220250,0x389,0x00,write8
38238277750,0x388,0xa0,write8
38238375375,0x389,0x00,write8
38238426750,0x388,0xb0,write8
38238524375,0x389,0x33,write8
38238582250,0x388,0xb1,write8
38238679875,0x389,0x0f,write8
38238732375,0x388,0xc1,write8
38238830000,0x389,0x0a,write8
38238881875,0x388,0x21,write8
38238979500,0x389,0x2a,write8
38239031125,0x388,0x41,write8
38239128750,0x389,0x28,write8
38239180250,0x388,0x61,write8
38239277875,0x389,0xe6,write8
38239329375,0x388,0x81,write8
38239427375,0x389,0xd7,write8
38239479000,0x388,0xe1,write8
38239577000,0x389,0x00,write8
38239629250,0x388,0x24,write8
38239727250,0x389,0x22,write8
38239779000,0x388,0x44,write8
38239877000,0x389,0x06,write8
38239928625,0x388,0x64,write8
38240026875,0x389,0xf6,write8
38240078500,0x388,0x84,write8
38240176500,0x389,0xf7,write8
38240228250,0x388,0xe4,write8
38240326250,0x389,0x00,write8
38240383250,0x388,0xa1,write8
38240481250,0x389,0x00,write8
38240532750,0x388,0xb1,write8
38240630875,0x389,0x2f,write8
38240689375,0x388,0xb2,write8
38240787500,0x389,0x0e,write8
38240840125,0x388,0xc2,write8
38240938125,0x389,0x0e,write8
38240990250,0x388,0x22,write8
38241088375,0x389,0xe6,write8
38241140125,0x388,0x42,write8
38241238125,0x389,0xe7,write8
38241289750,0x388,0x62,write8
38241387750,0x389,0x80,write8
38241439500,0x388,0x82,write8
38241537500,0x389,0x01,write8
38241589250,0x388,0xe2,write8
38241687250,0x389,0x00,write8
38241739375,0x388,0x25,write8
38241837500,0x389,0xe4,write8
38241889125,0x388,0x45,write8
38241987125,0x389,0x8d,write8
38242039000,0x388,0x65,write8
38242137000,0x389,0xf5,write8
38242188750,0x388,0x85,write8
38242286750,0x389,0x07,write8
38242338375,0x388,0xe5,write8
38242436375,0x389,0x00,write8
38242492750,0x388,0xa2,write8
38242590750,0x389,0xc7,write8
38242642375,0x388,0xb2,write8
38242740375,0x389,0x2b,write8
38242799500,0x388,0xb3,write8
38242897500,0x389,0x12,write8
38242950250,0x388,0xc3,write8
38243048375,0x389,0x0e,write8
38243100375,0x388,0x28,write8
38243198375,0x389,0xe6,write8
38243250125,0x388,0x48,write8
38243348125,0x389,0xe7,write8
38243399875,0x388,0x68,write8
38243497875,0x389,0x80,write8
38243549500,0x388,0x88,write8
38243647625,0x389,0x01,write8
38243699250,0x388,0xe8,write8
38243797250,0x389,0x00,write8
38243849500,0x388,0x2b,write8
38243947500,0x389,0xe4,write8
38243999250,0x388,0x4b,write8
38244097375,0x389,0x8d,write8
38244149000,0x388,0x6b,write8
38244247000,0x389,0xf5,write8
38244298750,0x388,0x8b,write8
38244396750,0x389,0x07,write8
38244448500,0x388,0xeb,write8
38244546500,0x389,0x00,write8
38244602875,0x388,0xa3,write8
38244700875,0x389,0x3f,write8
38244752375,0x388,0xb3,write8
38244850375,0x389,0x2a,write8
38244910000,0x388,0xb4,write8
38245008125,0x389,0x0a,write8
38245060875,0x388,0xc4,write8
38245158875,0x389,0x0e,write8
38245211000,0x388,0x29,write8
38245309000,0x389,0xe6,write8
38245360625,0x388,0x49,write8
38245458750,0x389,0xe7,write8
38245510375,0x388,0x69,write8
38245608375,0x389,0x80,write8
38245660125,0x388,0x89,write8
38245758125,0x389,0x01,write8
38245809875,0x388,0xe9,write8
38245907875,0x389,0x00,write8
38245960000,0x388,0x2c,write8
38246058125,0x389,0xe4,write8
38246109875,0x388,0x4c,write8
38246207875,0x389,0x8d,write8
38246259625,0x388,0x6c,write8
38246357625,0x389,0xf5,write8
38246409250,0x388,0x8c,write8
38246507375,0x389,0x07,write8
38246559000,0x388,0xec,write8
38246657000,0x389,0x00,write8
38246713375,0x388,0xa4,write8
38246811375,0x389,0x00,write8
38246863000,0x388,0xb4,write8
38246961000,0x389,0x2b,write8
38247021250,0x388,0xb5,write8
38247119250,0x389,0x16,write8
38247171875,0x388,0xc5,write8
38247270000,0x389,0x00,write8
38247322000,0x388,0x2a,write8
38247420000,0x389,0x20,write8
38247471750,0x388,0x4a,write8
38247569750,0x389,0x00,write8
38247621500,0x388,0x6a,write8
38247719500,0x389,0xfa,write8
38247771125,0x388,0x8a,write8
38247869125,0x389,0x6a,write8
38247920875,0x388,0xea,write8
38248019000,0x389,0x00,write8
38248071250,0x388,0x2d,write8
38248169250,0x389,0x26,write8
38248220875,0x388,0x4d,write8
38248319000,0x389,0x07,write8
38248370625,0x388,0x6d,write8
38248468625,0x389,0xaa,write8
38248520375,0x388,0x8d,write8
38248618375,0x389,0xfa,write8
38248670125,0x388,0xed,write8
38248768125,0x389,0x00,write8
38248825000,0x388,0xa5,write8
38248923125,0x389,0x85,write8
38248974625,0x388,0xb5,write8
38249072750,0x389,0x2e,write8
38249133375,0x388,0xb6,write8
38249231375,0x389,0x0a,write8
38249284125,0x388,0xc6,write8
38249382125,0x389,0x08,write8
38249434250,0x388,0x30,write8
38249532250,0x389,0x20,write8
38249583875,0x388,0x50,write8
38249681875,0x389,0x24,write8
38249733625,0x388,0x70,write8
38249831625,0x389,0x62,write8
38249883375,0x388,0x90,write8
38249981375,0x389,0x75,write8
38250033125,0x388,0xf0,write8
38250131250,0x389,0x01,write8
38250183375,0x388,0x33,write8
38250281375,0x389,0x22,write8
38250333125,0x388,0x53,write8
38250431125,0x389,0x02,write8
38250482875,0x388,0x73,write8
38250580875,0x389,0xa8,write8
38250632500,0x388,0x93,write8
38250730500,0x389,0xf5,write8
38250782250,0x388,0xf3,write8
38250880250,0x389,0x00,write8
38250936625,0x388,0xa6,write8
38251034750,0x389,0x85,write8
38251086375,0x388,0xb6,write8
38251184375,0x389,0x2a,write8
38285028375,0x388,0xb7,write8
38285126375,0x389,0x0e,write8
38285179000,0x388,0xc7,write8
38285277125,0x389,0x0a,write8
38285329125,0x388,0x31,write8
38285427125,0x389,0x28,write8
38285478875,0x388,0x51,write8
38285576875,0x389,0x2b,write8
38285628625,0x388,0x71,write8
38285726625,0x389,0xe6,write8
38285778250,0x388,0x91,write8
38285876250,0x389,0x97,write8
38285928000,0x388,0xf1,write8
38286026125,0x389,0x02,write8
38286078375,0x388,0x34,write8
38286176375,0x389,0x22,write8
38286228000,0x388,0x54,write8
38286326125,0x389,0x08,write8
38286377750,0x388,0x74,write8
38286475750,0x389,0xf6,write8
38286527500,0x388,0x94,write8
38286625500,0x389,0xf7,write8
38286677250,0x388,0xf4,write8
38286775250,0x389,0x00,write8
38286832125,0x388,0xa7,write8
38286930250,0x389,0x00,write8
38286981750,0x388,0xb7,write8
38287079875,0x389,0x2f,write8
38289251375,0x388,0xb5,write8
38289349375,0x389,0x0e,write8
38314604750,0x388,0xb4,write8
38314702875,0x389,0x0b,write8
38323055750,0x388,0xb3,write8
38323153750,0x389,0x0a,write8
38335734875,0x388,0xb7,write8
38335832875,0x389,0x0f,write8
38335889750,0x388,0xb2,write8
38335987750,0x389,0x0b,write8
38348411250,0x388,0xb6,write8
38348509250,0x389,0x0a,write8
38361085750,0x388,0xb1,write8
38361183750,0x389,0x0f,write8
38399116250,0x388,0xb0,write8
38399214250,0x389,0x13,write8
38409684875,0x388,0xb0,write8
38409782500,0x389,0x13,write8
38409835000,0x388,0xc0,write8
38409932625,0x389,0x0e,write8
38409984500,0x388,0x20,write8
38410082250,0x389,0x21,write8
38410133750,0x388,0x40,write8
38410231375,0x389,0xcd,write8
38410282875,0x388,0x60,write8
38410380500,0x389,0x98,write8
38410432000,0x388,0x80,write8
38410529625,0x389,0x3f,write8
38410581125,0x388,0xe0,write8
38410679250,0x389,0x00,write8
38410731375,0x388,0x23,write8
38410829500,0x389,0x21,write8
38410881125,0x388,0x43,write8
38410979125,0x389,0x02,write8
38411031000,0x388,0x63,write8
38411129000,0x389,0x65,write8
38411180750,0x388,0x83,write8
38411278750,0x389,0x2a,write8
38411330375,0x388,0xe3,write8
38411428375,0x389,0x00,write8
38411486000,0x388,0xa0,write8
38411584000,0x389,0xc7,write8
38411635625,0x388,0xb0,write8
38411733625,0x389,0x33,write8
38411791750,0x388,0xb1,write8
38411889750,0x389,0x0f,write8
38411942500,0x388,0xc1,write8
38412040625,0x389,0x0e,write8
38412092625,0x388,0x21,write8
38412190625,0x389,0xe6,write8
38412242375,0x388,0x41,write8
38412340375,0x389,0xe7,write8
38412392125,0x388,0x61,write8
38412490125,0x389,0x80,write8
38412541750,0x388,0x81,write8
38412639875,0x389,0x01,write8
38412691500,0x388,0xe1,write8
38412789500,0x389,0x00,write8
38412841750,0x388,0x24,write8
38412939750,0x389,0xe4,write8
38412991500,0x388,0x44,write8
38413089625,0x389,0x8d,write8
38413141250,0x388,0x64,write8
38413239250,0x389,0xf5,write8
38413291000,0x388,0x84,write8
38413389000,0x389,0x07,write8
38413440750,0x388,0xe4,write8
38413538750,0x389,0x00,write8
38413595125,0x388,0xa1,write8
38413693125,0x389,0x3f,write8
38413744625,0x388,0xb1,write8
38413842625,0x389,0x2a,write8
38413901250,0x388,0xb2,write8
38413999250,0x389,0x0b,write8
38414052125,0x388,0xc2,write8
38414150125,0x389,0x0e,write8
38414202250,0x388,0x22,write8
38414300250,0x389,0xe6,write8
38414351875,0x388,0x42,write8
38414449875,0x389,0xe7,write8
38414501625,0x388,0x62,write8
38414599625,0x389,0x80,write8
38414651375,0x388,0x82,write8
38414749375,0x389,0x01,write8
38414801125,0x388,0xe2,write8
38414899125,0x389,0x00,write8
38414951250,0x388,0x25,write8
38415049375,0x389,0xe4,write8
38415101125,0x388,0x45,write8
38415199125,0x389,0x8d,write8
38415250875,0x388,0x65,write8
38415348875,0x389,0xf5,write8
38415400500,0x388,0x85,write8
38415498500,0x389,0x07,write8
38415550250,0x388,0xe5,write8
38415648250,0x389,0x00,write8
38415704625,0x388,0xa2,write8
38415802625,0x389,0xc7,write8
38415854250,0x388,0xb2,write8
38415952250,0x389,0x2b,write8
38416011375,0x388,0xb3,write8
38416109375,0x389,0x0a,write8
38416162000,0x388,0xc3,write8
38416260000,0x389,0x0e,write8
38416312125,0x388,0x28,write8
38416410125,0x389,0xe6,write8
38416461875,0x388,0x48,write8
38416559875,0x389,0xe7,write8
38416611500,0x388,0x68,write8
38416709625,0x389,0x80,write8
38416761250,0x388,0x88,write8
38416859250,0x389,0x01,write8
38416911000,0x388,0xe8,write8
38417009125,0x389,0x00,write8
38417061375,0x388,0x2b,write8
38417159375,0x389,0xe4,write8
38417211000,0x388,0x4b,write8
38417309000,0x389,0x8d,write8
38417360750,0x388,0x6b,write8
38417458750,0x389,0xf5,write8
38417510500,0x388,0x8b,write8
38417608500,0x389,0x07,write8
38417660125,0x388,0xeb,write8
38417758250,0x389,0x00,write8
38417814500,0x388,0xa3,write8
38417912500,0x389,0x00,write8
38417964125,0x388,0xb3,write8
38418062250,0x389,0x2b,write8
38418121875,0x388,0xb4,write8
38418219875,0x389,0x0b,write8
38418272625,0x388,0xc4,write8
38418370625,0x389,0x0a,write8
38418422625,0x388,0x29,write8
38418520750,0x389,0x2a,write8
38418572375,0x388,0x49,write8
38418670375,0x389,0x28,write8
38418722125,0x388,0x69,write8
38418820125,0x389,0xe6,write8
38418871875,0x388,0x89,write8
38418969875,0x389,0xd7,write8
38419021625,0x388,0xe9,write8
38419119625,0x389,0x00,write8
38419171875,0x388,0x2c,write8
38419269875,0x389,0x22,write8
38419321625,0x388,0x4c,write8
38419419625,0x389,0x06,write8
38419471250,0x388,0x6c,write8
38419569375,0x389,0xf6,write8
38419621000,0x388,0x8c,write8
38419719000,0x389,0xf7,write8
38419770750,0x388,0xec,write8
38419868750,0x389,0x00,write8
38419925750,0x388,0xa4,write8
38420023875,0x389,0xc7,write8
38420075500,0x388,0xb4,write8
38420173500,0x389,0x2f,write8
38420233375,0x388,0xb5,write8
38420331500,0x389,0x0e,write8
38420384125,0x388,0xc5,write8
38420482125,0x389,0x00,write8
38420534250,0x388,0x2a,write8
38420632250,0x389,0x20,write8
38420684000,0x388,0x4a,write8
38420782000,0x389,0x00,write8
38420833625,0x388,0x6a,write8
38420931625,0x389,0xfa,write8
38420983375,0x388,0x8a,write8
38421081500,0x389,0x6a,write8
38421133250,0x388,0xea,write8
38421231250,0x389,0x00,write8
38421283500,0x388,0x2d,write8
38421381500,0x389,0x26,write8
38421433125,0x388,0x4d,write8
38421531125,0x389,0x07,write8
38421582875,0x388,0x6d,write8
38421680875,0x389,0xaa,write8
38421732625,0x388,0x8d,write8
38421830625,0x389,0xfa,write8
38421882250,0x388,0xed,write8
38421980250,0x389,0x00,write8
38422038000,0x388,0xa5,write8
38422136000,0x389,0x00,write8
38422187625,0x388,0xb5,write8
38422285625,0x389,0x32,write8
38460436375,0x388,0xb5,write8
38460534375,0x389,0x12,write8
38483631375,0x388,0xb3,write8
38483729375,0x389,0x0b,write8
38494239625,0x388,0xb1,write8
38494337625,0x389,0x0a,write8
38502649125,0x388,0xb2,write8
38502747125,0x389,0x0b,write8
38544907000,0x388,0xb4,write8
38545005125,0x389,0x0f,write8
38570259000,0x388,0xb0,write8
38570357000,0x389,0x13,write8
38578712000,0x388,0xb0,write8
38578810000,0x389,0x13,write8
38578862625,0x388,0xc0,write8
38578960625,0x389,0x0a,write8
38579012875,0x388,0x20,write8
38579110875,0x389,0x22,write8
38579162625,0x388,0x40,write8
38579260625,0x389,0x19,write8
38579312375,0x388,0x60,write8
38579410375,0x389,0xc6,write8
38579462000,0x388,0x80,write8
38579560000,0x389,0x77,write8
38579611750,0x388,0xe0,write8
38579709750,0x389,0x00,write8
38579762000,0x388,0x23,write8
38579860000,0x389,0x22,write8
38579911625,0x388,0x43,write8
38580009750,0x389,0x40,write8
38580061500,0x388,0x63,write8
38580159500,0x389,0xf4,write8
38580211250,0x388,0x83,write8
38580309125,0x389,0xf7,write8
38580360625,0x388,0xe3,write8
38580458250,0x389,0x00,write8
38580513750,0x388,0xa0,write8
38580611375,0x389,0x00,write8
38580662875,0x388,0xb0,write8
38580760625,0x389,0x26,write8
38580828000,0x388,0xb1,write8
38580925625,0x389,0x0a,write8
38580978125,0x388,0xc1,write8
38581075875,0x389,0x0a,write8
38581127750,0x388,0x21,write8
38581225375,0x389,0x2a,write8
38581276875,0x388,0x41,write8
38581374500,0x389,0x28,write8
38581426000,0x388,0x61,write8
38581523625,0x389,0xe6,write8
38581575125,0x388,0x81,write8
38581672750,0x389,0xd7,write8
38581724250,0x388,0xe1,write8
38581822000,0x389,0x00,write8
38581874250,0x388,0x24,write8
38581972250,0x389,0x22,write8
38582024125,0x388,0x44,write8
38582122125,0x389,0x06,write8
38582173875,0x388,0x64,write8
38582271875,0x389,0xf6,write8
38582323500,0x388,0x84,write8
38582421500,0x389,0xf7,write8
38582473250,0x388,0xe4,write8
38582571250,0x389,0x00,write8
38582628875,0x388,0xa1,write8
38582726875,0x389,0x00,write8
38582778500,0x388,0xb1,write8
38582876500,0x389,0x32,write8
38582935125,0x388,0xb2,write8
38583033250,0x389,0x0b,write8
38583085875,0x388,0xc2,write8
38583183875,0x389,0x0e,write8
38583236000,0x388,0x22,write8
38583334000,0x389,0x21,write8
38583385750,0x388,0x42,write8
38583483750,0x389,0xcd,write8
38583535375,0x388,0x62,write8
38583633375,0x389,0x98,write8
38583685125,0x388,0x82,write8
38583783125,0x389,0x3f,write8
38583834875,0x388,0xe2,write8
38583932875,0x389,0x00,write8
38583985125,0x388,0x25,write8
38584083250,0x389,0x21,write8
38584134875,0x388,0x45,write8
38584232875,0x389,0x02,write8
38584284625,0x388,0x65,write8
38584382625,0x389,0x65,write8
38584434375,0x388,0x85,write8
38584532375,0x389,0x2a,write8
38584584000,0x388,0xe5,write8
38584682000,0x389,0x00,write8
38584740250,0x388,0xa2,write8
38584838250,0x389,0x00,write8
38584889875,0x388,0xb2,write8
38584987875,0x389,0x36,write8
38585047125,0x388,0xb3,write8
38585145125,0x389,0x0b,write8
38585197875,0x388,0xc3,write8
38585295875,0x389,0x00,write8
38585347875,0x388,0x28,write8
38585446000,0x389,0x00,write8
38585497625,0x388,0x48,write8
38585595625,0x389,0x0c,write8
38585647375,0x388,0x68,write8
38585745375,0x389,0xc8,write8
38585797125,0x388,0x88,write8
38585895125,0x389,0x4c,write8
38585946750,0x388,0xe8,write8
38586044875,0x389,0x00,write8
38586097125,0x388,0x2b,write8
38586195125,0x389,0x20,write8
38586246875,0x388,0x4b,write8
38586344875,0x389,0x00,write8
38586396500,0x388,0x6b,write8
38586494625,0x389,0xd6,write8
38586546250,0x388,0x8b,write8
38586644250,0x389,0xff,write8
38586696000,0x388,0xeb,write8
38586794000,0x389,0x00,write8
38586849750,0x388,0xa3,write8
38586947750,0x389,0x90,write8
38586999250,0x388,0xb3,write8
38587097375,0x389,0x27,write8
38591391000,0x388,0xb4,write8
38591489000,0x389,0x0f,write8
38591541625,0x388,0xc4,write8
38591639625,0x389,0x0a,write8
38591691750,0x388,0x29,write8
38591789750,0x389,0x28,write8
38591841500,0x388,0x49,write8
38591939500,0x389,0x2b,write8
38591991125,0x388,0x69,write8
38592089375,0x389,0xe6,write8
38592141000,0x388,0x89,write8
38592239000,0x389,0x97,write8
38592290750,0x388,0xe9,write8
38592388750,0x389,0x02,write8
38592441000,0x388,0x2c,write8
38592539000,0x389,0x22,write8
38592590625,0x388,0x4c,write8
38592688625,0x389,0x08,write8
38592740375,0x388,0x6c,write8
38592838375,0x389,0xf6,write8
38592890125,0x388,0x8c,write8
38592988125,0x389,0xf7,write8
38593040000,0x388,0xec,write8
38593138000,0x389,0x00,write8
38593194875,0x388,0xa4,write8
38593292875,0x389,0x85,write8
38593344500,0x388,0xb4,write8
38593442500,0x389,0x2e,write8
38625194750,0x388,0xb4,write8
38625292750,0x389,0x0e,write8
38627304375,0x388,0xb3,write8
38627402375,0x389,0x07,write8
38635757375,0x388,0xb3,write8
38635855375,0x389,0x07,write8
38635908125,0x388,0xc3,write8
38636006250,0x389,0x0a,write8
38636058250,0x388,0x28,write8
38636156250,0x389,0x28,write8
38636208000,0x388,0x48,write8
38636306000,0x389,0x2b,write8
38636357750,0x388,0x68,write8
38636455750,0x389,0xe6,write8
38636507375,0x388,0x88,write8
38636605375,0x389,0x97,write8
38636657125,0x388,0xe8,write8
38636755125,0x389,0x02,write8
38636807375,0x388,0x2b,write8
38636905375,0x389,0x22,write8
38636957125,0x388,0x4b,write8
38637055250,0x389,0x08,write8
38637106875,0x388,0x6b,write8
38637204875,0x389,0xf6,write8
38637256625,0x388,0x8b,write8
38637354625,0x389,0xf7,write8
38637406125,0x388,0xeb,write8
38637503750,0x389,0x00,write8
38637560500,0x388,0xa3,write8
38637658125,0x389,0x00,write8
38637709500,0x388,0xb3,write8
38637807375,0x389,0x2e,write8
38688577875,0x388,0xb0,write8
38688675875,0x389,0x06,write8
38709706750,0x388,0xb1,write8
38709804375,0x389,0x12,write8
38718159250,0x388,0xb0,write8
38718257250,0x389,0x06,write8
38718310000,0x388,0xc0,write8
38718408000,0x389,0x0a,write8
38718460000,0x388,0x20,write8
38718558000,0x389,0x28,write8
38718609750,0x388,0x40,write8
38718707750,0x389,0x2b,write8
38718759500,0x388,0x60,write8
38718857500,0x389,0xe6,write8
38718909125,0x388,0x80,write8
38719007375,0x389,0x97,write8
38719059000,0x388,0xe0,write8
38719157000,0x389,0x02,write8
38719209250,0x388,0x23,write8
38719307250,0x389,0x22,write8
38719359000,0x388,0x43,write8
38719457000,0x389,0x08,write8
38719508625,0x388,0x63,write8
38719606625,0x389,0xf6,write8
38719658375,0x388,0x83,write8
38719756375,0x389,0xf7,write8
38719808125,0x388,0xe3,write8
38719906125,0x389,0x00,write8
38719963125,0x388,0xa0,write8
38720061250,0x389,0x85,write8
38720112750,0x388,0xb0,write8
38720210750,0x389,0x2e,write8
38745623250,0x388,0xb3,write8
38745721250,0x389,0x0e,write8
38747739500,0x388,0xb1,write8
38747837500,0x389,0x12,write8
38747890125,0x388,0xc1,write8
38747988250,0x389,0x00,write8
38748040375,0x388,0x21,write8
38748138375,0x389,0x00,write8
38748190125,0x388,0x41,write8
38748288125,0x389,0x0c,write8
38748339875,0x388,0x61,write8
38748437875,0x389,0xc8,write8
38748489500,0x388,0x81,write8
38748587500,0x389,0x4c,write8
38748639250,0x388,0xe1,write8
38748737250,0x389,0x00,write8
38748789500,0x388,0x24,write8
38748887500,0x389,0x20,write8
38748939125,0x388,0x44,write8
38749037375,0x389,0x00,write8
38749089000,0x388,0x64,write8
38749187000,0x389,0xd6,write8
38749238750,0x388,0x84,write8
38749336750,0x389,0xff,write8
38749388500,0x388,0xe4,write8
38749486500,0x389,0x00,write8
38749542125,0x388,0xa1,write8
38749640250,0x389,0x90,write8
38749691750,0x388,0xb1,write8
38749789750,0x389,0x27,write8
38756191875,0x388,0xb3,write8
38756289875,0x389,0x0e,write8
38756342500,0x388,0xc3,write8
38756440625,0x389,0x0a,write8
38756492625,0x388,0x28,write8
38756590625,0x389,0x22,write8
38756642375,0x388,0x48,write8
38756740375,0x389,0x19,write8
38756792125,0x388,0x68,write8
38756890125,0x389,0xc6,write8
38756941750,0x388,0x88,write8
38757039875,0x389,0x77,write8
38757091625,0x388,0xe8,write8
38757189625,0x389,0x00,write8
38757241875,0x388,0x2b,write8
38757339875,0x389,0x22,write8
38757391500,0x388,0x4b,write8
38757489625,0x389,0x40,write8
38757541250,0x388,0x6b,write8
38757639250,0x389,0xf4,write8
38757691000,0x388,0x8b,write8
38757789000,0x389,0xf7,write8
38757840750,0x388,0xeb,write8
38757938750,0x389,0x00,write8
38757994375,0x388,0xa3,write8
38758092625,0x389,0x00,write8
38758144125,0x388,0xb3,write8
38758242125,0x389,0x26,write8
38770976750,0x388,0xb2,write8
38771074875,0x389,0x16,write8
38781542625,0x388,0xb0,write8
38781640750,0x389,0x0e,write8
38787879000,0x388,0xb1,write8
38787977000,0x389,0x07,write8
38901973375,0x388,0xb3,write8
38902071500,0x389,0x06,write8
38910424625,0x388,0xb0,write8
38910522625,0x389,0x0e,write8
38910575375,0x388,0xc0,write8
38910673375,0x389,0x0e,write8
38910725500,0x388,0x20,write8
38910823500,0x389,0x21,write8
38910875125,0x388,0x40,write8
38910973250,0x389,0xcd,write8
38911025000,0x388,0x60,write8
38911123000,0x389,0x98,write8
38911174750,0x388,0x80,write8
38911272750,0x389,0x3f,write8
38911324500,0x388,0xe0,write8
38911422500,0x389,0x00,write8
38911474625,0x388,0x23,write8
38911572625,0x389,0x21,write8
38911624375,0x388,0x43,write8
38911722375,0x389,0x02,write8
38911774125,0x388,0x63,write8
38911872125,0x389,0x65,write8
38911923750,0x388,0x83,write8
38912022000,0x389,0x2a,write8
38912073625,0x388,0xe3,write8
38912171625,0x389,0x00,write8
38912229875,0x388,0xa0,write8
38912327875,0x389,0x00,write8
38912379500,0x388,0xb0,write8
38912477500,0x389,0x36,write8
38912535625,0x388,0xb1,write8
38912633625,0x389,0x07,write8
38912686250,0x388,0xc1,write8
38912784375,0x389,0x0a,write8
38912836375,0x388,0x21,write8
38912934375,0x389,0x2a,write8
38912986125,0x388,0x41,write8
38913084250,0x389,0x28,write8
38913136000,0x388,0x61,write8
38913234000,0x389,0xe6,write8
38913285625,0x388,0x81,write8
38913383625,0x389,0xd7,write8
38913435375,0x388,0xe1,write8
38913533375,0x389,0x00,write8
38913585625,0x388,0x24,write8
38913683625,0x389,0x22,write8
38913735250,0x388,0x44,write8
38913833375,0x389,0x06,write8
38913885000,0x388,0x64,write8
38913983000,0x389,0xf6,write8
38914034875,0x388,0x84,write8
38914132875,0x389,0xf7,write8
38914184625,0x388,0xe4,write8
38914282625,0x389,0x00,write8
38914340125,0x388,0xa1,write8
38914438250,0x389,0x00,write8
38914489750,0x388,0xb1,write8
38914587750,0x389,0x32,write8
38914646375,0x388,0xb2,write8
38914744375,0x389,0x16,write8
38914797125,0x388,0xc2,write8
38914895125,0x389,0x0e,write8
38914947250,0x388,0x22,write8
38915045375,0x389,0xe6,write8
38915097000,0x388,0x42,write8
38915195000,0x389,0xe7,write8
38915246750,0x388,0x62,write8
38915344750,0x389,0x80,write8
38915396500,0x388,0x82,write8
38915494500,0x389,0x01,write8
38915546125,0x388,0xe2,write8
38915644125,0x389,0x00,write8
38915696375,0x388,0x25,write8
38915794375,0x389,0xe4,write8
38915846125,0x388,0x45,write8
38915944125,0x389,0x8d,write8
38915995875,0x388,0x65,write8
38916094000,0x389,0xf5,write8
38916145625,0x388,0x85,write8
38916243625,0x389,0x07,write8
38916295375,0x388,0xe5,write8
38916393375,0x389,0x00,write8
38916450375,0x388,0xa2,write8
38916548375,0x389,0x00,write8
38916600000,0x388,0xb2,write8
38916698000,0x389,0x2e,write8
38916757125,0x388,0xb3,write8
38916855125,0x389,0x06,write8
38916907750,0x388,0xc3,write8
38917005875,0x389,0x0e,write8
38917058000,0x388,0x28,write8
38917156000,0x389,0xe6,write8
38917207750,0x388,0x48,write8
38917305750,0x389,0xe7,write8
38917357375,0x388,0x68,write8
38917455375,0x389,0x80,write8
38917507125,0x388,0x88,write8
38917605125,0x389,0x01,write8
38917656875,0x388,0xe8,write8
38917754875,0x389,0x00,write8
38917807125,0x388,0x2b,write8
38917905125,0x389,0xe4,write8
38917956750,0x388,0x4b,write8
38918054875,0x389,0x8d,write8
38918106625,0x388,0x6b,write8
38918204625,0x389,0xf5,write8
38918256375,0x388,0x8b,write8
38918354375,0x389,0x07,write8
38918406000,0x388,0xeb,write8
38918504000,0x389,0x00,write8
38918560375,0x388,0xa3,write8
38918658375,0x389,0x85,write8
38918710000,0x388,0xb3,write8
38918808000,0x389,0x2a,write8
38918867625,0x388,0xb4,write8
38918965625,0x389,0x0e,write8
38919018500,0x388,0xc4,write8
38919116500,0x389,0x0e,write8
38919168500,0x388,0x29,write8
38919266500,0x389,0xe6,write8
38919318250,0x388,0x49,write8
38919416250,0x389,0xe7,write8
38919468000,0x388,0x69,write8
38919566000,0x389,0x80,write8
38919617750,0x388,0x89,write8
38919715750,0x389,0x01,write8
38919767375,0x388,0xe9,write8
38919865375,0x389,0x00,write8
38919917625,0x388,0x2c,write8
38920015750,0x389,0xe4,write8
38920067500,0x388,0x4c,write8
38920165500,0x389,0x8d,write8
38920217125,0x388,0x6c,write8
38920315125,0x389,0xf5,write8
38920366875,0x388,0x8c,write8
38920464875,0x389,0x07,write8
38920516625,0x388,0xec,write8
38920614625,0x389,0x00,write8
38920671000,0x388,0xa4,write8
38920769000,0x389,0x00,write8
38920820500,0x388,0xb4,write8
38920918500,0x389,0x2b,write8
38920978625,0x388,0xb5,write8
38921076750,0x389,0x12,write8
38921129500,0x388,0xc5,write8
38921227500,0x389,0x08,write8
38921279625,0x388,0x2a,write8
38921377625,0x389,0x20,write8
38921429375,0x388,0x4a,write8
38921527375,0x389,0x24,write8
38921579000,0x388,0x6a,write8
38921677000,0x389,0x62,write8
38921728750,0x388,0x8a,write8
38921826750,0x389,0x75,write8
38921878500,0x388,0xea,write8
38921976500,0x389,0x01,write8
38922028750,0x388,0x2d,write8
38922126750,0x389,0x22,write8
38922178500,0x388,0x4d,write8
38922276500,0x389,0x02,write8
38922328250,0x388,0x6d,write8
38922426250,0x389,0xa8,write8
38922478000,0x388,0x8d,write8
38922576000,0x389,0xf5,write8
38922627625,0x388,0xed,write8
38922725625,0x389,0x00,write8
38922781750,0x388,0xa5,write8
38922879375,0x389,0x85,write8
38922930750,0x388,0xb5,write8
38923028500,0x389,0x2a,write8
38923088875,0x388,0xb6,write8
38923186750,0x389,0x0a,write8
38923239250,0x388,0xc6,write8
38923336875,0x389,0x00,write8
38923388750,0x388,0x30,write8
38923486375,0x389,0x20,write8
38923537875,0x388,0x50,write8
38923635500,0x389,0x00,write8
38923687000,0x388,0x70,write8
38923784625,0x389,0xfa,write8
38923836125,0x388,0x90,write8
38923933750,0x389,0x6a,write8
38923985250,0x388,0xf0,write8
38924083000,0x389,0x00,write8
38924135000,0x388,0x33,write8
38924232625,0x389,0x26,write8
38924284375,0x388,0x53,write8
38924382375,0x389,0x07,write8
38924434125,0x388,0x73,write8
38924532125,0x389,0xaa,write8
38924583875,0x388,0x93,write8
38924681875,0x389,0xfa,write8
38924733625,0x388,0xf3,write8
38924831625,0x389,0x00,write8
38924888500,0x388,0xa6,write8
38924986500,0x389,0x85,write8
38925038250,0x388,0xb6,write8
38925136250,0x389,0x2e,write8
38944234000,0x388,0xb5,write8
38944332000,0x389,0x0a,write8
38946345500,0x388,0xb5,write8
38946443500,0x389,0x0a,write8
38946496125,0x388,0xc5,write8
38946594125,0x389,0x0a,write8
38946646250,0x388,0x2a,write8
38946744250,0x389,0x28,write8
38946796000,0x388,0x4a,write8
38946894000,0x389,0x2b,write8
38946945750,0x388,0x6a,write8
38947043875,0x389,0xe6,write8
38947095500,0x388,0x8a,write8
38947193500,0x389,0x97,write8
38947245250,0x388,0xea,write8
38947343250,0x389,0x02,write8
38947395500,0x388,0x2d,write8
38947493500,0x389,0x22,write8
38947545125,0x388,0x4d,write8
38947643125,0x389,0x08,write8
38947694875,0x388,0x6d,write8
38947792875,0x389,0xf6,write8
38947844625,0x388,0x8d,write8
38947942625,0x389,0xf7,write8
38947994375,0x388,0xed,write8
38948092500,0x389,0x00,write8
38948149375,0x388,0xa5,write8
38948247375,0x389,0x85,write8
38948299000,0x388,0xb5,write8
38948397000,0x389,0x2e,write8
38950572250,0x388,0xb7,write8
38950670250,0x389,0x0f,write8
38950722875,0x388,0xc7,write8
38950820875,0x389,0x0a,write8
38950873000,0x388,0x31,write8
38950971000,0x389,0x28,write8
38951022875,0x388,0x51,write8
38951120875,0x389,0x2b,write8
38951172625,0x388,0x71,write8
38951270500,0x389,0xe6,write8
38951322000,0x388,0x91,write8
38951419625,0x389,0x97,write8
38951471125,0x388,0xf1,write8
38951568750,0x389,0x02,write8
38951620875,0x388,0x34,write8
38951718625,0x389,0x22,write8
38951770125,0x388,0x54,write8
38951867750,0x389,0x08,write8
38951919250,0x388,0x74,write8
38952017000,0x389,0xf6,write8
38952068500,0x388,0x94,write8
38952166125,0x389,0xf7,write8
38952217625,0x388,0xf4,write8
38952315250,0x389,0x00,write8
38952372000,0x388,0xa7,write8
38952469625,0x389,0x00,write8
38952521000,0x388,0xb7,write8
38952618625,0x389,0x2e,write8
38961137125,0x388,0xb6,write8
38961235125,0x389,0x0e,write8
38980148875,0x388,0xb4,write8
38980246625,0x389,0x0b,write8
38986489625,0x388,0xb3,write8
38986587625,0x389,0x0a,write8
39013953125,0x388,0xb2,write8
39014051250,0x389,0x0e,write8
39022406000,0x388,0xb5,write8
39022504000,0x389,0x0e,write8
39028748625,0x388,0xb7,write8
39028846625,0x389,0x0e,write8
39041422375,0x388,0xb1,write8
39041520375,0x389,0x12,write8
39081565125,0x388,0xb1,write8
39081663125,0x389,0x12,write8
39081715875,0x388,0xc1,write8
39081813875,0x389,0x0e,write8
39081865875,0x388,0x21,write8
39081963875,0x389,0xe6,write8
39082015750,0x388,0x41,write8
39082113750,0x389,0xe7,write8
39082165500,0x388,0x61,write8
39082263500,0x389,0x80,write8
39082315125,0x388,0x81,write8
39082413250,0x389,0x01,write8
39082464875,0x388,0xe1,write8
39082562875,0x389,0x00,write8
39082615125,0x388,0x24,write8
39082713125,0x389,0xe4,write8
39082764875,0x388,0x44,write8
39082862875,0x389,0x8d,write8
39082914500,0x388,0x64,write8
39083012625,0x389,0xf5,write8
39083064375,0x388,0x84,write8
39083162375,0x389,0x07,write8
39083214125,0x388,0xe4,write8
39083312125,0x389,0x00,write8
39083369125,0x388,0xa1,write8
39083467125,0x389,0x00,write8
39083518625,0x388,0xb1,write8
39083616625,0x389,0x2e,write8
39083675250,0x388,0xb2,write8
39083773250,0x389,0x0e,write8
39083826000,0x388,0xc2,write8
39083924000,0x389,0x0e,write8
39083976125,0x388,0x22,write8
39084074250,0x389,0xe6,write8
39084125875,0x388,0x42,write8
39084224000,0x389,0xe7,write8
39084275625,0x388,0x62,write8
39084373625,0x389,0x80,write8
39084425375,0x388,0x82,write8
39084523375,0x389,0x01,write8
39084575125,0x388,0xe2,write8
39084673125,0x389,0x00,write8
39084725250,0x388,0x25,write8
39084823250,0x389,0xe4,write8
39084875000,0x388,0x45,write8
39084973000,0x389,0x8d,write8
39085024875,0x388,0x65,write8
39085122875,0x389,0xf5,write8
39085174500,0x388,0x85,write8
39085272625,0x389,0x07,write8
39085324250,0x388,0xe5,write8
39085422250,0x389,0x00,write8
39085478625,0x388,0xa2,write8
39085576625,0x389,0x85,write8
39085628250,0x388,0xb2,write8
39085726250,0x389,0x2a,write8
39085785375,0x388,0xb3,write8
39085883375,0x389,0x0a,write8
39085936000,0x388,0xc3,write8
39086034125,0x389,0x0e,write8
39086086250,0x388,0x28,write8
39086184250,0x389,0xe6,write8
39086236000,0x388,0x48,write8
39086334000,0x389,0xe7,write8
39086385750,0x388,0x68,write8
39086483750,0x389,0x80,write8
39086535375,0x388,0x88,write8
39086633375,0x389,0x01,write8
39086685125,0x388,0xe8,write8
39086783125,0x389,0x00,write8
39086835375,0x388,0x2b,write8
39086933375,0x389,0xe4,write8
39086985000,0x388,0x4b,write8
39087083125,0x389,0x8d,write8
39087134875,0x388,0x6b,write8
39087232875,0x389,0xf5,write8
39087284625,0x388,0x8b,write8
39087382625,0x389,0x07,write8
39087434375,0x388,0xeb,write8
39087532375,0x389,0x00,write8
39087588625,0x388,0xa3,write8
39087686625,0x389,0x00,write8
39087738250,0x388,0xb3,write8
39087836250,0x389,0x2b,write8
39087895875,0x388,0xb4,write8
39087993875,0x389,0x0b,write8
39088046750,0x388,0xc4,write8
39088144750,0x389,0x08,write8
39088196875,0x388,0x29,write8
39088294875,0x389,0x20,write8
39088346500,0x388,0x49,write8
39088444500,0x389,0x24,write8
39088496250,0x388,0x69,write8
39088594250,0x389,0x62,write8
39088646000,0x388,0x89,write8
39088744000,0x389,0x75,write8
39088795625,0x388,0xe9,write8
39088893625,0x389,0x01,write8
39088945875,0x388,0x2c,write8
39089044000,0x389,0x22,write8
39089095750,0x388,0x4c,write8
39089193750,0x389,0x02,write8
39089245500,0x388,0x6c,write8
39089343500,0x389,0xa8,write8
39089395125,0x388,0x8c,write8
39089493125,0x389,0xf5,write8
39089544875,0x388,0xec,write8
39089642875,0x389,0x00,write8
39089699250,0x388,0xa4,write8
39089797250,0x389,0x85,write8
39089848875,0x388,0xb4,write8
39089946875,0x389,0x2a,write8
39090007125,0x388,0xb5,write8
39090105125,0x389,0x0e,write8
39090157750,0x388,0xc5,write8
39090255750,0x389,0x00,write8
39090307875,0x388,0x2a,write8
39090405875,0x389,0x00,write8
39090457625,0x388,0x4a,write8
39090555625,0x389,0x0c,write8
39090607250,0x388,0x6a,write8
39090705250,0x389,0xc8,write8
39090757000,0x388,0x8a,write8
39090855000,0x389,0x4c,write8
39090906750,0x388,0xea,write8
39091004875,0x389,0x00,write8
39091057125,0x388,0x2d,write8
39091155125,0x389,0x20,write8
39091206750,0x388,0x4d,write8
39091304750,0x389,0x00,write8
39091356500,0x388,0x6d,write8
39091454500,0x389,0xd6,write8
39091506250,0x388,0x8d,write8
39091604250,0x389,0xff,write8
39091655875,0x388,0xed,write8
39091753875,0x389,0x00,write8
39091809625,0x388,0xa5,write8
39091907625,0x389,0x90,write8
39091959250,0x388,0xb5,write8
39092057375,0x389,0x27,write8
39109034375,0x388,0xb6,write8
39109132000,0x389,0x0e,write8
39109184500,0x388,0xc6,write8
39109282125,0x389,0x0a,write8
39109334000,0x388,0x30,write8
39109431625,0x389,0x22,write8
39109483125,0x388,0x50,write8
39109580750,0x389,0x19,write8
39109632250,0x388,0x70,write8
39109729875,0x389,0xc6,write8
39109781750,0x388,0x90,write8
39109879750,0x389,0x77,write8
39109931375,0x388,0xf0,write8
39110029625,0x389,0x00,write8
39110081750,0x388,0x33,write8
39110179750,0x389,0x22,write8
39110231500,0x388,0x53,write8
39110329500,0x389,0x40,write8
39110381250,0x388,0x73,write8
39110479250,0x389,0xf4,write8
39110530875,0x388,0x93,write8
39110628875,0x389,0xf7,write8
39110680625,0x388,0xf3,write8
39110778625,0x389,0x00,write8
39110834375,0x388,0xa6,write8
39110932375,0x389,0x00,write8
39110984000,0x388,0xb6,write8
39111082125,0x389,0x26,write8
39113255500,0x388,0xb0,write8
39113353500,0x389,0x16,write8
39121709125,0x388,0xb4,write8
39121807125,0x389,0x0a,write8
39125935000,0x388,0xb5,write8
39126033125,0x389,0x07,write8
39166080625,0x388,0xb3,write8
39166178250,0x389,0x0b,write8
39174531500,0x388,0xb2,write8
39174629500,0x389,0x0a,write8
39193543875,0x388,0xb1,write8
39193641875,0x389,0x0e,write8
39250594250,0x388,0xb0,write8
39250692250,0x389,0x16,write8
39250745000,0x388,0xc0,write8
39250843000,0x389,0x0e,write8
39250895000,0x388,0x20,write8
39250992625,0x389,0x21,write8
39251044250,0x388,0x40,write8
39251141875,0x389,0xcd,write8
39251193375,0x388,0x60,write8
39251291125,0x389,0x98,write8
39251342750,0x388,0x80,write8
39251440375,0x389,0x3f,write8
39251491875,0x388,0xe0,write8
39251589500,0x389,0x00,write8
39251641500,0x388,0x23,write8
39251739125,0x389,0x21,write8
39251790625,0x388,0x43,write8
39251888250,0x389,0x02,write8
39251939750,0x388,0x63,write8
39252037500,0x389,0x65,write8
39252089000,0x388,0x83,write8
39252186625,0x389,0x2a,write8
39252238125,0x388,0xe3,write8
39252335750,0x389,0x00,write8
39252393125,0x388,0xa0,write8
39252491250,0x389,0xc7,write8
39252542750,0x388,0xb0,write8
39252640750,0x389,0x33,write8
39252698875,0x388,0xb1,write8
39252796875,0x389,0x0e,write8
39252849625,0x388,0xc1,write8
39252947625,0x389,0x0a,write8
39252999750,0x388,0x21,write8
39253097875,0x389,0x2a,write8
39253149500,0x388,0x41,write8
39253247500,0x389,0x28,write8
39253299250,0x388,0x61,write8
39253397250,0x389,0xe6,write8
39253449000,0x388,0x81,write8
39253547000,0x389,0xd7,write8
39253598750,0x388,0xe1,write8
39253696750,0x389,0x00,write8
39253748875,0x388,0x24,write8
39253846875,0x389,0x22,write8
39253898625,0x388,0x44,write8
39253996625,0x389,0x06,write8
39254048500,0x388,0x64,write8
39254146500,0x389,0xf6,write8
39254198125,0x388,0x84,write8
39254296125,0x389,0xf7,write8
39254347875,0x388,0xe4,write8
39254445875,0x389,0x00,write8
39254502875,0x388,0xa1,write8
39254600875,0x389,0xc7,write8
39254652500,0x388,0xb1,write8
39254750500,0x389,0x2f,write8
39254809125,0x388,0xb2,write8
39254907125,0x389,0x0a,write8
39254959750,0x388,0xc2,write8
39255057875,0x389,0x00,write8
39255110000,0x388,0x22,write8
39255208000,0x389,0x00,write8
39255259750,0x388,0x42,write8
39255357750,0x389,0x0c,write8
39255409500,0x388,0x62,write8
39255507500,0x389,0xc8,write8
39255559125,0x388,0x82,write8
39255657125,0x389,0x4c,write8
39255708875,0x388,0xe2,write8
39255806875,0x389,0x00,write8
39255859125,0x388,0x25,write8
39255957125,0x389,0x20,write8
39256008875,0x388,0x45,write8
39256106875,0x389,0x00,write8
39256158625,0x388,0x65,write8
39256256625,0x389,0xd6,write8
39256308375,0x388,0x85,write8
39256406375,0x389,0xff,write8
39256458125,0x388,0xe5,write8
39256556125,0x389,0x00,write8
39256611750,0x388,0xa2,write8
39256709750,0x389,0x90,write8
39256761375,0x388,0xb2,write8
39256859375,0x389,0x27,write8
39256918500,0x388,0xb3,write8
39257016625,0x389,0x0b,write8
39257069375,0x388,0xc3,write8
39257167375,0x389,0x08,write8
39257219375,0x388,0x28,write8
39257317500,0x389,0x20,write8
39257369125,0x388,0x48,write8
39257467125,0x389,0x24,write8
39257518875,0x388,0x68,write8
39257616875,0x389,0x62,write8
39257668625,0x388,0x88,write8
39257766625,0x389,0x75,write8
39257818250,0x388,0xe8,write8
39257916250,0x389,0x01,write8
39257968500,0x388,0x2b,write8
39258066625,0x389,0x22,write8
39258118375,0x388,0x4b,write8
39258216375,0x389,0x02,write8
39258268000,0x388,0x6b,write8
39258366125,0x389,0xa8,write8
39258417750,0x388,0x8b,write8
39258515750,0x389,0xf5,write8
39258567500,0x388,0xeb,write8
39258665500,0x389,0x00,write8
39258721875,0x388,0xa3,write8
39258819875,0x389,0x5e,write8
39258871375,0x388,0xb3,write8
39258969500,0x389,0x2b,write8
39259038000,0x388,0xb6,write8
39259136000,0x389,0x06,write8
39263315750,0x388,0xb4,write8
39263413750,0x389,0x0a,write8
39263466500,0x388,0xc4,write8
39263564500,0x389,0x0a,write8
39263616625,0x388,0x29,write8
39263714625,0x389,0x28,write8
39263766375,0x388,0x49,write8
39263864375,0x389,0x2b,write8
39263916000,0x388,0x69,write8
39264014125,0x389,0xe6,write8
39264065875,0x388,0x89,write8
39264163875,0x389,0x97,write8
39264215625,0x388,0xe9,write8
39264313625,0x389,0x02,write8
39264365750,0x388,0x2c,write8
39264463750,0x389,0x22,write8
39264515500,0x388,0x4c,write8
39264613500,0x389,0x08,write8
39264665250,0x388,0x6c,write8
39264763250,0x389,0xf6,write8
39264815000,0x388,0x8c,write8
39264913000,0x389,0xf7,write8
39264964625,0x388,0xec,write8
39265062750,0x389,0x00,write8
39265119750,0x388,0xa4,write8
39265217500,0x389,0x85,write8
39265268875,0x388,0xb4,write8
39265366500,0x389,0x2e,write8
39273832625,0x388,0xb3,write8
39273930625,0x389,0x0b,write8
39275950000,0x388,0xb3,write8
39276048125,0x389,0x0b,write8
39276100875,0x388,0xc3,write8
39276198875,0x389,0x0a,write8
39276250875,0x388,0x28,write8
39276348875,0x389,0x22,write8
39276400625,0x388,0x48,write8
39276498625,0x389,0x19,write8
39276550375,0x388,0x68,write8
39276648375,0x389,0xc6,write8
39276700125,0x388,0x88,write8
39276798125,0x389,0x77,write8
39276849750,0x388,0xe8,write8
39276947750,0x389,0x00,write8
39277000000,0x388,0x2b,write8
39277098125,0x389,0x22,write8
39277149875,0x388,0x4b,write8
39277247875,0x389,0x40,write8
39277299500,0x388,0x6b,write8
39277397500,0x389,0xf4,write8
39277449250,0x388,0x8b,write8
39277547250,0x389,0xf7,write8
39277599000,0x388,0xeb,write8
39277697000,0x389,0x00,write8
39277752125,0x388,0xa3,write8
39277850125,0x389,0x2e,write8
39277901625,0x388,0xb3,write8
39277999625,0x389,0x23,write8
39292850500,0x388,0xb2,write8
39292948500,0x389,0x07,write8
39297119625,0x388,0xb4,write8
39297217625,0x389,0x0e,write8
39301303500,0x388,0xb2,write8
39301401500,0x389,0x07,write8
39301454250,0x388,0xc2,write8
39301552250,0x389,0x0a,write8
39301604250,0x388,0x22,write8
39301702250,0x389,0x28,write8
39301754000,0x388,0x42,write8
39301852000,0x389,0x2b,write8
39301903750,0x388,0x62,write8
39302001875,0x389,0xe6,write8
39302053500,0x388,0x82,write8
39302151500,0x389,0x97,write8
39302203250,0x388,0xe2,write8
39302301250,0x389,0x02,write8
39302353500,0x388,0x25,write8
39302451500,0x389,0x22,write8
39302503250,0x388,0x45,write8
39302601250,0x389,0x08,write8
39302652875,0x388,0x65,write8
39302750875,0x389,0xf6,write8
39302802625,0x388,0x85,write8
39302900625,0x389,0xf7,write8
39302952375,0x388,0xe5,write8
39303050500,0x389,0x00,write8
39303106875,0x388,0xa2,write8
39303204875,0x389,0x2e,write8
39303256375,0x388,0xb2,write8
39303354375,0x389,0x2b,write8
39352010000,0x388,0xb2,write8
39352107625,0x389,0x0b,write8
39394268250,0x388,0xb2,write8
39394365875,0x389,0x0b,write8
39394418375,0x388,0xc2,write8
39394516000,0x389,0x0a,write8
39394567875,0x388,0x22,write8
39394665500,0x389,0x28,write8
39394717000,0x388,0x42,write8
39394814625,0x389,0x2b,write8
39394866125,0x388,0x62,write8
39394963750,0x389,0xe6,write8
39395015375,0x388,0x82,write8
39395113250,0x389,0x97,write8
39395164875,0x388,0xe2,write8
39395263000,0x389,0x02,write8
39395315125,0x388,0x25,write8
39395413125,0x389,0x22,write8
39395464875,0x388,0x45,write8
39395562875,0x389,0x08,write8
39395614625,0x388,0x65,write8
39395712625,0x389,0xf6,write8
39395764250,0x388,0x85,write8
39395862250,0x389,0xf7,write8
39395914000,0x388,0xe5,write8
39396012125,0x389,0x00,write8
39396069125,0x388,0xa2,write8
39396167125,0x389,0x85,write8
39396218750,0x388,0xb2,write8
39396316750,0x389,0x2e,write8
39413282125,0x388,0xb4,write8
39413380125,0x389,0x0e,write8
39413432750,0x388,0xc4,write8
39413530750,0x389,0x00,write8
39413582875,0x388,0x29,write8
39413680875,0x389,0x20,write8
39413732625,0x388,0x49,write8
39413830625,0x389,0x00,write8
39413882250,0x388,0x69,write8
39413980375,0x389,0xfa,write8
39414032125,0x388,0x89,write8
39414130125,0x389,0x6a,write8
39414181875,0x388,0xe9,write8
39414279875,0x389,0x00,write8
39414332125,0x388,0x2c,write8
39414430125,0x389,0x26,write8
39414481750,0x388,0x4c,write8
39414579750,0x389,0x07,write8
39414631500,0x388,0x6c,write8
39414729500,0x389,0xaa,write8
39414781250,0x388,0x8c,write8
39414879250,0x389,0xfa,write8
39414930875,0x388,0xec,write8
39415029125,0x389,0x00,write8
39415086000,0x388,0xa4,write8
39415184000,0x389,0x85,write8
39415235625,0x388,0xb4,write8
39415333625,0x389,0x2e,write8
39415393750,0x388,0xb5,write8
39415491750,0x389,0x07,write8
39415544500,0x388,0xc5,write8
39415642500,0x389,0x00,write8
39415694625,0x388,0x2a,write8
39415792625,0x389,0x20,write8
39415844250,0x388,0x4a,write8
39415942250,0x389,0x00,write8
39415994000,0x388,0x6a,write8
39416092125,0x389,0xfa,write8
39416143875,0x388,0x8a,write8
39416241875,0x389,0x6a,write8
39416293500,0x388,0xea,write8
39416391500,0x389,0x00,write8
39416443750,0x388,0x2d,write8
39416541750,0x389,0x26,write8
39416593500,0x388,0x4d,write8
39416691500,0x389,0x07,write8
39416743250,0x388,0x6d,write8
39416841250,0x389,0xaa,write8
39416892875,0x388,0x8d,write8
39416990875,0x389,0xfa,write8
39417042750,0x388,0xed,write8
39417140750,0x389,0x00,write8
39417198375,0x388,0xa5,write8
39417296375,0x389,0x00,write8
39417348000,0x388,0xb5,write8
39417446000,0x389,0x32,write8
39432298625,0x388,0xb6,write8
39432396625,0x389,0x06,write8
39432449375,0x388,0xc6,write8
39432547375,0x389,0x0a,write8
39432599375,0x388,0x30,write8
39432697500,0x389,0x28,write8
39432749125,0x388,0x50,write8
39432847125,0x389,0x2b,write8
39432898875,0x388,0x70,write8
39432996875,0x389,0xe6,write8
39433048750,0x388,0x90,write8
39433146750,0x389,0x97,write8
39433198375,0x388,0xf0,write8
39433296375,0x389,0x02,write8
39433348625,0x388,0x33,write8
39433446625,0x389,0x22,write8
39433498375,0x388,0x53,write8
39433596375,0x389,0x08,write8
39433648000,0x388,0x73,write8
39433746125,0x389,0xf6,write8
39433797750,0x388,0x93,write8
39433895750,0x389,0xf7,write8
39433947500,0x388,0xf3,write8
39434045625,0x389,0x00,write8
39434102000,0x388,0xa6,write8
39434200000,0x389,0x2e,write8
39434251500,0x388,0xb6,write8
39434349625,0x389,0x2b,write8
39436521125,0x388,0xb3,write8
39436618750,0x389,0x03,write8
39449197625,0x388,0xb2,write8
39449295625,0x389,0x0e,write8
39455540125,0x388,0xb4,write8
39455638250,0x389,0x0e,write8
39455696500,0x388,0xb5,write8
39455794500,0x389,0x12,write8
39542164500,0x388,0xb6,write8
39542262500,0x389,0x0b,write8
39559066875,0x388,0xb2,write8
39559164875,0x389,0x0e,write8
39559217625,0x388,0xc2,write8
39559315625,0x389,0x0a,write8
39559367750,0x388,0x22,write8
39559465750,0x389,0x28,write8
39559517375,0x388,0x42,write8
39559615500,0x389,0x2b,write8
39559667125,0x388,0x62,write8
39559765125,0x389,0xe6,write8
39559816875,0x388,0x82,write8
39559914875,0x389,0x97,write8
39559966625,0x388,0xe2,write8
39560064750,0x389,0x02,write8
39560116875,0x388,0x25,write8
39560214875,0x389,0x22,write8
39560266625,0x388,0x45,write8
39560364625,0x389,0x08,write8
39560416375,0x388,0x65,write8
39560514375,0x389,0xf6,write8
39560566000,0x388,0x85,write8
39560664125,0x389,0xf7,write8
39560715750,0x388,0xe5,write8
39560813750,0x389,0x00,write8
39560870750,0x388,0xa2,write8
39560968750,0x389,0xd4,write8
39561020500,0x388,0xb2,write8
39561118500,0x389,0x2e,write8
39578085750,0x388,0xb3,write8
39578183750,0x389,0x03,write8
39578236500,0x388,0xc3,write8
39578334500,0x389,0x0e,write8
39578386500,0x388,0x28,write8
39578484500,0x389,0xe6,write8
39578536250,0x388,0x48,write8
39578634250,0x389,0xe7,write8
39578686000,0x388,0x68,write8
39578784000,0x389,0x80,write8
39578835625,0x388,0x88,write8
39578933625,0x389,0x01,write8
39578985375,0x388,0xe8,write8
39579083375,0x389,0x00,write8
39579135375,0x388,0x2b,write8
39579233000,0x389,0xe4,write8
39579284500,0x388,0x4b,write8
39579382125,0x389,0x8d,write8
39579433750,0x388,0x6b,write8
39579531500,0x389,0xf5,write8
39579583000,0x388,0x8b,write8
39579680625,0x389,0x07,write8
39579732125,0x388,0xeb,write8
39579829750,0x389,0x00,write8
39579885875,0x388,0xa3,write8
39579983500,0x389,0x2e,write8
39580035000,0x388,0xb3,write8
39580132625,0x389,0x2b,write8
39580192000,0x388,0xb4,write8
39580289625,0x389,0x0e,write8
39580342125,0x388,0xc4,write8
39580439750,0x389,0x0e,write8
39580491625,0x388,0x29,write8
39580589500,0x389,0xe6,write8
39580641125,0x388,0x49,write8
39580739125,0x389,0xe7,write8
39580790875,0x388,0x69,write8
39580888875,0x389,0x80,write8
39580940625,0x388,0x89,write8
39581038750,0x389,0x01,write8
39581090375,0x388,0xe9,write8
39581188375,0x389,0x00,write8
39581240625,0x388,0x2c,write8
39581338625,0x389,0xe4,write8
39581390375,0x388,0x4c,write8
39581488375,0x389,0x8d,write8
39581540000,0x388,0x6c,write8
39581638125,0x389,0xf5,write8
39581689750,0x388,0x8c,write8
39581787750,0x389,0x07,write8
39581839500,0x388,0xec,write8
39581937500,0x389,0x00,write8
39581993875,0x388,0xa4,write8
39582092000,0x389,0x85,write8
39582143500,0x388,0xb4,write8
39582241625,0x389,0x2a,write8
39582301625,0x388,0xb5,write8
39582399750,0x389,0x12,write8
39582452375,0x388,0xc5,write8
39582550375,0x389,0x0e,write8
39582602500,0x388,0x2a,write8
39582700500,0x389,0xe6,write8
39582752250,0x388,0x4a,write8
39582850250,0x389,0xe7,write8
39582901875,0x388,0x6a,write8
39582999875,0x389,0x80,write8
39583051750,0x388,0x8a,write8
39583149750,0x389,0x01,write8
39583201500,0x388,0xea,write8
39583299500,0x389,0x00,write8
39583351750,0x388,0x2d,write8
39583449750,0x389,0xe4,write8
39583501375,0x388,0x4d,write8
39583599375,0x389,0x8d,write8
39583651125,0x388,0x6d,write8
39583749125,0x389,0xf5,write8
39583800875,0x388,0x8d,write8
39583898875,0x389,0x07,write8
39583950500,0x388,0xed,write8
39584048625,0x389,0x00,write8
39584105000,0x388,0xa5,write8
39584203000,0x389,0xc7,write8
39584254625,0x388,0xb5,write8
39584352625,0x389,0x2b,write8
39584413250,0x388,0xb6,write8
39584511250,0x389,0x0b,write8
39584564000,0x388,0xc6,write8
39584662000,0x389,0x08,write8
39584714000,0x388,0x30,write8
39584812000,0x389,0x20,write8
39584863750,0x388,0x50,write8
39584961750,0x389,0x24,write8
39585013625,0x388,0x70,write8
39585111625,0x389,0x62,write8
39585163375,0x388,0x90,write8
39585261375,0x389,0x75,write8
39585313000,0x388,0xf0,write8
39585411000,0x389,0x01,write8
39585463250,0x388,0x33,write8
39585561250,0x389,0x22,write8
39585613000,0x388,0x53,write8
39585711000,0x389,0x02,write8
39585762625,0x388,0x73,write8
39585860625,0x389,0xa8,write8
39585912375,0x388,0x93,write8
39586010500,0x389,0xf5,write8
39586062250,0x388,0xf3,write8
39586160250,0x389,0x00,write8
39586216625,0x388,0xa6,write8
39586314625,0x389,0x5e,write8
39586366125,0x388,0xb6,write8
39586464125,0x389,0x2b,write8
39586525250,0x388,0xb7,write8
39586623250,0x389,0x0e,write8
39586676000,0x388,0xc7,write8
39586774000,0x389,0x00,write8
39586826125,0x388,0x31,write8
39586924125,0x389,0x00,write8
39586975875,0x388,0x51,write8
39587074000,0x389,0x0c,write8
39587125625,0x388,0x71,write8
39587223625,0x389,0xc8,write8
39587275375,0x388,0x91,write8
39587373375,0x389,0x4c,write8
39587425125,0x388,0xf1,write8
39587523125,0x389,0x00,write8
39587575250,0x388,0x34,write8
39587673375,0x389,0x20,write8
39587725000,0x388,0x54,write8
39587823000,0x389,0x00,write8
39587874750,0x388,0x74,write8
39587972750,0x389,0xd6,write8
39588024625,0x388,0x94,write8
39588122625,0x389,0xff,write8
39588174250,0x388,0xf4,write8
39588272250,0x389,0x00,write8
39588328000,0x388,0xa7,write8
39588426000,0x389,0x90,write8
39588477625,0x388,0xb7,write8
39588575625,0x389,0x27,write8
39601324250,0x388,0xb1,write8
39601422250,0x389,0x0f,write8
39601479125,0x388,0xb2,write8
39601577125,0x389,0x0e,write8
39601635125,0x388,0xb1,write8
39601733125,0x389,0x0f,write8
39601785875,0x388,0xc1,write8
39601883875,0x389,0x0a,write8
39601935875,0x388,0x21,write8
39602034000,0x389,0x22,write8
39602085750,0x388,0x41,write8
39602183750,0x389,0x19,write8
39602235500,0x388,0x61,write8
39602333500,0x389,0xc6,write8
39602385125,0x388,0x81,write8
39602483250,0x389,0x77,write8
39602534875,0x388,0xe1,write8
39602632875,0x389,0x00,write8
39602685125,0x388,0x24,write8
39602783125,0x389,0x22,write8
39602834875,0x388,0x44,write8
39602932875,0x389,0x40,write8
39602984500,0x388,0x64,write8
39603082625,0x389,0xf4,write8
39603134375,0x388,0x84,write8
39603232375,0x389,0xf7,write8
39603284125,0x388,0xe4,write8
39603382125,0x389,0x00,write8
39603437375,0x388,0xa1,write8
39603535375,0x389,0x2e,write8
39603586875,0x388,0xb1,write8
39603684875,0x389,0x23,write8
39624565750,0x388,0xb7,write8
39624663875,0x389,0x07,write8
39649919250,0x388,0xb6,write8
39650017375,0x389,0x0b,write8
39652034500,0x388,0xb5,write8
39652132500,0x389,0x0b,write8
39654144000,0x388,0xb4,write8
39654242000,0x389,0x0a,write8
39662594750,0x388,0xb3,write8
39662692750,0x389,0x0b,write8
39675270875,0x388,0xb1,write8
39675368875,0x389,0x03,write8
39736547500,0x388,0xb1,write8
39736645125,0x389,0x03,write8
39736697625,0x388,0xc1,write8
39736795250,0x389,0x0a,write8
39736847125,0x388,0x21,write8
39736944750,0x389,0x28,write8
39736996250,0x388,0x41,write8
39737094000,0x389,0x2b,write8
39737145500,0x388,0x61,write8
39737243125,0x389,0xe6,write8
39737294625,0x388,0x81,write8
39737392250,0x389,0x97,write8
39737443750,0x388,0xe1,write8
39737541625,0x389,0x02,write8
39737593750,0x388,0x24,write8
39737691750,0x389,0x22,write8
39737743500,0x388,0x44,write8
39737841500,0x389,0x08,write8
39737893250,0x388,0x64,write8
39737991250,0x389,0xf6,write8
39738043000,0x388,0x84,write8
39738141125,0x389,0xf7,write8
39738192750,0x388,0xe4,write8
39738290750,0x389,0x00,write8
39738347750,0x388,0xa1,write8
39738445750,0x389,0x2e,write8
39738497375,0x388,0xb1,write8
39738595375,0x389,0x2f,write8
39747109500,0x388,0xb2,write8
39747207500,0x389,0x0e,write8
39747260250,0x388,0xc2,write8
39747358250,0x389,0x0a,write8
39747410250,0x388,0x22,write8
39747508250,0x389,0x22,write8
39747560000,0x388,0x42,write8
39747658000,0x389,0x19,write8
39747709750,0x388,0x62,write8
39747807750,0x389,0xc6,write8
39747859375,0x388,0x82,write8
39747957375,0x389,0x77,write8
39748009250,0x388,0xe2,write8
39748107250,0x389,0x00,write8
39748159500,0x388,0x25,write8
39748257500,0x389,0x22,write8
39748309250,0x388,0x45,write8
39748407250,0x389,0x40,write8
39748458875,0x388,0x65,write8
39748556875,0x389,0xf4,write8
39748608625,0x388,0x85,write8
39748706625,0x389,0xf7,write8
39748758375,0x388,0xe5,write8
39748856375,0x389,0x00,write8
39748911375,0x388,0xa2,write8
39749009625,0x389,0x2e,write8
39749061125,0x388,0xb2,write8
39749159125,0x389,0x23,write8
39749218250,0x388,0xb3,write8
39749316250,0x389,0x0b,write8
39749369000,0x388,0xc3,write8
39749467000,0x389,0x0e,write8
39749519125,0x388,0x28,write8
39749617125,0x389,0xe6,write8
39749668750,0x388,0x48,write8
39749766750,0x389,0xe7,write8
39749818500,0x388,0x68,write8
39749916500,0x389,0x80,write8
39749968250,0x388,0x88,write8
39750066375,0x389,0x01,write8
39750118000,0x388,0xe8,write8
39750216125,0x389,0x00,write8
39750268250,0x388,0x2b,write8
39750365875,0x389,0xe4,write8
39750417375,0x388,0x4b,write8
39750515000,0x389,0x8d,write8
39750566500,0x388,0x6b,write8
39750664250,0x389,0xf5,write8
39750715875,0x388,0x8b,write8
39750813500,0x389,0x07,write8
39750865000,0x388,0xeb,write8
39750962625,0x389,0x00,write8
39751018875,0x388,0xa3,write8
39751116500,0x389,0x2e,write8
39751167875,0x388,0xb3,write8
39751265500,0x389,0x2b,write8
39751324875,0x388,0xb4,write8
39751422500,0x389,0x0a,write8
39751475000,0x388,0xc4,write8
39751572625,0x389,0x0e,write8
39751624500,0x388,0x29,write8
39751722125,0x389,0xe6,write8
39751773625,0x388,0x49,write8
39751871750,0x389,0xe7,write8
39751923375,0x388,0x69,write8
39752021500,0x389,0x80,write8
39752073250,0x388,0x89,write8
39752171250,0x389,0x01,write8
39752223000,0x388,0xe9,write8
39752321000,0x389,0x00,write8
39752373125,0x388,0x2c,write8
39752471250,0x389,0xe4,write8
39752522875,0x388,0x4c,write8
39752620875,0x389,0x8d,write8
39752672625,0x388,0x6c,write8
39752770625,0x389,0xf5,write8
39752822375,0x388,0x8c,write8
39752920375,0x389,0x07,write8
39752972000,0x388,0xec,write8
39753070125,0x389,0x00,write8
39753126500,0x388,0xa4,write8
39753224500,0x389,0x85,write8
39753276125,0x388,0xb4,write8
39753374125,0x389,0x2a,write8
39753434125,0x388,0xb5,write8
39753532250,0x389,0x0b,write8
39753585000,0x388,0xc5,write8
39753683000,0x389,0x0e,write8
39753735000,0x388,0x2a,write8
39753833000,0x389,0xe6,write8
39753884750,0x388,0x4a,write8
39753982750,0x389,0xe7,write8
39754034625,0x388,0x6a,write8
39754132625,0x389,0x80,write8
39754184250,0x388,0x8a,write8
39754282250,0x389,0x01,write8
39754334000,0x388,0xea,write8
39754432000,0x389,0x00,write8
39754484250,0x388,0x2d,write8
39754582250,0x389,0xe4,write8
39754634000,0x388,0x4d,write8
39754732000,0x389,0x8d,write8
39754783625,0x388,0x6d,write8
39754881625,0x389,0xf5,write8
39754933375,0x388,0x8d,write8
39755031500,0x389,0x07,write8
39755083250,0x388,0xed,write8
39755181250,0x389,0x00,write8
39755237625,0x388,0xa5,write8
39755335625,0x389,0xc7,write8
39755387125,0x388,0xb5,write8
39755485125,0x389,0x2b,write8
39755545625,0x388,0xb6,write8
39755643750,0x389,0x0b,write8
39755696500,0x388,0xc6,write8
39755794500,0x389,0x00,write8
39755846625,0x388,0x30,write8
39755944625,0x389,0x00,write8
39755996250,0x388,0x50,write8
39756094500,0x389,0x0c,write8
39756146125,0x388,0x70,write8
39756244125,0x389,0xc8,write8
39756295875,0x388,0x90,write8
39756393875,0x389,0x4c,write8
39756445625,0x388,0xf0,write8
39756543625,0x389,0x00,write8
39756595750,0x388,0x33,write8
39756693750,0x389,0x20,write8
39756745500,0x388,0x53,write8
39756843500,0x389,0x00,write8
39756895250,0x388,0x73,write8
39756993250,0x389,0xd6,write8
39757045000,0x388,0x93,write8
39757143125,0x389,0xff,write8
39757194750,0x388,0xf3,write8
39757292750,0x389,0x00,write8
39757348500,0x388,0xa6,write8
39757446500,0x389,0x90,write8
39757498125,0x388,0xb6,write8
39757596125,0x389,0x27,write8
39757657125,0x388,0xb7,write8
39757755250,0x389,0x07,write8
39757807875,0x388,0xc7,write8
39757906000,0x389,0x08,write8
39757958000,0x388,0x31,write8
39758056125,0x389,0x20,write8
39758107875,0x388,0x51,write8
39758205875,0x389,0x24,write8
39758257625,0x388,0x71,write8
39758355625,0x389,0x62,write8
39758407250,0x388,0x91,write8
39758505250,0x389,0x75,write8
39758557000,0x388,0xf1,write8
39758655000,0x389,0x01,write8
39758707250,0x388,0x34,write8
39758805250,0x389,0x22,write8
39758856875,0x388,0x54,write8
39758955000,0x389,0x02,write8
39759006750,0x388,0x74,write8
39759104750,0x389,0xa8,write8
39759156500,0x388,0x94,write8
39759254500,0x389,0xf5,write8
39759306250,0x388,0xf4,write8
39759404250,0x389,0x00,write8
39759460500,0x388,0xa7,write8
39759558625,0x389,0x5e,write8
39759610125,0x388,0xb7,write8
39759708125,0x389,0x2b,write8
39759769625,0x388,0xb8,write8
39759867750,0x389,0x0f,write8
39759920500,0x388,0xc8,write8
39760018625,0x389,0x00,write8
39760070750,0x388,0x32,write8
39760168750,0x389,0x20,write8
39760220375,0x388,0x52,write8
39760318375,0x389,0x00,write8
39760370125,0x388,0x72,write8
39760468125,0x389,0xfa,write8
39760519875,0x388,0x92,write8
39760617875,0x389,0x6a,write8
39760669500,0x388,0xf2,write8
39760767625,0x389,0x00,write8
39760819750,0x388,0x35,write8
39760917750,0x389,0x26,write8
39760969500,0x388,0x55,write8
39761067625,0x389,0x07,write8
39761119375,0x388,0x75,write8
39761217375,0x389,0xaa,write8
39761269000,0x388,0x95,write8
39761367000,0x389,0xfa,write8
39761418750,0x388,0xf5,write8
39761516750,0x389,0x00,write8
39761574375,0x388,0xa8,write8
39761672375,0x389,0x00,write8
39761724000,0x388,0xb8,write8
39761822000,0x389,0x32,write8
39783028250,0x388,0xb1,write8
39783126250,0x389,0x0f,write8
39793589250,0x388,0xb0,write8
39793686875,0x389,0x13,write8
39802043625,0x388,0xb6,write8
39802141750,0x389,0x07,write8
39802201500,0x388,0xb8,write8
39802299625,0x389,0x12,write8
39869654875,0x388,0xb7,write8
39869752875,0x389,0x0b,write8
39884446125,0x388,0xb4,write8
39884544125,0x389,0x0a,write8
39886555625,0x388,0xb3,write8
39886653625,0x389,0x0b,write8
39897123625,0x388,0xb5,write8
39897221625,0x389,0x0b,write8
39905573375,0x388,0xb2,write8
39905671500,0x389,0x03,write8
39922476750,0x388,0xb0,write8
39922574375,0x389,0x13,write8
39922626875,0x388,0xc0,write8
39922724500,0x389,0x0e,write8
39922776375,0x388,0x20,write8
39922874000,0x389,0x21,write8
39922925500,0x388,0x40,write8
39923023500,0x389,0xcd,write8
39923075125,0x388,0x60,write8
39923173125,0x389,0x98,write8
39923224875,0x388,0x80,write8
39923322875,0x389,0x3f,write8
39923374625,0x388,0xe0,write8
39923472625,0x389,0x00,write8
39923524750,0x388,0x23,write8
39923622750,0x389,0x21,write8
39923674500,0x388,0x43,write8
39923772500,0x389,0x02,write8
39923824250,0x388,0x63,write8
39923922250,0x389,0x65,write8
39923974000,0x388,0x83,write8
39924072125,0x389,0x2a,write8
39924123750,0x388,0xe3,write8
39924221750,0x389,0x00,write8
39924279375,0x388,0xa0,write8
39924377375,0x389,0x5e,write8
39924429000,0x388,0xb0,write8
39924527000,0x389,0x33,write8
39924585125,0x388,0xb1,write8
39924683125,0x389,0x0f,write8
39924735750,0x388,0xc1,write8
39924833875,0x389,0x0a,write8
39924885875,0x388,0x21,write8
39924983875,0x389,0x2a,write8
39925035750,0x388,0x41,write8
39925133750,0x389,0x28,write8
39925185500,0x388,0x61,write8
39925283500,0x389,0xe6,write8
39925335125,0x388,0x81,write8
39925433125,0x389,0xd7,write8
39925484875,0x388,0xe1,write8
39925582875,0x389,0x00,write8
39925635125,0x388,0x24,write8
39925733125,0x389,0x22,write8
39925784750,0x388,0x44,write8
39925882875,0x389,0x06,write8
39925934500,0x388,0x64,write8
39926032625,0x389,0xf6,write8
39926084375,0x388,0x84,write8
39926182375,0x389,0xf7,write8
39926234125,0x388,0xe4,write8
39926332125,0x389,0x00,write8
39926389125,0x388,0xa1,write8
39926487125,0x389,0x5e,write8
39926538625,0x388,0xb1,write8
39926636625,0x389,0x2f,write8
39926695250,0x388,0xb2,write8
39926793250,0x389,0x03,write8
39926846000,0x388,0xc2,write8
39926944000,0x389,0x08,write8
39926996125,0x388,0x22,write8
39927094250,0x389,0x20,write8
39927145875,0x388,0x42,write8
39927243875,0x389,0x24,write8
39927295625,0x388,0x62,write8
39927393625,0x389,0x62,write8
39927445375,0x388,0x82,write8
39927543375,0x389,0x75,write8
39927595000,0x388,0xe2,write8
39927693125,0x389,0x01,write8
39927745250,0x388,0x25,write8
39927843250,0x389,0x22,write8
39927895000,0x388,0x45,write8
39927993000,0x389,0x02,write8
39928044875,0x388,0x65,write8
39928142875,0x389,0xa8,write8
39928194500,0x388,0x85,write8
39928292500,0x389,0xf5,write8
39928344250,0x388,0xe5,write8
39928442250,0x389,0x00,write8
39928498625,0x388,0xa2,write8
39928596625,0x389,0x85,write8
39928648250,0x388,0xb2,write8
39928746250,0x389,0x2a,write8
39928805375,0x388,0xb3,write8
39928903375,0x389,0x0b,write8
39928956000,0x388,0xc3,write8
39929054125,0x389,0x00,write8
39929106250,0x388,0x28,write8
39929204250,0x389,0x00,write8
39929256000,0x388,0x48,write8
39929354000,0x389,0x0c,write8
39929405625,0x388,0x68,write8
39929503750,0x389,0xc8,write8
39929555375,0x388,0x88,write8
39929653375,0x389,0x4c,write8
39929705125,0x388,0xe8,write8
39929803125,0x389,0x00,write8
39929855375,0x388,0x2b,write8
39929953375,0x389,0x20,write8
39930005125,0x388,0x4b,write8
39930103125,0x389,0x00,write8
39930154875,0x388,0x6b,write8
39930252875,0x389,0xd6,write8
39930304625,0x388,0x8b,write8
39930402625,0x389,0xff,write8
39930454250,0x388,0xeb,write8
39930552375,0x389,0x00,write8
39930608000,0x388,0xa3,write8
39930706000,0x389,0x90,write8
39930757625,0x388,0xb3,write8
39930855625,0x389,0x27,write8
39937265875,0x388,0xb4,write8
39937364000,0x389,0x0a,write8
39937416750,0x388,0xc4,write8
39937514750,0x389,0x0a,write8
39937566750,0x388,0x29,write8
39937664750,0x389,0x22,write8
39937716500,0x388,0x49,write8
39937814500,0x389,0x19,write8
39937866250,0x388,0x69,write8
39937964250,0x389,0xc6,write8
39938016000,0x388,0x89,write8
39938114000,0x389,0x77,write8
39938165750,0x388,0xe9,write8
39938263750,0x389,0x00,write8
39938316000,0x388,0x2c,write8
39938414000,0x389,0x22,write8
39938465750,0x388,0x4c,write8
39938563750,0x389,0x40,write8
39938615375,0x388,0x6c,write8
39938713375,0x389,0xf4,write8
39938765125,0x388,0x8c,write8
39938863125,0x389,0xf7,write8
39938914875,0x388,0xec,write8
39939013000,0x389,0x00,write8
39939068125,0x388,0xa4,write8
39939166125,0x389,0x5e,write8
39939217625,0x388,0xb4,write8
39939315625,0x389,0x23,write8
39949943500,0x388,0xb5,write8
39950041500,0x389,0x0b,write8
39950094000,0x388,0xc5,write8
39950191625,0x389,0x0a,write8
39950243500,0x388,0x2a,write8
39950341125,0x389,0x28,write8
39950392750,0x388,0x4a,write8
39950490500,0x389,0x2b,write8
39950542000,0x388,0x6a,write8
39950639625,0x389,0xe6,write8
39950691125,0x388,0x8a,write8
39950788750,0x389,0x97,write8
39950840250,0x388,0xea,write8
39950937875,0x389,0x02,write8
39950989875,0x388,0x2d,write8
39951087625,0x389,0x22,write8
39951139125,0x388,0x4d,write8
39951236750,0x389,0x08,write8
39951288250,0x388,0x6d,write8
39951385875,0x389,0xf6,write8
39951437375,0x388,0x8d,write8
39951535000,0x389,0xf7,write8
39951586750,0x388,0xed,write8
39951684875,0x389,0x00,write8
39951741750,0x388,0xa5,write8
39951839750,0x389,0x5e,write8
39951891375,0x388,0xb5,write8
39951989375,0x389,0x2f,write8
39966843500,0x388,0xb3,write8
39966941500,0x389,0x07,write8
39985863000,0x388,0xb5,write8
39985961000,0x389,0x0f,write8
39987971250,0x388,0xb2,write8
39988069500,0x389,0x0a,write8
40013327000,0x388,0xb2,write8
40013425000,0x389,0x0a,write8
40013477750,0x388,0xc2,write8
40013575750,0x389,0x0a,write8
40013627875,0x388,0x22,write8
40013725875,0x389,0x28,write8
40013777625,0x388,0x42,write8
40013875625,0x389,0x2b,write8
40013927250,0x388,0x62,write8
40014025375,0x389,0xe6,write8
40014077125,0x388,0x82,write8
40014175125,0x389,0x97,write8
40014226875,0x388,0xe2,write8
40014324875,0x389,0x02,write8
40014377000,0x388,0x25,write8
40014475000,0x389,0x22,write8
40014526750,0x388,0x45,write8
40014624750,0x389,0x08,write8
40014676500,0x388,0x65,write8
40014774500,0x389,0xf6,write8
40014826250,0x388,0x85,write8
40014924250,0x389,0xf7,write8
40014975875,0x388,0xe5,write8
40015074000,0x389,0x00,write8
40015130375,0x388,0xa2,write8
40015228375,0x389,0x5e,write8
40015280000,0x388,0xb2,write8
40015378000,0x389,0x2b,write8
40030229000,0x388,0xb4,write8
40030327000,0x389,0x03,write8
40074600500,0x388,0xb2,write8
40074698500,0x389,0x0b,write8
40087279125,0x388,0xb2,write8
40087377125,0x389,0x0b,write8
40087429750,0x388,0xc2,write8
40087527750,0x389,0x0a,write8
40087579875,0x388,0x22,write8
40087677875,0x389,0x22,write8
40087729625,0x388,0x42,write8
40087827625,0x389,0x19,write8
40087879250,0x388,0x62,write8
40087977375,0x389,0xc6,write8
40088029125,0x388,0x82,write8
40088127125,0x389,0x77,write8
40088178875,0x388,0xe2,write8
40088276875,0x389,0x00,write8
40088329125,0x388,0x25,write8
40088427125,0x389,0x22,write8
40088478750,0x388,0x45,write8
40088576750,0x389,0x40,write8
40088628500,0x388,0x65,write8
40088726500,0x389,0xf4,write8
40088778250,0x388,0x85,write8
40088876250,0x389,0xf7,write8
40088927875,0x388,0xe5,write8
40089026125,0x389,0x00,write8
40089081125,0x388,0xa2,write8
40089179125,0x389,0x5e,write8
40089230750,0x388,0xb2,write8
40089328750,0x389,0x23,write8
40089399250,0x388,0xb3,write8
40089497250,0x389,0x07,write8
40089550000,0x388,0xc3,write8
40089648000,0x389,0x00,write8
40089700125,0x388,0x28,write8
40089798125,0x389,0x00,write8
40089849750,0x388,0x48,write8
40089947875,0x389,0x0c,write8
40089999500,0x388,0x68,write8
40090097625,0x389,0xc8,write8
40090149375,0x388,0x88,write8
40090247375,0x389,0x4c,write8
40090299125,0x388,0xe8,write8
40090397125,0x389,0x00,write8
40090449250,0x388,0x2b,write8
40090547250,0x389,0x20,write8
40090599000,0x388,0x4b,write8
40090697000,0x389,0x00,write8
40090748750,0x388,0x6b,write8
40090846750,0x389,0xd6,write8
40090898375,0x388,0x8b,write8
40090996500,0x389,0xff,write8
40091048250,0x388,0xeb,write8
40091146250,0x389,0x00,write8
40091202000,0x388,0xa3,write8
40091300000,0x389,0x90,write8
40091351625,0x388,0xb3,write8
40091449625,0x389,0x27,write8
40104182750,0x388,0xb4,write8
40104280875,0x389,0x03,write8
40104333500,0x388,0xc4,write8
40104431500,0x389,0x0a,write8
40104483625,0x388,0x29,write8
40104581625,0x389,0x28,write8
40104633375,0x388,0x49,write8
40104731375,0x389,0x2b,write8
40104783000,0x388,0x69,write8
40104881000,0x389,0xe6,write8
40104932750,0x388,0x89,write8
40105030875,0x389,0x97,write8
40105082625,0x388,0xe9,write8
40105180625,0x389,0x02,write8
40105232875,0x388,0x2c,write8
40105330875,0x389,0x22,write8
40105382500,0x388,0x4c,write8
40105480500,0x389,0x08,write8
40105532250,0x388,0x6c,write8
40105630250,0x389,0xf6,write8
40105682000,0x388,0x8c,write8
40105780000,0x389,0xf7,write8
40105831625,0x388,0xec,write8
40105929625,0x389,0x00,write8
40105986625,0x388,0xa4,write8
40106084750,0x389,0x5e,write8
40106136375,0x388,0xb4,write8
40106234375,0x389,0x2f,write8
40129534625,0x388,0xb3,write8
40129632625,0x389,0x07,write8
40140097000,0x388,0xb4,write8
40140195000,0x389,0x0f,write8
40197144625,0x388,0xb1,write8
40197242625,0x389,0x0f,write8
40199256250,0x388,0xb1,write8
40199354250,0x389,0x0f,write8
40199407000,0x388,0xc1,write8
40199505000,0x389,0x0a,write8
40199557125,0x388,0x21,write8
40199655125,0x389,0x28,write8
40199706875,0x388,0x41,write8
40199804875,0x389,0x2b,write8
40199856500,0x388,0x61,write8
40199954500,0x389,0xe6,write8
40200006375,0x388,0x81,write8
40200104375,0x389,0x97,write8
40200156125,0x388,0xe1,write8
40200254125,0x389,0x02,write8
40200306250,0x388,0x24,write8
40200404250,0x389,0x22,write8
40200456000,0x388,0x44,write8
40200554000,0x389,0x08,write8
40200605750,0x388,0x64,write8
40200703750,0x389,0xf6,write8
40200755500,0x388,0x84,write8
40200853500,0x389,0xf7,write8
40200905125,0x388,0xe4,write8
40201003250,0x389,0x00,write8
40201059625,0x388,0xa1,write8
40201157625,0x389,0x5e,write8
40201209250,0x388,0xb1,write8
40201307250,0x389,0x2b,write8
40241511375,0x388,0xb1,write8
40241609375,0x389,0x0b,write8
40245737500,0x388,0xb2,write8
40245835500,0x389,0x03,write8
40249964375,0x388,0xb1,write8
40250062250,0x389,0x0b,write8
40250114875,0x388,0xc1,write8
40250212500,0x389,0x0a,write8
40250264375,0x388,0x21,write8
40250362000,0x389,0x28,write8
40250413500,0x388,0x41,write8
40250511125,0x389,0x2b,write8
40250562625,0x388,0x61,write8
40250660250,0x389,0xe6,write8
40250711750,0x388,0x81,write8
40250809375,0x389,0x97,write8
40250860875,0x388,0xe1,write8
40250958500,0x389,0x02,write8
40251010625,0x388,0x24,write8
40251108250,0x389,0x22,write8
40251159750,0x388,0x44,write8
40251257875,0x389,0x08,write8
40251309500,0x388,0x64,write8
40251407500,0x389,0xf6,write8
40251459250,0x388,0x84,write8
40251557250,0x389,0xf7,write8
40251609000,0x388,0xe4,write8
40251707000,0x389,0x00,write8
40251764000,0x388,0xa1,write8
40251862000,0x389,0x5e,write8
40251913500,0x388,0xb1,write8
40252011625,0x389,0x2f,write8
40254190500,0x388,0xb2,write8
40254288500,0x389,0x03,write8
40254341250,0x388,0xc2,write8
40254439250,0x389,0x0e,write8
40254491375,0x388,0x22,write8
40254589375,0x389,0xe6,write8
40254641000,0x388,0x42,write8
40254739000,0x389,0xe7,write8
40254790750,0x388,0x62,write8
40254888750,0x389,0x80,write8
40254940500,0x388,0x82,write8
40255038625,0x389,0x01,write8
40255090250,0x388,0xe2,write8
40255188250,0x389,0x00,write8
40255240500,0x388,0x25,write8
40255338500,0x389,0xe4,write8
40255390250,0x388,0x45,write8
40255488250,0x389,0x8d,write8
40255540000,0x388,0x65,write8
40255638000,0x389,0xf5,write8
40255689625,0x388,0x85,write8
40255787625,0x389,0x07,write8
40255839375,0x388,0xe5,write8
40255937375,0x389,0x00,write8
40255993750,0x388,0xa2,write8
40256091875,0x389,0x85,write8
40256143500,0x388,0xb2,write8
40256241500,0x389,0x2a,write8
40256300500,0x388,0xb3,write8
40256398625,0x389,0x07,write8
40256451250,0x388,0xc3,write8
40256549250,0x389,0x0e,write8
40256601375,0x388,0x28,write8
40256699375,0x389,0xe6,write8
40256751125,0x388,0x48,write8
40256849125,0x389,0xe7,write8
40256900750,0x388,0x68,write8
40256998750,0x389,0x80,write8
40257050625,0x388,0x88,write8
40257148625,0x389,0x01,write8
40257200375,0x388,0xe8,write8
40257298375,0x389,0x00,write8
40257350500,0x388,0x2b,write8
40257448625,0x389,0xe4,write8
40257500250,0x388,0x4b,write8
40257598250,0x389,0x8d,write8
40257650000,0x388,0x6b,write8
40257748000,0x389,0xf5,write8
40257799750,0x388,0x8b,write8
40257897750,0x389,0x07,write8
40257949375,0x388,0xeb,write8
40258047500,0x389,0x00,write8
40258103875,0x388,0xa3,write8
40258201875,0x389,0x5e,write8
40258253500,0x388,0xb3,write8
40258351500,0x389,0x2b,write8
40258411125,0x388,0xb4,write8
40258509125,0x389,0x0f,write8
40258561875,0x388,0xc4,write8
40258659875,0x389,0x0e,write8
40258711875,0x388,0x29,write8
40258809875,0x389,0xe6,write8
40258861625,0x388,0x49,write8
40258959625,0x389,0xe7,write8
40259011500,0x388,0x69,write8
40259109500,0x389,0x80,write8
40259161125,0x388,0x89,write8
40259259250,0x389,0x01,write8
40259310875,0x388,0xe9,write8
40259408875,0x389,0x00,write8
40259461125,0x388,0x2c,write8
40259559125,0x389,0xe4,write8
40259610875,0x388,0x4c,write8
40259708875,0x389,0x8d,write8
40259760500,0x388,0x6c,write8
40259858500,0x389,0xf5,write8
40259910250,0x388,0x8c,write8
40260008375,0x389,0x07,write8
40260060125,0x388,0xec,write8
40260158125,0x389,0x00,write8
40260215125,0x388,0xa4,write8
40260313125,0x389,0x00,write8
40260364625,0x388,0xb4,write8
40260462625,0x389,0x2e,write8
40260522750,0x388,0xb5,write8
40260620750,0x389,0x0f,write8
40260673500,0x388,0xc5,write8
40260771500,0x389,0x08,write8
40260823625,0x388,0x2a,write8
40260921625,0x389,0x20,write8
40260973250,0x388,0x4a,write8
40261071500,0x389,0x24,write8
40261123125,0x388,0x6a,write8
40261221125,0x389,0x62,write8
40261272875,0x388,0x8a,write8
40261370875,0x389,0x75,write8
40261422625,0x388,0xea,write8
40261520625,0x389,0x01,write8
40261572750,0x388,0x2d,write8
40261670750,0x389,0x22,write8
40261722500,0x388,0x4d,write8
40261820500,0x389,0x02,write8
40261872250,0x388,0x6d,write8
40261970250,0x389,0xa8,write8
40262022000,0x388,0x8d,write8
40262120125,0x389,0xf5,write8
40262171750,0x388,0xed,write8
40262269750,0x389,0x00,write8
40262326125,0x388,0xa5,write8
40262424125,0x389,0x85,write8
40262475750,0x388,0xb5,write8
40262573750,0x389,0x2a,write8
40290106875,0x388,0xb1,write8
40290204875,0x389,0x0f,write8
40323913750,0x388,0xb1,write8
40324011875,0x389,0x0f,write8
40324064625,0x388,0xc1,write8
40324162625,0x389,0x0a,write8
40324214750,0x388,0x21,write8
40324312750,0x389,0x28,write8
40324364375,0x388,0x41,write8
40324462375,0x389,0x2b,write8
40324514125,0x388,0x61,write8
40324612125,0x389,0xe6,write8
40324663875,0x388,0x81,write8
40324761875,0x389,0x97,write8
40324813500,0x388,0xe1,write8
40324911625,0x389,0x02,write8
40324963750,0x388,0x24,write8
40325061875,0x389,0x22,write8
40325113625,0x388,0x44,write8
40325211625,0x389,0x08,write8
40325263375,0x388,0x64,write8
40325361375,0x389,0xf6,write8
40325413000,0x388,0x84,write8
40325511000,0x389,0xf7,write8
40325562750,0x388,0xe4,write8
40325660750,0x389,0x00,write8
40325717125,0x388,0xa1,write8
40325815125,0x389,0x5e,write8
40325866750,0x388,0xb1,write8
40325964750,0x389,0x2b,write8
40328139000,0x388,0xb3,write8
40328237000,0x389,0x0b,write8
40334480625,0x388,0xb4,write8
40334578625,0x389,0x0e,write8
40342972250,0x388,0xb0,write8
40343070375,0x389,0x13,write8
40345042625,0x388,0xb5,write8
40345140625,0x389,0x0a,write8
40351382250,0x388,0xb2,write8
40351480250,0x389,0x0a,write8
40368285500,0x388,0xb0,write8
40368383625,0x389,0x13,write8
40368436250,0x388,0xc0,write8
40368534250,0x389,0x0a,write8
40368586375,0x388,0x20,write8
40368684375,0x389,0x28,write8
40368736125,0x388,0x40,write8
40368834125,0x389,0x2b,write8
40368885750,0x388,0x60,write8
40368983750,0x389,0xe6,write8
40369035625,0x388,0x80,write8
40369133625,0x389,0x97,write8
40369185375,0x388,0xe0,write8
40369283375,0x389,0x02,write8
40369335625,0x388,0x23,write8
40369433625,0x389,0x22,write8
40369485250,0x388,0x43,write8
40369583250,0x389,0x08,write8
40369635000,0x388,0x63,write8
40369733000,0x389,0xf6,write8
40369784750,0x388,0x83,write8
40369882750,0x389,0xf7,write8
40369934375,0x388,0xe3,write8
40370032500,0x389,0x00,write8
40370089500,0x388,0xa0,write8
40370187500,0x389,0x5e,write8
40370239125,0x388,0xb0,write8
40370337125,0x389,0x2f,write8
40376778250,0x388,0xb1,write8
40376876250,0x389,0x0b,write8
40404199500,0x388,0xb0,write8
40404297500,0x389,0x0f,write8
40427445000,0x388,0xb0,write8
40427543000,0x389,0x0f,write8
40427595750,0x388,0xc0,write8
40427693750,0x389,0x0e,write8
40427745875,0x388,0x20,write8
40427843875,0x389,0x21,write8
40427895500,0x388,0x40,write8
40427993500,0x389,0xcd,write8
40428045375,0x388,0x60,write8
40428143375,0x389,0x98,write8
40428195125,0x388,0x80,write8
40428293125,0x389,0x3f,write8
40428344750,0x388,0xe0,write8
40428442875,0x389,0x00,write8
40428495000,0x388,0x23,write8
40428593000,0x389,0x21,write8
40428644750,0x388,0x43,write8
40428742750,0x389,0x02,write8
40428794500,0x388,0x63,write8
40428892500,0x389,0x65,write8
40428944125,0x388,0x83,write8
40429042250,0x389,0x2a,write8
40429094000,0x388,0xe3,write8
40429192000,0x389,0x00,write8
40429250250,0x388,0xa0,write8
40429348250,0x389,0x00,write8
40429399875,0x388,0xb0,write8
40429497875,0x389,0x36,write8
40429556000,0x388,0xb1,write8
40429654000,0x389,0x0b,write8
40429706625,0x388,0xc1,write8
40429804625,0x389,0x0e,write8
40429856750,0x388,0x21,write8
40429954750,0x389,0xe6,write8
40430006625,0x388,0x41,write8
40430104625,0x389,0xe7,write8
40430156250,0x388,0x61,write8
40430254375,0x389,0x80,write8
40430306000,0x388,0x81,write8
40430404000,0x389,0x01,write8
40430455750,0x388,0xe1,write8
40430553750,0x389,0x00,write8
40430606000,0x388,0x24,write8
40430704000,0x389,0xe4,write8
40430755625,0x388,0x44,write8
40430853625,0x389,0x8d,write8
40430905375,0x388,0x64,write8
40431003500,0x389,0xf5,write8
40431055250,0x388,0x84,write8
40431153250,0x389,0x07,write8
40431204875,0x388,0xe4,write8
40431303000,0x389,0x00,write8
40431359250,0x388,0xa1,write8
40431457250,0x389,0x5e,write8
40431508875,0x388,0xb1,write8
40431606875,0x389,0x2b,write8
40431665500,0x388,0xb2,write8
40431763500,0x389,0x0a,write8
40431816250,0x388,0xc2,write8
40431914250,0x389,0x0e,write8
40431966250,0x388,0x22,write8
40432064500,0x389,0xe6,write8
40432116125,0x388,0x42,write8
40432214125,0x389,0xe7,write8
40432265875,0x388,0x62,write8
40432363875,0x389,0x80,write8
40432415625,0x388,0x82,write8
40432513625,0x389,0x01,write8
40432565250,0x388,0xe2,write8
40432663250,0x389,0x00,write8
40432715500,0x388,0x25,write8
40432813500,0x389,0xe4,write8
40432865250,0x388,0x45,write8
40432963250,0x389,0x8d,write8
40433015000,0x388,0x65,write8
40433113125,0x389,0xf5,write8
40433164750,0x388,0x85,write8
40433262750,0x389,0x07,write8
40433314500,0x388,0xe5,write8
40433412500,0x389,0x00,write8
40433469500,0x388,0xa2,write8
40433567500,0x389,0x00,write8
40433619000,0x388,0xb2,write8
40433717125,0x389,0x2e,write8
40433776125,0x388,0xb3,write8
40433874125,0x389,0x0b,write8
40433926875,0x388,0xc3,write8
40434025000,0x389,0x0e,write8
40434077125,0x388,0x28,write8
40434175125,0x389,0xe6,write8
40434226875,0x388,0x48,write8
40434324875,0x389,0xe7,write8
40434376500,0x388,0x68,write8
40434474500,0x389,0x80,write8
40434526250,0x388,0x88,write8
40434624250,0x389,0x01,write8
40434676000,0x388,0xe8,write8
40434774000,0x389,0x00,write8
40434826125,0x388,0x2b,write8
40434924250,0x389,0xe4,write8
40434975875,0x388,0x4b,write8
40435074000,0x389,0x8d,write8
40435125750,0x388,0x6b,write8
40435223375,0x389,0xf5,write8
40435274875,0x388,0x8b,write8
40435372500,0x389,0x07,write8
40435424000,0x388,0xeb,write8
40435521750,0x389,0x00,write8
40435578000,0x388,0xa3,write8
40435675625,0x389,0x85,write8
40435727000,0x388,0xb3,write8
40435824625,0x389,0x2a,write8
40435884000,0x388,0xb4,write8
40435981625,0x389,0x0e,write8
40436034250,0x388,0xc4,write8
40436131875,0x389,0x0a,write8
40436183750,0x388,0x29,write8
40436281375,0x389,0x2a,write8
40436332875,0x388,0x49,write8
40436430500,0x389,0x28,write8
40436482000,0x388,0x69,write8
40436579625,0x389,0xe6,write8
40436631125,0x388,0x89,write8
40436729125,0x389,0xd7,write8
40436780875,0x388,0xe9,write8
40436878875,0x389,0x00,write8
40436931125,0x388,0x2c,write8
40437029250,0x389,0x22,write8
40437080875,0x388,0x4c,write8
40437178875,0x389,0x06,write8
40437230625,0x388,0x6c,write8
40437328625,0x389,0xf6,write8
40437380375,0x388,0x8c,write8
40437478375,0x389,0xf7,write8
40437530125,0x388,0xec,write8
40437628125,0x389,0x00,write8
40437685625,0x388,0xa4,write8
40437783750,0x389,0x00,write8
40437835250,0x388,0xb4,write8
40437933250,0x389,0x32,write8
40437993250,0x388,0xb5,write8
40438091500,0x389,0x0a,write8
40438144250,0x388,0xc5,write8
40438242250,0x389,0x08,write8
40438294375,0x388,0x2a,write8
40438392375,0x389,0x20,write8
40438444000,0x388,0x4a,write8
40438542000,0x389,0x24,write8
40438593750,0x388,0x6a,write8
40438691750,0x389,0x62,write8
40438743500,0x388,0x8a,write8
40438841500,0x389,0x75,write8
40438893125,0x388,0xea,write8
40438991250,0x389,0x01,write8
40439043500,0x388,0x2d,write8
40439141500,0x389,0x22,write8
40439193250,0x388,0x4d,write8
40439291250,0x389,0x02,write8
40439343000,0x388,0x6d,write8
40439441000,0x389,0xa8,write8
40439492625,0x388,0x8d,write8
40439590625,0x389,0xf5,write8
40439642375,0x388,0xed,write8
40439740375,0x389,0x00,write8
40439796750,0x388,0xa5,write8
40439894750,0x389,0x85,write8
40439946375,0x388,0xb5,write8
40440044500,0x389,0x2a,write8
40440105000,0x388,0xb6,write8
40440203125,0x389,0x07,write8
40440255750,0x388,0xc6,write8
40440353750,0x389,0x00,write8
40440405875,0x388,0x30,write8
40440503875,0x389,0x20,write8
40440555625,0x388,0x50,write8
40440653625,0x389,0x00,write8
40440705250,0x388,0x70,write8
40440803375,0x389,0xfa,write8
40440855000,0x388,0x90,write8
40440953000,0x389,0x6a,write8
40441004875,0x388,0xf0,write8
40441102875,0x389,0x00,write8
40441155125,0x388,0x33,write8
40441253125,0x389,0x26,write8
40441304750,0x388,0x53,write8
40441402750,0x389,0x07,write8
40441454500,0x388,0x73,write8
40441552500,0x389,0xaa,write8
40441604250,0x388,0x93,write8
40441702250,0x389,0xfa,write8
40441753875,0x388,0xf3,write8
40441852000,0x389,0x00,write8
40441908875,0x388,0xa6,write8
40442007000,0x389,0x85,write8
40442058625,0x388,0xb6,write8
40442156625,0x389,0x2e,write8
40480267250,0x388,0xb6,write8
40480365375,0x389,0x0e,write8
40509846750,0x388,0xb5,write8
40509944750,0x389,0x0a,write8
40545761000,0x388,0xb3,write8
40545859125,0x389,0x0a,write8
40545915375,0x388,0xb1,write8
40546013500,0x389,0x0b,write8
40549986125,0x388,0xb2,write8
40550083875,0x389,0x0e,write8
40560554250,0x388,0xb4,write8
40560652250,0x389,0x12,write8
40596467625,0x388,0xb0,write8
40596565625,0x389,0x16,write8
40604920500,0x388,0xb0,write8
40605018625,0x389,0x16,write8
40605071375,0x388,0xc0,write8
40605169375,0x389,0x0e,write8
40605221500,0x388,0x20,write8
40605319500,0x389,0x21,write8
40605371125,0x388,0x40,write8
40605469125,0x389,0xcd,write8
40605520875,0x388,0x60,write8
40605618875,0x389,0x98,write8
40605670625,0x388,0x80,write8
40605768625,0x389,0x3f,write8
40605820250,0x388,0xe0,write8
40605918375,0x389,0x00,write8
40605970500,0x388,0x23,write8
40606068625,0x389,0x21,write8
40606120375,0x388,0x43,write8
40606218375,0x389,0x02,write8
40606270125,0x388,0x63,write8
40606368000,0x389,0x65,write8
40606419500,0x388,0x83,write8
40606517125,0x389,0x2a,write8
40606568625,0x388,0xe3,write8
40606666250,0x389,0x00,write8
40606723750,0x388,0xa0,write8
40606821500,0x389,0xc7,write8
40606872875,0x388,0xb0,write8
40606970500,0x389,0x33,write8
40607028500,0x388,0xb1,write8
40607126125,0x389,0x0b,write8
40607178625,0x388,0xc1,write8
40607276250,0x389,0x0a,write8
40607328125,0x388,0x21,write8
40607425750,0x389,0x2a,write8
40607477250,0x388,0x41,write8
40607574875,0x389,0x28,write8
40607626375,0x388,0x61,write8
40607724000,0x389,0xe6,write8
40607775500,0x388,0x81,write8
40607873125,0x389,0xd7,write8
40607925000,0x388,0xe1,write8
40608023125,0x389,0x00,write8
40608075250,0x388,0x24,write8
40608173250,0x389,0x22,write8
40608225000,0x388,0x44,write8
40608323000,0x389,0x06,write8
40608374750,0x388,0x64,write8
40608472750,0x389,0xf6,write8
40608524500,0x388,0x84,write8
40608622500,0x389,0xf7,write8
40608674125,0x388,0xe4,write8
40608772125,0x389,0x00,write8
40608829125,0x388,0xa1,write8
40608927125,0x389,0xc7,write8
40608978750,0x388,0xb1,write8
40609076875,0x389,0x2f,write8
40609135500,0x388,0xb2,write8
40609233500,0x389,0x0e,write8
40609286250,0x388,0xc2,write8
40609384250,0x389,0x08,write8
40609436250,0x388,0x22,write8
40609534250,0x389,0x20,write8
40609586000,0x388,0x42,write8
40609684000,0x389,0x24,write8
40609735750,0x388,0x62,write8
40609833750,0x389,0x62,write8
40609885375,0x388,0x82,write8
40609983375,0x389,0x75,write8
40610035250,0x388,0xe2,write8
40610133250,0x389,0x01,write8
40610185500,0x388,0x25,write8
40610283500,0x389,0x22,write8
40610335250,0x388,0x45,write8
40610433250,0x389,0x02,write8
40610484875,0x388,0x65,write8
40610582875,0x389,0xa8,write8
40610634625,0x388,0x85,write8
40610732625,0x389,0xf5,write8
40610784375,0x388,0xe5,write8
40610882375,0x389,0x00,write8
40610938750,0x388,0xa2,write8
40611036875,0x389,0x85,write8
40611088375,0x388,0xb2,write8
40611186375,0x389,0x2a,write8
40621827500,0x388,0xb3,write8
40621925125,0x389,0x0a,write8
40621977625,0x388,0xc3,write8
40622075375,0x389,0x0a,write8
40622127250,0x388,0x28,write8
40622225375,0x389,0x28,write8
40622277000,0x388,0x48,write8
40622375000,0x389,0x2b,write8
40622426750,0x388,0x68,write8
40622524750,0x389,0xe6,write8
40622576500,0x388,0x88,write8
40622674500,0x389,0x97,write8
40622726125,0x388,0xe8,write8
40622824250,0x389,0x02,write8
40622876375,0x388,0x2b,write8
40622974375,0x389,0x22,write8
40623026250,0x388,0x4b,write8
40623124250,0x389,0x08,write8
40623176000,0x388,0x6b,write8
40623274000,0x389,0xf6,write8
40623325625,0x388,0x8b,write8
40623423625,0x389,0xf7,write8
40623475375,0x388,0xeb,write8
40623573375,0x389,0x00,write8
40623630375,0x388,0xa3,write8
40623728375,0x389,0x00,write8
40623780000,0x388,0xb3,write8
40623878000,0x389,0x2f,write8
40649290000,0x388,0xb3,write8
40649387625,0x389,0x0f,write8
40666194375,0x388,0xb3,write8
40666292375,0x389,0x0f,write8
40666345125,0x388,0xc3,write8
40666443125,0x389,0x0a,write8
40666495250,0x388,0x28,write8
40666593250,0x389,0x28,write8
40666645000,0x388,0x48,write8
40666743000,0x389,0x2b,write8
40666794625,0x388,0x68,write8
40666892625,0x389,0xe6,write8
40666944375,0x388,0x88,write8
40667042500,0x389,0x97,write8
40667094250,0x388,0xe8,write8
40667192250,0x389,0x02,write8
40667244375,0x388,0x2b,write8
40667342375,0x389,0x22,write8
40667394125,0x388,0x4b,write8
40667492125,0x389,0x08,write8
40667543875,0x388,0x6b,write8
40667641875,0x389,0xf6,write8
40667693625,0x388,0x8b,write8
40667791625,0x389,0xf7,write8
40667843250,0x388,0xeb,write8
40667941250,0x389,0x00,write8
40667997625,0x388,0xa3,write8
40668095750,0x389,0xc7,write8
40668147375,0x388,0xb3,write8
40668245375,0x389,0x2b,write8
40689436375,0x388,0xb2,write8
40689534375,0x389,0x0a,write8
40714790875,0x388,0xb3,write8
40714888875,0x389,0x0b,write8
40727509250,0x388,0xb1,write8
40727607250,0x389,0x0f,write8
40750707000,0x388,0xb1,write8
40750805000,0x389,0x0f,write8
40750857750,0x388,0xc1,write8
40750955750,0x389,0x0a,write8
40751007875,0x388,0x21,write8
40751105875,0x389,0x28,write8
40751157625,0x388,0x41,write8
40751255625,0x389,0x2b,write8
40751307375,0x388,0x61,write8
40751405375,0x389,0xe6,write8
40751457000,0x388,0x81,write8
40751555125,0x389,0x97,write8
40751606750,0x388,0xe1,write8
40751704750,0x389,0x02,write8
40751757000,0x388,0x24,write8
40751855000,0x389,0x22,write8
40751906750,0x388,0x44,write8
40752004875,0x389,0x08,write8
40752056500,0x388,0x64,write8
40752154500,0x389,0xf6,write8
40752206250,0x388,0x84,write8
40752304250,0x389,0xf7,write8
40752356000,0x388,0xe4,write8
40752454000,0x389,0x00,write8
40752511000,0x388,0xa1,write8
40752609000,0x389,0x00,write8
40752660500,0x388,0xb1,write8
40752758500,0x389,0x2f,write8
40759156250,0x388,0xb0,write8
40759254250,0x389,0x13,write8
40767609250,0x388,0xb0,write8
40767707250,0x389,0x13,write8
40767760000,0x388,0xc0,write8
40767858000,0x389,0x0e,write8
40767910000,0x388,0x20,write8
40768008125,0x389,0x21,write8
40768059875,0x388,0x40,write8
40768157875,0x389,0xcd,write8
40768209625,0x388,0x60,write8
40768307625,0x389,0x98,write8
40768359250,0x388,0x80,write8
40768457250,0x389,0x3f,write8
40768509000,0x388,0xe0,write8
40768607000,0x389,0x00,write8
40768659250,0x388,0x23,write8
40768757250,0x389,0x21,write8
40768809000,0x388,0x43,write8
40768907000,0x389,0x02,write8
40768958625,0x388,0x63,write8
40769056750,0x389,0x65,write8
40769108500,0x388,0x83,write8
40769206500,0x389,0x2a,write8
40769258250,0x388,0xe3,write8
40769356250,0x389,0x00,write8
40769413875,0x388,0xa0,write8
40769511875,0x389,0x5e,write8
40769563375,0x388,0xb0,write8
40769661375,0x389,0x33,write8
40769720000,0x388,0xb2,write8
40769818000,0x389,0x0a,write8
40769870750,0x388,0xc2,write8
40769968750,0x389,0x0a,write8
40770021000,0x388,0x22,write8
40770119000,0x389,0x2a,write8
40770170625,0x388,0x42,write8
40770268625,0x389,0x28,write8
40770320375,0x388,0x62,write8
40770418375,0x389,0xe6,write8
40770470125,0x388,0x82,write8
40770568125,0x389,0xd7,write8
40770619875,0x388,0xe2,write8
40770717875,0x389,0x00,write8
40770770000,0x388,0x25,write8
40770868000,0x389,0x22,write8
40770919750,0x388,0x45,write8
40771017875,0x389,0x06,write8
40771069625,0x388,0x65,write8
40771167625,0x389,0xf6,write8
40771219250,0x388,0x85,write8
40771317250,0x389,0xf7,write8
40771369000,0x388,0xe5,write8
40771467000,0x389,0x00,write8
40771524000,0x388,0xa2,write8
40771622000,0x389,0x5e,write8
40771673625,0x388,0xb2,write8
40771771625,0x389,0x2f,write8
40788739250,0x388,0xb1,write8
40788837250,0x389,0x0f,write8
40814094875,0x388,0xb1,write8
40814192875,0x389,0x0f,write8
40814245500,0x388,0xc1,write8
40814343500,0x389,0x0a,write8
40814395625,0x388,0x21,write8
40814493625,0x389,0x28,write8
40814545375,0x388,0x41,write8
40814643375,0x389,0x2b,write8
40814695125,0x388,0x61,write8
40814793125,0x389,0xe6,write8
40814844750,0x388,0x81,write8
40814942750,0x389,0x97,write8
40814994500,0x388,0xe1,write8
40815092625,0x389,0x02,write8
40815144875,0x388,0x24,write8
40815242875,0x389,0x22,write8
40815294500,0x388,0x44,write8
40815392500,0x389,0x08,write8
40815444250,0x388,0x64,write8
40815542250,0x389,0xf6,write8
40815594000,0x388,0x84,write8
40815692000,0x389,0xf7,write8
40815743625,0x388,0xe4,write8
40815841750,0x389,0x00,write8
40815898000,0x388,0xa1,write8
40815996000,0x389,0xc7,write8
40816047750,0x388,0xb1,write8
40816145750,0x389,0x2b,write8
40862685750,0x388,0xb1,write8
40862783750,0x389,0x0b,write8
40881704375,0x388,0xb2,write8
40881802375,0x389,0x0f,write8
40900718500,0x388,0xb1,write8
40900816500,0x389,0x0b,write8
40900869125,0x388,0xc1,write8
40900967125,0x389,0x0a,write8
40901019375,0x388,0x21,write8
40901117375,0x389,0x28,write8
40901169125,0x388,0x41,write8
40901267125,0x389,0x2b,write8
40901318750,0x388,0x61,write8
40901416875,0x389,0xe6,write8
40901468500,0x388,0x81,write8
40901566500,0x389,0x97,write8
40901618250,0x388,0xe1,write8
40901716250,0x389,0x02,write8
40901768500,0x388,0x24,write8
40901866500,0x389,0x22,write8
40901918125,0x388,0x44,write8
40902016250,0x389,0x08,write8
40902068000,0x388,0x64,write8
40902166000,0x389,0xf6,write8
40902217750,0x388,0x84,write8
40902315750,0x389,0xf7,write8
40902367375,0x388,0xe4,write8
40902465500,0x389,0x00,write8
40902522375,0x388,0xa1,write8
40902620375,0x389,0x00,write8
40902672000,0x388,0xb1,write8
40902770000,0x389,0x2f,write8
40923960250,0x388,0xb0,write8
40924058375,0x389,0x13,write8
40926070750,0x388,0xb1,write8
40926168750,0x389,0x0f,write8
40932455625,0x388,0xb0,write8
40932553625,0x389,0x13,write8
40932606375,0x388,0xc0,write8
40932704375,0x389,0x0e,write8
40932756500,0x388,0x20,write8
40932854500,0x389,0x21,write8
40932906125,0x388,0x40,write8
40933004375,0x389,0xcd,write8
40933056000,0x388,0x60,write8
40933154000,0x389,0x98,write8
40933205750,0x388,0x80,write8
40933303750,0x389,0x3f,write8
40933355500,0x388,0xe0,write8
40933453500,0x389,0x00,write8
40933505625,0x388,0x23,write8
40933603625,0x389,0x21,write8
40933655375,0x388,0x43,write8
40933753375,0x389,0x02,write8
40933805125,0x388,0x63,write8
40933903125,0x389,0x65,write8
40933954750,0x388,0x83,write8
40934053000,0x389,0x2a,write8
40934104625,0x388,0xe3,write8
40934202625,0x389,0x00,write8
40934260250,0x388,0xa0,write8
40934358250,0x389,0x00,write8
40934409875,0x388,0xb0,write8
40934507875,0x389,0x33,write8
40934565750,0x388,0xb1,write8
40934663375,0x389,0x0f,write8
40934715875,0x388,0xc1,write8
40934813500,0x389,0x0a,write8
40934865375,0x388,0x21,write8
40934963250,0x389,0x2a,write8
40935014875,0x388,0x41,write8
40935112500,0x389,0x28,write8
40935164000,0x388,0x61,write8
40935261625,0x389,0xe6,write8
40935313125,0x388,0x81,write8
40935410750,0x389,0xd7,write8
40935462250,0x388,0xe1,write8
40935559875,0x389,0x00,write8
40935611875,0x388,0x24,write8
40935709500,0x389,0x22,write8
40935761000,0x388,0x44,write8
40935858625,0x389,0x06,write8
40935910125,0x388,0x64,write8
40936007875,0x389,0xf6,write8
40936059625,0x388,0x84,write8
40936157625,0x389,0xf7,write8
40936209250,0x388,0xe4,write8
40936307375,0x389,0x00,write8
40936364250,0x388,0xa1,write8
40936462250,0x389,0x00,write8
40936513875,0x388,0xb1,write8
40936611875,0x389,0x2f,write8
40936670500,0x388,0xb2,write8
40936768500,0x389,0x0f,write8
40936821250,0x388,0xc2,write8
40936919250,0x389,0x0e,write8
40936971250,0x388,0x22,write8
40937069375,0x389,0xe6,write8
40937121125,0x388,0x42,write8
40937219125,0x389,0xe7,write8
40937270875,0x388,0x62,write8
40937368875,0x389,0x80,write8
40937420625,0x388,0x82,write8
40937518625,0x389,0x01,write8
40937570250,0x388,0xe2,write8
40937668250,0x389,0x00,write8
40937720500,0x388,0x25,write8
40937818500,0x389,0xe4,write8
40937870250,0x388,0x45,write8
40937968250,0x389,0x8d,write8
40938020000,0x388,0x65,write8
40938118000,0x389,0xf5,write8
40938169750,0x388,0x85,write8
40938267750,0x389,0x07,write8
40938319500,0x388,0xe5,write8
40938417500,0x389,0x00,write8
40938473875,0x388,0xa2,write8
40938571875,0x389,0x3f,write8
40938623375,0x388,0xb2,write8
40938721375,0x389,0x2a,write8
40938780500,0x388,0xb3,write8
40938878500,0x389,0x0b,write8
40938931250,0x388,0xc3,write8
40939029375,0x389,0x0e,write8
40939081500,0x388,0x28,write8
40939179500,0x389,0xe6,write8
40939231250,0x388,0x48,write8
40939329250,0x389,0xe7,write8
40939380875,0x388,0x68,write8
40939478875,0x389,0x80,write8
40939530625,0x388,0x88,write8
40939628625,0x389,0x01,write8
40939680375,0x388,0xe8,write8
40939778375,0x389,0x00,write8
40939830500,0x388,0x2b,write8
40939928500,0x389,0xe4,write8
40939980250,0x388,0x4b,write8
40940078375,0x389,0x8d,write8
40940130125,0x388,0x6b,write8
40940228125,0x389,0xf5,write8
40940279875,0x388,0x8b,write8
40940377875,0x389,0x07,write8
40940429500,0x388,0xeb,write8
40940527500,0x389,0x00,write8
40940583875,0x388,0xa3,write8
40940681875,0x389,0x00,write8
40940733500,0x388,0xb3,write8
40940831500,0x389,0x2b,write8
40940891125,0x388,0xb4,write8
40940989125,0x389,0x12,write8
40941041875,0x388,0xc4,write8
40941140000,0x389,0x0e,write8
40941192000,0x388,0x29,write8
40941290000,0x389,0xe6,write8
40941341750,0x388,0x49,write8
40941439750,0x389,0xe7,write8
40941491500,0x388,0x69,write8
40941589500,0x389,0x80,write8
40941641125,0x388,0x89,write8
40941739125,0x389,0x01,write8
40941790875,0x388,0xe9,write8
40941888875,0x389,0x00,write8
40941941125,0x388,0x2c,write8
40942039250,0x389,0xe4,write8
40942091000,0x388,0x4c,write8
40942189000,0x389,0x8d,write8
40942240625,0x388,0x6c,write8
40942338625,0x389,0xf5,write8
40942390375,0x388,0x8c,write8
40942488375,0x389,0x07,write8
40942540125,0x388,0xec,write8
40942638125,0x389,0x00,write8
40942694375,0x388,0xa4,write8
40942792500,0x389,0xc7,write8
40942844000,0x388,0xb4,write8
40942942000,0x389,0x2b,write8
40943002250,0x388,0xb5,write8
40943100250,0x389,0x0a,write8
40943153000,0x388,0xc5,write8
40943251000,0x389,0x08,write8
40943303125,0x388,0x2a,write8
40943401125,0x389,0x20,write8
40943452750,0x388,0x4a,write8
40943550750,0x389,0x24,write8
40943602500,0x388,0x6a,write8
40943700500,0x389,0x62,write8
40943752250,0x388,0x8a,write8
40943850250,0x389,0x75,write8
40943901875,0x388,0xea,write8
40944000000,0x389,0x01,write8
40944052250,0x388,0x2d,write8
40944150250,0x389,0x22,write8
40944202000,0x388,0x4d,write8
40944300000,0x389,0x02,write8
40944351750,0x388,0x6d,write8
40944449750,0x389,0xa8,write8
40944501375,0x388,0x8d,write8
40944599375,0x389,0xf5,write8
40944651125,0x388,0xed,write8
40944749125,0x389,0x00,write8
40944805500,0x388,0xa5,write8
40944903500,0x389,0x85,write8
40944955125,0x388,0xb5,write8
40945053250,0x389,0x2a,write8
40945113875,0x388,0xb6,write8
40945211875,0x389,0x0e,write8
40945264500,0x388,0xc6,write8
40945362500,0x389,0x00,write8
40945414625,0x388,0x30,write8
40945512625,0x389,0x20,write8
40945564375,0x388,0x50,write8
40945662375,0x389,0x00,write8
40945714125,0x388,0x70,write8
40945812125,0x389,0xfa,write8
40945863750,0x388,0x90,write8
40945961750,0x389,0x6a,write8
40946013625,0x388,0xf0,write8
40946111625,0x389,0x00,write8
40946163875,0x388,0x33,write8
40946261875,0x389,0x26,write8
40946313500,0x388,0x53,write8
40946411500,0x389,0x07,write8
40946463250,0x388,0x73,write8
40946561250,0x389,0xaa,write8
40946613000,0x388,0x93,write8
40946711000,0x389,0xfa,write8
40946762750,0x388,0xf3,write8
40946860750,0x389,0x00,write8
40946917625,0x388,0xa6,write8
40947015750,0x389,0x85,write8
40947067375,0x388,0xb6,write8
40947165375,0x389,0x2e,write8
40970447875,0x388,0xb7,write8
40970545875,0x389,0x0b,write8
40970598625,0x388,0xc7,write8
40970696625,0x389,0x0a,write8
40970748625,0x388,0x31,write8
40970846625,0x389,0x28,write8
40970898375,0x388,0x51,write8
40970996375,0x389,0x2b,write8
40971048250,0x388,0x71,write8
40971146250,0x389,0xe6,write8
40971197875,0x388,0x91,write8
40971296000,0x389,0x97,write8
40971347625,0x388,0xf1,write8
40971445625,0x389,0x02,write8
40971497875,0x388,0x34,write8
40971595875,0x389,0x22,write8
40971647625,0x388,0x54,write8
40971745625,0x389,0x08,write8
40971797250,0x388,0x74,write8
40971895250,0x389,0xf6,write8
40971947000,0x388,0x94,write8
40972045125,0x389,0xf7,write8
40972096875,0x388,0xf4,write8
40972194875,0x389,0x00,write8
40972251250,0x388,0xa7,write8
40972349250,0x389,0xc7,write8
40972400750,0x388,0xb7,write8
40972498750,0x389,0x2b,write8
40983122750,0x388,0xb6,write8
40983220750,0x389,0x0e,write8
41016927125,0x388,0xb4,write8
41017025250,0x389,0x0b,write8
41023262375,0x388,0xb3,write8
41023360375,0x389,0x0b,write8
41025377375,0x388,0xb2,write8
41025475500,0x389,0x0a,write8
41033830375,0x388,0xb2,write8
41033928500,0x389,0x0a,write8
41033981125,0x388,0xc2,write8
41034079250,0x389,0x0a,write8
41034131375,0x388,0x22,write8
41034229375,0x389,0x28,write8
41034281125,0x388,0x42,write8
41034379125,0x389,0x2b,write8
41034430625,0x388,0x62,write8
41034528250,0x389,0xe6,write8
41034579750,0x388,0x82,write8
41034677375,0x389,0x97,write8
41034728875,0x388,0xe2,write8
41034826750,0x389,0x02,write8
41034878750,0x388,0x25,write8
41034976375,0x389,0x22,write8
41035028000,0x388,0x45,write8
41035125625,0x389,0x08,write8
41035177125,0x388,0x65,write8
41035274750,0x389,0xf6,write8
41035326250,0x388,0x85,write8
41035423875,0x389,0xf7,write8
41035475375,0x388,0xe5,write8
41035573000,0x389,0x00,write8
41035629750,0x388,0xa2,write8
41035727375,0x389,0x00,write8
41035778750,0x388,0xb2,write8
41035876375,0x389,0x2f,write8
41048615500,0x388,0xb1,write8
41048713250,0x389,0x0f,write8
41052843125,0x388,0xb5,write8
41052941125,0x389,0x0a,write8
41078198375,0x388,0xb7,write8
41078296000,0x389,0x0b,write8
41095098500,0x388,0xb2,write8
41095196625,0x389,0x0f,write8
41095252375,0x388,0xb0,write8
41095350375,0x389,0x13,write8
41107776000,0x388,0xb0,write8
41107874125,0x389,0x13,write8
41107926750,0x388,0xc0,write8
41108024875,0x389,0x0e,write8
41108077000,0x388,0x20,write8
41108175000,0x389,0x21,write8
41108226750,0x388,0x40,write8
41108324750,0x389,0xcd,write8
41108376375,0x388,0x60,write8
41108474375,0x389,0x98,write8
41108526125,0x388,0x80,write8
41108624125,0x389,0x3f,write8
41108675875,0x388,0xe0,write8
41108773875,0x389,0x00,write8
41108826000,0x388,0x23,write8
41108924125,0x389,0x21,write8
41108975750,0x388,0x43,write8
41109073875,0x389,0x02,write8
41109125625,0x388,0x63,write8
41109223625,0x389,0x65,write8
41109275375,0x388,0x83,write8
41109373375,0x389,0x2a,write8
41109425000,0x388,0xe3,write8
41109523000,0x389,0x00,write8
41109580625,0x388,0xa0,write8
41109678625,0x389,0xc7,write8
41109730250,0x388,0xb0,write8
41109828250,0x389,0x33,write8
41109886375,0x388,0xb1,write8
41109984375,0x389,0x0f,write8
41110037250,0x388,0xc1,write8
41110135250,0x389,0x0e,write8
41110187250,0x388,0x21,write8
41110285250,0x389,0xe6,write8
41110337000,0x388,0x41,write8
41110435000,0x389,0xe7,write8
41110486750,0x388,0x61,write8
41110584750,0x389,0x80,write8
41110636375,0x388,0x81,write8
41110734500,0x389,0x01,write8
41110786125,0x388,0xe1,write8
41110884125,0x389,0x00,write8
41110936375,0x388,0x24,write8
41111034500,0x389,0xe4,write8
41111086250,0x388,0x44,write8
41111184250,0x389,0x8d,write8
41111235875,0x388,0x64,write8
41111333875,0x389,0xf5,write8
41111385625,0x388,0x84,write8
41111483625,0x389,0x07,write8
41111535375,0x388,0xe4,write8
41111633375,0x389,0x00,write8
41111689750,0x388,0xa1,write8
41111787750,0x389,0x00,write8
41111839250,0x388,0xb1,write8
41111937250,0x389,0x2b,write8
41111995875,0x388,0xb2,write8
41112094000,0x389,0x0f,write8
41112146750,0x388,0xc2,write8
41112244750,0x389,0x0e,write8
41112296875,0x388,0x22,write8
41112394875,0x389,0xe6,write8
41112446500,0x388,0x42,write8
41112544500,0x389,0xe7,write8
41112596250,0x388,0x62,write8
41112694250,0x389,0x80,write8
41112746000,0x388,0x82,write8
41112844000,0x389,0x01,write8
41112895750,0x388,0xe2,write8
41112993750,0x389,0x00,write8
41113046000,0x388,0x25,write8
41113144000,0x389,0xe4,write8
41113195750,0x388,0x45,write8
41113293750,0x389,0x8d,write8
41113345500,0x388,0x65,write8
41113443500,0x389,0xf5,write8
41113495125,0x388,0x85,write8
41113593125,0x389,0x07,write8
41113644875,0x388,0xe5,write8
41113742875,0x389,0x00,write8
41113799250,0x388,0xa2,write8
41113897250,0x389,0x3f,write8
41113948875,0x388,0xb2,write8
41114047000,0x389,0x2a,write8
41114106125,0x388,0xb3,write8
41114204125,0x389,0x0b,write8
41114256750,0x388,0xc3,write8
41114354750,0x389,0x0e,write8
41114406875,0x388,0x28,write8
41114504875,0x389,0xe6,write8
41114556625,0x388,0x48,write8
41114654625,0x389,0xe7,write8
41114706375,0x388,0x68,write8
41114804375,0x389,0x80,write8
41114856000,0x388,0x88,write8
41114954000,0x389,0x01,write8
41115005875,0x388,0xe8,write8
41115103875,0x389,0x00,write8
41115156125,0x388,0x2b,write8
41115254125,0x389,0xe4,write8
41115305750,0x388,0x4b,write8
41115403750,0x389,0x8d,write8
41115455500,0x388,0x6b,write8
41115553500,0x389,0xf5,write8
41115605250,0x388,0x8b,write8
41115703250,0x389,0x07,write8
41115755000,0x388,0xeb,write8
41115853000,0x389,0x00,write8
41115909250,0x388,0xa3,write8
41116007375,0x389,0xc7,write8
41116059000,0x388,0xb3,write8
41116157000,0x389,0x2b,write8
41116216625,0x388,0xb4,write8
41116314625,0x389,0x0b,write8
41116367375,0x388,0xc4,write8
41116465375,0x389,0x0a,write8
41116517500,0x388,0x29,write8
41116615500,0x389,0x2a,write8
41116667125,0x388,0x49,write8
41116765125,0x389,0x28,write8
41116816875,0x388,0x69,write8
41116914875,0x389,0xe6,write8
41116966625,0x388,0x89,write8
41117064750,0x389,0xd7,write8
41117116375,0x388,0xe9,write8
41117214375,0x389,0x00,write8
41117266625,0x388,0x2c,write8
41117364625,0x389,0x22,write8
41117416375,0x388,0x4c,write8
41117514375,0x389,0x06,write8
41117566125,0x388,0x6c,write8
41117664125,0x389,0xf6,write8
41117715750,0x388,0x8c,write8
41117813750,0x389,0xf7,write8
41117865500,0x388,0xec,write8
41117963500,0x389,0x00,write8
41118020625,0x388,0xa4,write8
41118118625,0x389,0xc7,write8
41118170250,0x388,0xb4,write8
41118268250,0x389,0x2f,write8
41190176000,0x388,0xb2,write8
41190274125,0x389,0x0a,write8
41194401125,0x388,0xb1,write8
41194499250,0x389,0x0b,write8
41202853500,0x388,0xb3,write8
41202951500,0x389,0x0b,write8
41236659375,0x388,0xb4,write8
41236757375,0x389,0x0f,write8
41270462875,0x388,0xb0,write8
41270560875,0x389,0x13,write8
41278915750,0x388,0xb0,write8
41279013875,0x389,0x13,write8
41279066625,0x388,0xc0,write8
41279164625,0x389,0x0e,write8
41279216625,0x388,0x20,write8
41279314750,0x389,0x21,write8
41279366375,0x388,0x40,write8
41279464375,0x389,0xcd,write8
41279516125,0x388,0x60,write8
41279614125,0x389,0x98,write8
41279665875,0x388,0x80,write8
41279763875,0x389,0x3f,write8
41279815500,0x388,0xe0,write8
41279913500,0x389,0x00,write8
41279965750,0x388,0x23,write8
41280063875,0x389,0x21,write8
41280115625,0x388,0x43,write8
41280213625,0x389,0x02,write8
41280265250,0x388,0x63,write8
41280363375,0x389,0x65,write8
41280415000,0x388,0x83,write8
41280513000,0x389,0x2a,write8
41280564750,0x388,0xe3,write8
41280662750,0x389,0x00,write8
41280721000,0x388,0xa0,write8
41280819000,0x389,0x00,write8
41280870625,0x388,0xb0,write8
41280968625,0x389,0x36,write8
41281026750,0x388,0xb1,write8
41281124875,0x389,0x0b,write8
41281177500,0x388,0xc1,write8
41281275500,0x389,0x0a,write8
41281327625,0x388,0x21,write8
41281425625,0x389,0x2a,write8
41281477375,0x388,0x41,write8
41281575375,0x389,0x28,write8
41281627000,0x388,0x61,write8
41281725000,0x389,0xe6,write8
41281776750,0x388,0x81,write8
41281874750,0x389,0xd7,write8
41281926500,0x388,0xe1,write8
41282024625,0x389,0x00,write8
41282076750,0x388,0x24,write8
41282174875,0x389,0x22,write8
41282226500,0x388,0x44,write8
41282324500,0x389,0x06,write8
41282376250,0x388,0x64,write8
41282474250,0x389,0xf6,write8
41282526000,0x388,0x84,write8
41282624000,0x389,0xf7,write8
41282675625,0x388,0xe4,write8
41282773625,0x389,0x00,write8
41282831250,0x388,0xa1,write8
41282929250,0x389,0x00,write8
41282980875,0x388,0xb1,write8
41283079000,0x389,0x32,write8
41283137625,0x388,0xb2,write8
41283235625,0x389,0x0a,write8
41283288375,0x388,0xc2,write8
41283386375,0x389,0x00,write8
41283438375,0x388,0x22,write8
41283536375,0x389,0x00,write8
41283588125,0x388,0x42,write8
41283686125,0x389,0x0c,write8
41283737875,0x388,0x62,write8
41283835875,0x389,0xc8,write8
41283887500,0x388,0x82,write8
41283985625,0x389,0x4c,write8
41284037375,0x388,0xe2,write8
41284135375,0x389,0x00,write8
41284187625,0x388,0x25,write8
41284285625,0x389,0x20,write8
41284337375,0x388,0x45,write8
41284435375,0x389,0x00,write8
41284487000,0x388,0x65,write8
41284585000,0x389,0xd6,write8
41284636750,0x388,0x85,write8
41284734750,0x389,0xff,write8
41284786500,0x388,0xe5,write8
41284884500,0x389,0x00,write8
41284940250,0x388,0xa2,write8
41285038375,0x389,0x90,write8
41285089875,0x388,0xb2,write8
41285187875,0x389,0x27,write8
41310612625,0x388,0xb3,write8
41310710750,0x389,0x0b,write8
41310763375,0x388,0xc3,write8
41310861375,0x389,0x0a,write8
41310913500,0x388,0x28,write8
41311011625,0x389,0x22,write8
41311063375,0x388,0x48,write8
41311161375,0x389,0x19,write8
41311213000,0x388,0x68,write8
41311311000,0x389,0xc6,write8
41311362750,0x388,0x88,write8
41311460750,0x389,0x77,write8
41311512500,0x388,0xe8,write8
41311610500,0x389,0x00,write8
41311662750,0x388,0x2b,write8
41311760750,0x389,0x22,write8
41311812375,0x388,0x4b,write8
41311910375,0x389,0x40,write8
41311962125,0x388,0x6b,write8
41312060250,0x389,0xf4,write8
41312112000,0x388,0x8b,write8
41312210000,0x389,0xf7,write8
41312261625,0x388,0xeb,write8
41312359625,0x389,0x00,write8
41312415375,0x388,0xa3,write8
41312513375,0x389,0x00,write8
41312565000,0x388,0xb3,write8
41312663000,0x389,0x26,write8
41323287500,0x388,0xb2,write8
41323385500,0x389,0x07,write8
41384556625,0x388,0xb1,write8
41384654625,0x389,0x12,write8
41403576000,0x388,0xb3,write8
41403674000,0x389,0x06,write8
41437379875,0x388,0xb0,write8
41437477875,0x389,0x16,write8
41447942875,0x388,0xb0,write8
41448041000,0x389,0x16,write8
41448093750,0x388,0xc0,write8
41448191625,0x389,0x00,write8
41448243500,0x388,0x20,write8
41448341125,0x389,0x00,write8
41448392625,0x388,0x40,write8
41448490250,0x389,0x0c,write8
41448541875,0x388,0x60,write8
41448639625,0x389,0xc8,write8
41448691125,0x388,0x80,write8
41448788750,0x389,0x4c,write8
41448840250,0x388,0xe0,write8
41448937875,0x389,0x00,write8
41448989875,0x388,0x23,write8
41449087625,0x389,0x20,write8
41449139125,0x388,0x43,write8
41449236750,0x389,0x00,write8
41449288250,0x388,0x63,write8
41449385875,0x389,0xd6,write8
41449437375,0x388,0x83,write8
41449535000,0x389,0xff,write8
41449586500,0x388,0xe3,write8
41449684125,0x389,0x00,write8
41449740000,0x388,0xa0,write8
41449838000,0x389,0x90,write8
41449889500,0x388,0xb0,write8
41449987500,0x389,0x27,write8
41450045750,0x388,0xb1,write8
41450143750,0x389,0x12,write8
41450196500,0x388,0xc1,write8
41450294500,0x389,0x00,write8
41450346625,0x388,0x21,write8
41450444625,0x389,0x20,write8
41450496250,0x388,0x41,write8
41450594375,0x389,0x00,write8
41450646000,0x388,0x61,write8
41450744000,0x389,0xfa,write8
41450795750,0x388,0x81,write8
41450893750,0x389,0x6a,write8
41450945500,0x388,0xe1,write8
41451043625,0x389,0x00,write8
41451095750,0x388,0x24,write8
41451193750,0x389,0x26,write8
41451245500,0x388,0x44,write8
41451343500,0x389,0x07,write8
41451395250,0x388,0x64,write8
41451493250,0x389,0xaa,write8
41451544875,0x388,0x84,write8
41451643000,0x389,0xfa,write8
41451694625,0x388,0xe4,write8
41451792625,0x389,0x00,write8
41451850250,0x388,0xa1,write8
41451948250,0x389,0x00,write8
41451999875,0x388,0xb1,write8
41452098000,0x389,0x32,write8
41460620875,0x388,0xb2,write8
41460718875,0x389,0x07,write8
41460771625,0x388,0xc2,write8
41460869625,0x389,0x0a,write8
41460921750,0x388,0x22,write8
41461019875,0x389,0x22,write8
41461071500,0x388,0x42,write8
41461169500,0x389,0x19,write8
41461221250,0x388,0x62,write8
41461319250,0x389,0xc6,write8
41461371000,0x388,0x82,write8
41461469000,0x389,0x77,write8
41461520625,0x388,0xe2,write8
41461618625,0x389,0x00,write8
41461670875,0x388,0x25,write8
41461768875,0x389,0x22,write8
41461820625,0x388,0x45,write8
41461918625,0x389,0x40,write8
41461970375,0x388,0x65,write8
41462068500,0x389,0xf4,write8
41462120125,0x388,0x85,write8
41462218125,0x389,0xf7,write8
41462269875,0x388,0xe5,write8
41462367875,0x389,0x00,write8
41462423625,0x388,0xa2,write8
41462521250,0x389,0x00,write8
41462572625,0x388,0xb2,write8
41462670250,0x389,0x26,write8
41488087875,0x388,0xb0,write8
41488186000,0x389,0x07,write8
41488242250,0x388,0xb1,write8
41488340250,0x389,0x12,write8
41612743500,0x388,0xb2,write8
41612841500,0x389,0x06,write8
41612899000,0x388,0xb0,write8
41612997000,0x389,0x07,write8
41613049875,0x388,0xc0,write8
41613147875,0x389,0x0e,write8
41613200000,0x388,0x20,write8
41613298000,0x389,0x21,write8
41613349625,0x388,0x40,write8
41613447625,0x389,0xcd,write8
41613499375,0x388,0x60,write8
41613597375,0x389,0x98,write8
41613649125,0x388,0x80,write8
41613747125,0x389,0x3f,write8
41613798750,0x388,0xe0,write8
41613896750,0x389,0x00,write8
41613949000,0x388,0x23,write8
41614047125,0x389,0x21,write8
41614098875,0x388,0x43,write8
41614196875,0x389,0x02,write8
41614248625,0x388,0x63,write8
41614346625,0x389,0x65,write8
41614398250,0x388,0x83,write8
41614496250,0x389,0x2a,write8
41614548000,0x388,0xe3,write8
41614646000,0x389,0x00,write8
41614704250,0x388,0xa0,write8
41614802250,0x389,0x00,write8
41614854000,0x388,0xb0,write8
41614952000,0x389,0x36,write8
41615010125,0x388,0xb1,write8
41615108125,0x389,0x12,write8
41615160750,0x388,0xc1,write8
41615258750,0x389,0x0a,write8
41615310875,0x388,0x21,write8
41615408875,0x389,0x2a,write8
41615460625,0x388,0x41,write8
41615558625,0x389,0x28,write8
41615610250,0x388,0x61,write8
41615708250,0x389,0xe6,write8
41615760000,0x388,0x81,write8
41615858000,0x389,0xd7,write8
41615909750,0x388,0xe1,write8
41616007875,0x389,0x00,write8
41616060125,0x388,0x24,write8
41616158125,0x389,0x22,write8
41616209750,0x388,0x44,write8
41616307750,0x389,0x06,write8
41616359500,0x388,0x64,write8
41616457500,0x389,0xf6,write8
41616509250,0x388,0x84,write8
41616607250,0x389,0xf7,write8
41616658875,0x388,0xe4,write8
41616756875,0x389,0x00,write8
41616814500,0x388,0xa1,write8
41616912500,0x389,0x00,write8
41616964250,0x388,0xb1,write8
41617062375,0x389,0x32,write8
41617120875,0x388,0xb2,write8
41617218875,0x389,0x06,write8
41617271625,0x388,0xc2,write8
41617369625,0x389,0x0e,write8
41617421625,0x388,0x22,write8
41617519625,0x389,0xe6,write8
41617571375,0x388,0x42,write8
41617669375,0x389,0xe7,write8
41617721125,0x388,0x62,write8
41617819125,0x389,0x80,write8
41617870875,0x388,0x82,write8
41617968875,0x389,0x01,write8
41618020625,0x388,0xe2,write8
41618118625,0x389,0x00,write8
41618170875,0x388,0x25,write8
41618268875,0x389,0xe4,write8
41618320625,0x388,0x45,write8
41618418625,0x389,0x8d,write8
41618470250,0x388,0x65,write8
41618568250,0x389,0xf5,write8
41618620000,0x388,0x85,write8
41618718000,0x389,0x07,write8
41618769750,0x388,0xe5,write8
41618867750,0x389,0x00,write8
41618924750,0x388,0xa2,write8
41619022875,0x389,0x00,write8
41619074500,0x388,0xb2,write8
41619172625,0x389,0x2e,write8
41619231500,0x388,0xb3,write8
41619329500,0x389,0x06,write8
41619382250,0x388,0xc3,write8
41619479875,0x389,0x0e,write8
41619531750,0x388,0x28,write8
41619629375,0x389,0xe6,write8
41619680875,0x388,0x48,write8
41619778625,0x389,0xe7,write8
41619830250,0x388,0x68,write8
41619927875,0x389,0x80,write8
41619979375,0x388,0x88,write8
41620077125,0x389,0x01,write8
41620128625,0x388,0xe8,write8
41620226250,0x389,0x00,write8
41620278250,0x388,0x2b,write8
41620375875,0x389,0xe4,write8
41620427375,0x388,0x4b,write8
41620525000,0x389,0x8d,write8
41620576500,0x388,0x6b,write8
41620674125,0x389,0xf5,write8
41620725625,0x388,0x8b,write8
41620823250,0x389,0x07,write8
41620874750,0x388,0xeb,write8
41620972750,0x389,0x00,write8
41621029250,0x388,0xa3,write8
41621127250,0x389,0x85,write8
41621178875,0x388,0xb3,write8
41621277000,0x389,0x2a,write8
41621336500,0x388,0xb4,write8
41621434500,0x389,0x0f,write8
41621487125,0x388,0xc4,write8
41621585125,0x389,0x0e,write8
41621637250,0x388,0x29,write8
41621735250,0x389,0xe6,write8
41621787000,0x388,0x49,write8
41621885000,0x389,0xe7,write8
41621936625,0x388,0x69,write8
41622034875,0x389,0x80,write8
41622086500,0x388,0x89,write8
41622184500,0x389,0x01,write8
41622236250,0x388,0xe9,write8
41622334250,0x389,0x00,write8
41622386500,0x388,0x2c,write8
41622484500,0x389,0xe4,write8
41622536125,0x388,0x4c,write8
41622634125,0x389,0x8d,write8
41622685875,0x388,0x6c,write8
41622783875,0x389,0xf5,write8
41622835625,0x388,0x8c,write8
41622933625,0x389,0x07,write8
41622985250,0x388,0xec,write8
41623083500,0x389,0x00,write8
41623139750,0x388,0xa4,write8
41623237750,0x389,0x00,write8
41623289375,0x388,0xb4,write8
41623387500,0x389,0x2b,write8
41623447500,0x388,0xb5,write8
41623545500,0x389,0x0a,write8
41623598250,0x388,0xc5,write8
41623696250,0x389,0x00,write8
41623748375,0x388,0x2a,write8
41623846375,0x389,0x20,write8
41623898000,0x388,0x4a,write8
41623996000,0x389,0x00,write8
41624047875,0x388,0x6a,write8
41624145875,0x389,0xfa,write8
41624197625,0x388,0x8a,write8
41624295625,0x389,0x6a,write8
41624347250,0x388,0xea,write8
41624445250,0x389,0x00,write8
41624497500,0x388,0x2d,write8
41624595500,0x389,0x26,write8
41624647250,0x388,0x4d,write8
41624745250,0x389,0x07,write8
41624796875,0x388,0x6d,write8
41624895000,0x389,0xaa,write8
41624946625,0x388,0x8d,write8
41625044750,0x389,0xfa,write8
41625096500,0x388,0xed,write8
41625194500,0x389,0x00,write8
41625251500,0x388,0xa5,write8
41625349500,0x389,0x85,write8
41625401125,0x388,0xb5,write8
41625499250,0x389,0x2e,write8
41625559750,0x388,0xb6,write8
41625657750,0x389,0x0e,write8
41625710375,0x388,0xc6,write8
41625808375,0x389,0x08,write8
41625860500,0x388,0x30,write8
41625958500,0x389,0x20,write8
41626010375,0x388,0x50,write8
41626108375,0x389,0x24,write8
41626160000,0x388,0x70,write8
41626258000,0x389,0x62,write8
41626309750,0x388,0x90,write8
41626407750,0x389,0x75,write8
41626459500,0x388,0xf0,write8
41626557500,0x389,0x01,write8
41626609750,0x388,0x33,write8
41626707750,0x389,0x22,write8
41626759375,0x388,0x53,write8
41626857375,0x389,0x02,write8
41626909125,0x388,0x73,write8
41627007250,0x389,0xa8,write8
41627059000,0x388,0x93,write8
41627157000,0x389,0xf5,write8
41627208625,0x388,0xf3,write8
41627306625,0x389,0x00,write8
41627363000,0x388,0xa6,write8
41627461000,0x389,0x5e,write8
41627512625,0x388,0xb6,write8
41627610750,0x389,0x2b,write8
41629650375,0x388,0xb7,write8
41629748375,0x389,0x0b,write8
41629801125,0x388,0xc7,write8
41629899125,0x389,0x0a,write8
41629951250,0x388,0x31,write8
41630049375,0x389,0x28,write8
41630101000,0x388,0x51,write8
41630199000,0x389,0x2b,write8
41630250750,0x388,0x71,write8
41630348750,0x389,0xe6,write8
41630400500,0x388,0x91,write8
41630498500,0x389,0x97,write8
41630550250,0x388,0xf1,write8
41630648250,0x389,0x02,write8
41630700375,0x388,0x34,write8
41630798375,0x389,0x22,write8
41630850125,0x388,0x54,write8
41630948125,0x389,0x08,write8
41630999875,0x388,0x74,write8
41631098000,0x389,0xf6,write8
41631149625,0x388,0x94,write8
41631247625,0x389,0xf7,write8
41631299375,0x388,0xf4,write8
41631397375,0x389,0x00,write8
41631454375,0x388,0xa7,write8
41631552375,0x389,0x85,write8
41631604000,0x388,0xb7,write8
41631702000,0x389,0x2e,write8
41640216125,0x388,0xb7,write8
41640314125,0x389,0x0e,write8
41646550500,0x388,0xb5,write8
41646648500,0x389,0x0e,write8
41657119125,0x388,0xb5,write8
41657217125,0x389,0x0e,write8
41657269750,0x388,0xc5,write8
41657367750,0x389,0x0a,write8
41657419875,0x388,0x2a,write8
41657517875,0x389,0x28,write8
41657569625,0x388,0x4a,write8
41657667625,0x389,0x2b,write8
41657719375,0x388,0x6a,write8
41657817375,0x389,0xe6,write8
41657869000,0x388,0x8a,write8
41657967000,0x389,0x97,write8
41658018875,0x388,0xea,write8
41658116875,0x389,0x02,write8
41658169125,0x388,0x2d,write8
41658267125,0x389,0x22,write8
41658318750,0x388,0x4d,write8
41658416750,0x389,0x08,write8
41658468500,0x388,0x6d,write8
41658566500,0x389,0xf6,write8
41658618250,0x388,0x8d,write8
41658716250,0x389,0xf7,write8
41658768000,0x388,0xed,write8
41658866000,0x389,0x00,write8
41658922875,0x388,0xa5,write8
41659021000,0x389,0x00,write8
41659072625,0x388,0xb5,write8
41659170625,0x389,0x2e,write8
41659239125,0x388,0xb6,write8
41659337125,0x389,0x0b,write8
41680355500,0x388,0xb4,write8
41680453500,0x389,0x0b,write8
41688806375,0x388,0xb3,write8
41688904375,0x389,0x0a,write8
41709934250,0x388,0xb2,write8
41710032375,0x389,0x0e,write8
41731064250,0x388,0xb2,write8
41731162250,0x389,0x0e,write8
41731214875,0x388,0xc2,write8
41731312875,0x389,0x0a,write8
41731365000,0x388,0x22,write8
41731463000,0x389,0x28,write8
41731514750,0x388,0x42,write8
41731612750,0x389,0x2b,write8
41731664375,0x388,0x62,write8
41731762500,0x389,0xe6,write8
41731814125,0x388,0x82,write8
41731912125,0x389,0x97,write8
41731963875,0x388,0xe2,write8
41732062000,0x389,0x02,write8
41732114250,0x388,0x25,write8
41732212250,0x389,0x22,write8
41732263875,0x388,0x45,write8
41732361875,0x389,0x08,write8
41732413625,0x388,0x65,write8
41732511625,0x389,0xf6,write8
41732563375,0x388,0x85,write8
41732661375,0x389,0xf7,write8
41732713000,0x388,0xe5,write8
41732811125,0x389,0x00,write8
41732868000,0x388,0xa2,write8
41732966000,0x389,0x85,write8
41733017750,0x388,0xb2,write8
41733115750,0x389,0x2e,write8
41733186500,0x388,0xb5,write8
41733284500,0x389,0x0e,write8
41741628875,0x388,0xb1,write8
41741726875,0x389,0x12,write8
41783886250,0x388,0xb2,write8
41783984250,0x389,0x0e,write8
41785997375,0x388,0xb1,write8
41786095500,0x389,0x12,write8
41786148250,0x388,0xc1,write8
41786246250,0x389,0x0e,write8
41786298375,0x388,0x21,write8
41786396375,0x389,0xe6,write8
41786448000,0x388,0x41,write8
41786546125,0x389,0xe7,write8
41786597750,0x388,0x61,write8
41786695750,0x389,0x80,write8
41786747500,0x388,0x81,write8
41786845500,0x389,0x01,write8
41786897250,0x388,0xe1,write8
41786995250,0x389,0x00,write8
41787047500,0x388,0x24,write8
41787145500,0x389,0xe4,write8
41787197250,0x388,0x44,write8
41787295250,0x389,0x8d,write8
41787347000,0x388,0x64,write8
41787445000,0x389,0xf5,write8
41787496625,0x388,0x84,write8
41787594750,0x389,0x07,write8
41787646375,0x388,0xe4,write8
41787744375,0x389,0x00,write8
41787800750,0x388,0xa1,write8
41787898750,0x389,0x85,write8
41787950375,0x388,0xb1,write8
41788048500,0x389,0x2a,write8
41788107125,0x388,0xb2,write8
41788205125,0x389,0x0e,write8
41788257750,0x388,0xc2,write8
41788355875,0x389,0x0e,write8
41788407875,0x388,0x22,write8
41788505875,0x389,0xe6,write8
41788557625,0x388,0x42,write8
41788655625,0x389,0xe7,write8
41788707375,0x388,0x62,write8
41788805375,0x389,0x80,write8
41788857000,0x388,0x82,write8
41788955000,0x389,0x01,write8
41789006875,0x388,0xe2,write8
41789104875,0x389,0x00,write8
41789157125,0x388,0x25,write8
41789255125,0x389,0xe4,write8
41789306750,0x388,0x45,write8
41789404875,0x389,0x8d,write8
41789456500,0x388,0x65,write8
41789554500,0x389,0xf5,write8
41789606250,0x388,0x85,write8
41789704250,0x389,0x07,write8
41789756000,0x388,0xe5,write8
41789854000,0x389,0x00,write8
41789910875,0x388,0xa2,write8
41790009125,0x389,0x00,write8
41790060625,0x388,0xb2,write8
41790158625,0x389,0x2e,write8
41790217750,0x388,0xb3,write8
41790315750,0x389,0x0a,write8
41790368500,0x388,0xc3,write8
41790466500,0x389,0x0e,write8
41790518625,0x388,0x28,write8
41790616500,0x389,0xe6,write8
41790668000,0x388,0x48,write8
41790765625,0x389,0xe7,write8
41790817125,0x388,0x68,write8
41790914750,0x389,0x80,write8
41790966375,0x388,0x88,write8
41791064250,0x389,0x01,write8
41791115750,0x388,0xe8,write8
41791213375,0x389,0x00,write8
41791265375,0x388,0x2b,write8
41791363000,0x389,0xe4,write8
41791414500,0x388,0x4b,write8
41791512125,0x389,0x8d,write8
41791563625,0x388,0x6b,write8
41791661250,0x389,0xf5,write8
41791712750,0x388,0x8b,write8
41791810375,0x389,0x07,write8
41791861875,0x388,0xeb,write8
41791959500,0x389,0x00,write8
41792015750,0x388,0xa3,write8
41792113375,0x389,0x00,write8
41792165000,0x388,0xb3,write8
41792263000,0x389,0x2b,write8
41792322500,0x388,0xb4,write8
41792420625,0x389,0x0b,write8
41792473375,0x388,0xc4,write8
41792571375,0x389,0x08,write8
41792623500,0x388,0x29,write8
41792721500,0x389,0x20,write8
41792773250,0x388,0x49,write8
41792871250,0x389,0x24,write8
41792922875,0x388,0x69,write8
41793021000,0x389,0x62,write8
41793072750,0x388,0x89,write8
41793170750,0x389,0x75,write8
41793222500,0x388,0xe9,write8
41793320500,0x389,0x01,write8
41793372625,0x388,0x2c,write8
41793470625,0x389,0x22,write8
41793522375,0x388,0x4c,write8
41793620375,0x389,0x02,write8
41793672125,0x388,0x6c,write8
41793770125,0x389,0xa8,write8
41793821875,0x388,0x8c,write8
41793919875,0x389,0xf5,write8
41793971500,0x388,0xec,write8
41794069625,0x389,0x00,write8
41794126000,0x388,0xa4,write8
41794224000,0x389,0x5e,write8
41794275625,0x388,0xb4,write8
41794373625,0x389,0x2b,write8
41794433625,0x388,0xb5,write8
41794531750,0x389,0x0e,write8
41794584500,0x388,0xc5,write8
41794682500,0x389,0x00,write8
41794734500,0x388,0x2a,write8
41794832500,0x389,0x00,write8
41794884250,0x388,0x4a,write8
41794982250,0x389,0x0c,write8
41795034125,0x388,0x6a,write8
41795132125,0x389,0xc8,write8
41795183750,0x388,0x8a,write8
41795281750,0x389,0x4c,write8
41795333500,0x388,0xea,write8
41795431500,0x389,0x00,write8
41795483750,0x388,0x2d,write8
41795581750,0x389,0x20,write8
41795633500,0x388,0x4d,write8
41795731500,0x389,0x00,write8
41795783125,0x388,0x6d,write8
41795881125,0x389,0xd6,write8
41795932875,0x388,0x8d,write8
41796031000,0x389,0xff,write8
41796082750,0x388,0xed,write8
41796180750,0x389,0x00,write8
41796236500,0x388,0xa5,write8
41796334500,0x389,0x90,write8
41796386000,0x388,0xb5,write8
41796484000,0x389,0x27,write8
41796544500,0x388,0xb6,write8
41796642625,0x389,0x0b,write8
41796695375,0x388,0xc6,write8
41796793375,0x389,0x00,write8
41796845500,0x388,0x30,write8
41796943500,0x389,0x20,write8
41796995125,0x388,0x50,write8
41797093250,0x389,0x00,write8
41797145000,0x388,0x70,write8
41797243000,0x389,0xfa,write8
41797294750,0x388,0x90,write8
41797392750,0x389,0x6a,write8
41797444500,0x388,0xf0,write8
41797542500,0x389,0x00,write8
41797594625,0x388,0x33,write8
41797692625,0x389,0x26,write8
41797744375,0x388,0x53,write8
41797842375,0x389,0x07,write8
41797894125,0x388,0x73,write8
41797992125,0x389,0xaa,write8
41798043875,0x388,0x93,write8
41798141875,0x389,0xfa,write8
41798193625,0x388,0xf3,write8
41798291625,0x389,0x00,write8
41798348625,0x388,0xa6,write8
41798446625,0x389,0x85,write8
41798498250,0x388,0xb6,write8
41798596250,0x389,0x2e,write8
41798657250,0x388,0xb7,write8
41798755375,0x389,0x0e,write8
41798808000,0x388,0xc7,write8
41798906125,0x389,0x00,write8
41798958125,0x388,0x31,write8
41799056125,0x389,0x20,write8
41799107875,0x388,0x51,write8
41799205875,0x389,0x00,write8
41799257625,0x388,0x71,write8
41799355625,0x389,0xfa,write8
41799407250,0x388,0x91,write8
41799505250,0x389,0x6a,write8
41799557000,0x388,0xf1,write8
41799655000,0x389,0x00,write8
41799707250,0x388,0x34,write8
41799805250,0x389,0x26,write8
41799856875,0x388,0x54,write8
41799955000,0x389,0x07,write8
41800006750,0x388,0x74,write8
41800104750,0x389,0xaa,write8
41800156500,0x388,0x94,write8
41800254500,0x389,0xfa,write8
41800306250,0x388,0xf4,write8
41800404250,0x389,0x00,write8
41800461750,0x388,0xa7,write8
41800559875,0x389,0x00,write8
41800611375,0x388,0xb7,write8
41800709375,0x389,0x32,write8
41800783375,0x388,0xb8,write8
41800881375,0x389,0x12,write8
41800934000,0x388,0xc8,write8
41801032125,0x389,0x0a,write8
41801084250,0x388,0x32,write8
41801182250,0x389,0x22,write8
41801234000,0x388,0x52,write8
41801332000,0x389,0x19,write8
41801383625,0x388,0x72,write8
41801481750,0x389,0xc6,write8
41801533375,0x388,0x92,write8
41801631375,0x389,0x77,write8
41801683125,0x388,0xf2,write8
41801781125,0x389,0x00,write8
41801833375,0x388,0x35,write8
41801931375,0x389,0x22,write8
41801983000,0x388,0x55,write8
41802081125,0x389,0x40,write8
41802132875,0x388,0x75,write8
41802230875,0x389,0xf4,write8
41802282625,0x388,0x95,write8
41802380625,0x389,0xf7,write8
41802432250,0x388,0xf5,write8
41802530375,0x389,0x00,write8
41802586000,0x388,0xa8,write8
41802684000,0x389,0x00,write8
41802735625,0x388,0xb8,write8
41802833625,0x389,0x26,write8
41815575000,0x388,0xb0,write8
41815673000,0x389,0x16,write8
41840931000,0x388,0xb4,write8
41841029125,0x389,0x0b,write8
41843048250,0x388,0xb7,write8
41843146250,0x389,0x12,write8
41843204625,0x388,0xb5,write8
41843302625,0x389,0x07,write8
41843361375,0x388,0xb6,write8
41843459500,0x389,0x0e,write8
41889528500,0x388,0xb3,write8
41889626500,0x389,0x0b,write8
41897979375,0x388,0xb2,write8
41898077500,0x389,0x0e,write8
41908540500,0x388,0xb1,write8
41908638500,0x389,0x0a,write8
41967703250,0x388,0xb8,write8
41967801250,0x389,0x06,write8
41969816625,0x388,0xb0,write8
41969914625,0x389,0x16,write8
41969967375,0x388,0xc0,write8
41970065500,0x389,0x0e,write8
41970117500,0x388,0x20,write8
41970215500,0x389,0x21,write8
41970267250,0x388,0x40,write8
41970365250,0x389,0xcd,write8
41970417000,0x388,0x60,write8
41970515000,0x389,0x98,write8
41970566625,0x388,0x80,write8
41970664750,0x389,0x3f,write8
41970716375,0x388,0xe0,write8
41970814375,0x389,0x00,write8
41970866625,0x388,0x23,write8
41970964625,0x389,0x21,write8
41971016500,0x388,0x43,write8
41971114500,0x389,0x02,write8
41971166125,0x388,0x63,write8
41971264125,0x389,0x65,write8
41971315875,0x388,0x83,write8
41971413875,0x389,0x2a,write8
41971465625,0x388,0xe3,write8
41971563625,0x389,0x00,write8
41971621250,0x388,0xa0,write8
41971719250,0x389,0xc7,write8
41971770750,0x388,0xb0,write8
41971868750,0x389,0x33,write8
41971926875,0x388,0xb1,write8
41972025000,0x389,0x0a,write8
41972077750,0x388,0xc1,write8
41972175750,0x389,0x0a,write8
41972227875,0x388,0x21,write8
41972325875,0x389,0x2a,write8
41972377500,0x388,0x41,write8
41972475625,0x389,0x28,write8
41972527250,0x388,0x61,write8
41972625250,0x389,0xe6,write8
41972677000,0x388,0x81,write8
41972775000,0x389,0xd7,write8
41972826750,0x388,0xe1,write8
41972924750,0x389,0x00,write8
41972976875,0x388,0x24,write8
41973075000,0x389,0x22,write8
41973126750,0x388,0x44,write8
41973224750,0x389,0x06,write8
41973276500,0x388,0x64,write8
41973374500,0x389,0xf6,write8
41973426125,0x388,0x84,write8
41973524250,0x389,0xf7,write8
41973575875,0x388,0xe4,write8
41973673875,0x389,0x00,write8
41973730875,0x388,0xa1,write8
41973828875,0x389,0xc7,write8
41973880500,0x388,0xb1,write8
41973978500,0x389,0x2f,write8
41974037250,0x388,0xb2,write8
41974135250,0x389,0x0e,write8
41974187875,0x388,0xc2,write8
41974286000,0x389,0x00,write8
41974338000,0x388,0x22,write8
41974436000,0x389,0x00,write8
41974487750,0x388,0x42,write8
41974585750,0x389,0x0c,write8
41974637500,0x388,0x62,write8
41974735500,0x389,0xc8,write8
41974787125,0x388,0x82,write8
41974885125,0x389,0x4c,write8
41974936875,0x388,0xe2,write8
41975035000,0x389,0x00,write8
41975087250,0x388,0x25,write8
41975185250,0x389,0x20,write8
41975236875,0x388,0x45,write8
41975335000,0x389,0x00,write8
41975386625,0x388,0x65,write8
41975484625,0x389,0xd6,write8
41975536375,0x388,0x85,write8
41975634375,0x389,0xff,write8
41975686125,0x388,0xe5,write8
41975784125,0x389,0x00,write8
41975839750,0x388,0xa2,write8
41975937875,0x389,0x90,write8
41975989375,0x388,0xb2,write8
41976087500,0x389,0x27,write8
41976146375,0x388,0xb3,write8
41976244000,0x389,0x0b,write8
41976296500,0x388,0xc3,write8
41976394125,0x389,0x08,write8
41976446125,0x388,0x28,write8
41976543875,0x389,0x20,write8
41976595375,0x388,0x48,write8
41976693000,0x389,0x24,write8
41976744500,0x388,0x68,write8
41976842125,0x389,0x62,write8
41976893625,0x388,0x88,write8
41976991250,0x389,0x75,write8
41977042875,0x388,0xe8,write8
41977140500,0x389,0x01,write8
41977192500,0x388,0x2b,write8
41977290125,0x389,0x22,write8
41977341625,0x388,0x4b,write8
41977439250,0x389,0x02,write8
41977490750,0x388,0x6b,write8
41977588375,0x389,0xa8,write8
41977640125,0x388,0x8b,write8
41977738125,0x389,0xf5,write8
41977789875,0x388,0xeb,write8
41977887875,0x389,0x00,write8
41977944250,0x388,0xa3,write8
41978042375,0x389,0x85,write8
41978093875,0x388,0xb3,write8
41978191875,0x389,0x2a,write8
41978262875,0x388,0xb4,write8
41978360875,0x389,0x0b,write8
41978413500,0x388,0xc4,write8
41978511625,0x389,0x0a,write8
41978563625,0x388,0x29,write8
41978661625,0x389,0x22,write8
41978713375,0x388,0x49,write8
41978811375,0x389,0x19,write8
41978863125,0x388,0x69,write8
41978961125,0x389,0xc6,write8
41979012875,0x388,0x89,write8
41979110875,0x389,0x77,write8
41979162625,0x388,0xe9,write8
41979260625,0x389,0x00,write8
41979312875,0x388,0x2c,write8
41979410875,0x389,0x22,write8
41979462500,0x388,0x4c,write8
41979560625,0x389,0x40,write8
41979612250,0x388,0x6c,write8
41979710250,0x389,0xf4,write8
41979762000,0x388,0x8c,write8
41979860000,0x389,0xf7,write8
41979911750,0x388,0xec,write8
41980009875,0x389,0x00,write8
41980064875,0x388,0xa4,write8
41980162875,0x389,0x85,write8
41980214500,0x388,0xb4,write8
41980312500,0x389,0x22,write8
41986719125,0x388,0xb5,write8
41986817125,0x389,0x07,write8
41986869875,0x388,0xc5,write8
41986967875,0x389,0x0a,write8
41987020000,0x388,0x2a,write8
41987118000,0x389,0x28,write8
41987169750,0x388,0x4a,write8
41987267750,0x389,0x2b,write8
41987319500,0x388,0x6a,write8
41987417500,0x389,0xe6,write8
41987469125,0x388,0x8a,write8
41987567125,0x389,0x97,write8
41987618875,0x388,0xea,write8
41987716875,0x389,0x02,write8
41987769125,0x388,0x2d,write8
41987867125,0x389,0x22,write8
41987918875,0x388,0x4d,write8
41988017000,0x389,0x08,write8
41988068625,0x388,0x6d,write8
41988166625,0x389,0xf6,write8
41988218375,0x388,0x8d,write8
41988316375,0x389,0xf7,write8
41988368125,0x388,0xed,write8
41988466125,0x389,0x00,write8
41988523125,0x388,0xa5,write8
41988621125,0x389,0x85,write8
41988672625,0x388,0xb5,write8
41988770625,0x389,0x2e,write8
42018411125,0x388,0xb2,write8
42018509125,0x389,0x07,write8
42024748500,0x388,0xb5,write8
42024846500,0x389,0x0e,write8
42047991500,0x388,0xb3,write8
42048089250,0x389,0x0a,write8
42052218125,0x388,0xb2,write8
42052316125,0x389,0x07,write8
42052368875,0x388,0xc2,write8
42052466875,0x389,0x0a,write8
42052518875,0x388,0x22,write8
42052617000,0x389,0x28,write8
42052668625,0x388,0x42,write8
42052766625,0x389,0x2b,write8
42052818375,0x388,0x62,write8
42052916375,0x389,0xe6,write8
42052968125,0x388,0x82,write8
42053066250,0x389,0x97,write8
42053117875,0x388,0xe2,write8
42053215875,0x389,0x02,write8
42053268125,0x388,0x25,write8
42053366125,0x389,0x22,write8
42053417875,0x388,0x45,write8
42053515875,0x389,0x08,write8
42053567500,0x388,0x65,write8
42053665625,0x389,0xf6,write8
42053717250,0x388,0x85,write8
42053815250,0x389,0xf7,write8
42053867000,0x388,0xe5,write8
42053965000,0x389,0x00,write8
42054021500,0x388,0xa2,write8
42054119500,0x389,0x2e,write8
42054171000,0x388,0xb2,write8
42054269125,0x389,0x2b,write8
42115604000,0x388,0xb3,write8
42115702000,0x389,0x0a,write8
42115754625,0x388,0xc3,write8
42115852625,0x389,0x0a,write8
42115904750,0x388,0x28,write8
42116002875,0x389,0x28,write8
42116054625,0x388,0x48,write8
42116152625,0x389,0x2b,write8
42116204375,0x388,0x68,write8
42116302375,0x389,0xe6,write8
42116354000,0x388,0x88,write8
42116452000,0x389,0x97,write8
42116503750,0x388,0xe8,write8
42116601750,0x389,0x02,write8
42116654000,0x388,0x2b,write8
42116752000,0x389,0x22,write8
42116803625,0x388,0x4b,write8
42116901625,0x389,0x08,write8
42116953375,0x388,0x6b,write8
42117051500,0x389,0xf6,write8
42117103250,0x388,0x8b,write8
42117201250,0x389,0xf7,write8
42117253000,0x388,0xeb,write8
42117351000,0x389,0x00,write8
42117407875,0x388,0xa3,write8
42117505875,0x389,0x85,write8
42117557500,0x388,0xb3,write8
42117655500,0x389,0x2e,write8
42119828375,0x388,0xb4,write8
42119926000,0x389,0x02,write8
42140958500,0x388,0xb4,write8
42141056625,0x389,0x02,write8
42141109250,0x388,0xc4,write8
42141207250,0x389,0x08,write8
42141259375,0x388,0x29,write8
42141357375,0x389,0x20,write8
42141409125,0x388,0x49,write8
42141507125,0x389,0x24,write8
42141558750,0x388,0x69,write8
42141656875,0x389,0x62,write8
42141708500,0x388,0x89,write8
42141806500,0x389,0x75,write8
42141858250,0x388,0xe9,write8
42141956250,0x389,0x01,write8
42142008625,0x388,0x2c,write8
42142106625,0x389,0x22,write8
42142158250,0x388,0x4c,write8
42142256250,0x389,0x02,write8
42142308000,0x388,0x6c,write8
42142406000,0x389,0xa8,write8
42142457750,0x388,0x8c,write8
42142555750,0x389,0xf5,write8
42142607375,0x388,0xec,write8
42142705375,0x389,0x00,write8
42142761750,0x388,0xa4,write8
42142859750,0x389,0x85,write8
42142911375,0x388,0xb4,write8
42143009500,0x389,0x2a,write8
42143069625,0x388,0xb5,write8
42143167625,0x389,0x0e,write8
42143220375,0x388,0xc5,write8
42143318375,0x389,0x00,write8
42143370375,0x388,0x2a,write8
42143468500,0x389,0x20,write8
42143520125,0x388,0x4a,write8
42143618125,0x389,0x00,write8
42143669875,0x388,0x6a,write8
42143767875,0x389,0xfa,write8
42143819625,0x388,0x8a,write8
42143917625,0x389,0x6a,write8
42143969250,0x388,0xea,write8
42144067375,0x389,0x00,write8
42144119625,0x388,0x2d,write8
42144217625,0x389,0x26,write8
42144269375,0x388,0x4d,write8
42144367375,0x389,0x07,write8
42144419000,0x388,0x6d,write8
42144517125,0x389,0xaa,write8
42144568750,0x388,0x8d,write8
42144666750,0x389,0xfa,write8
42144718500,0x388,0xed,write8
42144816500,0x389,0x00,write8
42144873500,0x388,0xa5,write8
42144971500,0x389,0x85,write8
42145023125,0x388,0xb5,write8
42145121250,0x389,0x2e,write8
42151520000,0x388,0xb2,write8
42151618000,0x389,0x0b,write8
42157857500,0x388,0xb5,write8
42157955500,0x389,0x0e,write8
42168423250,0x388,0xb3,write8
42168521250,0x389,0x0e,write8
42185326500,0x388,0xb4,write8
42185424500,0x389,0x0a,write8
42295194500,0x388,0xb2,write8
42295292500,0x389,0x0b,write8
42295345250,0x388,0xc2,write8
42295443250,0x389,0x0a,write8
42295495375,0x388,0x22,write8
42295593375,0x389,0x22,write8
42295645000,0x388,0x42,write8
42295743000,0x389,0x19,write8
42295794750,0x388,0x62,write8
42295892750,0x389,0xc6,write8
42295944500,0x388,0x82,write8
42296042625,0x389,0x77,write8
42296094250,0x388,0xe2,write8
42296192375,0x389,0x00,write8
42296244500,0x388,0x25,write8
42296342500,0x389,0x22,write8
42296394250,0x388,0x45,write8
42296492250,0x389,0x40,write8
42296544000,0x388,0x65,write8
42296642000,0x389,0xf4,write8
42296693625,0x388,0x85,write8
42296791625,0x389,0xf7,write8
42296843375,0x388,0xe5,write8
42296941375,0x389,0x00,write8
42296996500,0x388,0xa2,write8
42297094625,0x389,0x85,write8
42297146250,0x388,0xb2,write8
42297244250,0x389,0x22,write8
42301528125,0x388,0xb1,write8
42301626250,0x389,0x0f,write8
42303645375,0x388,0xb1,write8
42303743375,0x389,0x0f,write8
42303796125,0x388,0xc1,write8
42303894125,0x389,0x0a,write8
42303946250,0x388,0x21,write8
42304044375,0x389,0x28,write8
42304096000,0x388,0x41,write8
42304194000,0x389,0x2b,write8
42304245750,0x388,0x61,write8
42304343375,0x389,0xe6,write8
42304394875,0x388,0x81,write8
42304492500,0x389,0x97,write8
42304544000,0x388,0xe1,write8
42304641750,0x389,0x02,write8
42304693875,0x388,0x24,write8
42304791500,0x389,0x22,write8
42304843000,0x388,0x44,write8
42304940625,0x389,0x08,write8
42304992125,0x388,0x64,write8
42305089875,0x389,0xf6,write8
42305141375,0x388,0x84,write8
42305239000,0x389,0xf7,write8
42305290500,0x388,0xe4,write8
42305388125,0x389,0x00,write8
42305444875,0x388,0xa1,write8
42305542500,0x389,0xd4,write8
42305593875,0x388,0xb1,write8
42305691500,0x389,0x2e,write8
42309982250,0x388,0xb3,write8
42310080375,0x389,0x0e,write8
42310133000,0x388,0xc3,write8
42310231000,0x389,0x0e,write8
42310283125,0x388,0x28,write8
42310381125,0x389,0xe6,write8
42310432875,0x388,0x48,write8
42310530875,0x389,0xe7,write8
42310582500,0x388,0x68,write8
42310680500,0x389,0x80,write8
42310732250,0x388,0x88,write8
42310830250,0x389,0x01,write8
42310882000,0x388,0xe8,write8
42310980000,0x389,0x00,write8
42311032375,0x388,0x2b,write8
42311130375,0x389,0xe4,write8
42311182000,0x388,0x4b,write8
42311280000,0x389,0x8d,write8
42311331750,0x388,0x6b,write8
42311429750,0x389,0xf5,write8
42311481500,0x388,0x8b,write8
42311579500,0x389,0x07,write8
42311631125,0x388,0xeb,write8
42311729125,0x389,0x00,write8
42311785500,0x388,0xa3,write8
42311883500,0x389,0x2e,write8
42311935125,0x388,0xb3,write8
42312033250,0x389,0x2b,write8
42312092875,0x388,0xb4,write8
42312190875,0x389,0x0a,write8
42312243625,0x388,0xc4,write8
42312341625,0x389,0x0e,write8
42312393625,0x388,0x29,write8
42312491625,0x389,0xe6,write8
42312543375,0x388,0x49,write8
42312641375,0x389,0xe7,write8
42312693125,0x388,0x69,write8
42312791125,0x389,0x80,write8
42312842875,0x388,0x89,write8
42312940875,0x389,0x01,write8
42312992500,0x388,0xe9,write8
42313090625,0x389,0x00,write8
42313142875,0x388,0x2c,write8
42313240875,0x389,0xe4,write8
42313292625,0x388,0x4c,write8
42313390625,0x389,0x8d,write8
42313442250,0x388,0x6c,write8
42313540250,0x389,0xf5,write8
42313592000,0x388,0x8c,write8
42313690000,0x389,0x07,write8
42313741750,0x388,0xec,write8
42313839750,0x389,0x00,write8
42313896125,0x388,0xa4,write8
42313994125,0x389,0x85,write8
42314045750,0x388,0xb4,write8
42314143750,0x389,0x2a,write8
42314203875,0x388,0xb5,write8
42314301875,0x389,0x0e,write8
42314354625,0x388,0xc5,write8
42314452625,0x389,0x0e,write8
42314504750,0x388,0x2a,write8
42314602750,0x389,0xe6,write8
42314654500,0x388,0x4a,write8
42314752500,0x389,0xe7,write8
42314804125,0x388,0x6a,write8
42314902125,0x389,0x80,write8
42314953875,0x388,0x8a,write8
42315052000,0x389,0x01,write8
42315103750,0x388,0xea,write8
42315201750,0x389,0x00,write8
42315253875,0x388,0x2d,write8
42315351875,0x389,0xe4,write8
42315403625,0x388,0x4d,write8
42315501625,0x389,0x8d,write8
42315553375,0x388,0x6d,write8
42315651375,0x389,0xf5,write8
42315703125,0x388,0x8d,write8
42315801125,0x389,0x07,write8
42315852750,0x388,0xed,write8
42315950750,0x389,0x00,write8
42316007250,0x388,0xa5,write8
42316105250,0x389,0xc7,write8
42316156875,0x388,0xb5,write8
42316254875,0x389,0x2b,write8
42316315500,0x388,0xb6,write8
42316413500,0x389,0x0e,write8
42316466250,0x388,0xc6,write8
42316564250,0x389,0x00,write8
42316616250,0x388,0x30,write8
42316714250,0x389,0x20,write8
42316766000,0x388,0x50,write8
42316864000,0x389,0x00,write8
42316915750,0x388,0x70,write8
42317013875,0x389,0xfa,write8
42317065500,0x388,0x90,write8
42317163625,0x389,0x6a,write8
42317215250,0x388,0xf0,write8
42317313250,0x389,0x00,write8
42317365500,0x388,0x33,write8
42317463500,0x389,0x26,write8
42317515250,0x388,0x53,write8
42317613250,0x389,0x07,write8
42317664875,0x388,0x73,write8
42317762875,0x389,0xaa,write8
42317814625,0x388,0x93,write8
42317912625,0x389,0xfa,write8
42317964375,0x388,0xf3,write8
42318062500,0x389,0x00,write8
42318119500,0x388,0xa6,write8
42318217500,0x389,0x85,write8
42318269000,0x388,0xb6,write8
42318367000,0x389,0x2e,write8
42318428125,0x388,0xb7,write8
42318526125,0x389,0x12,write8
42318578625,0x388,0xc7,write8
42318676250,0x389,0x08,write8
42318728125,0x388,0x31,write8
42318825750,0x389,0x20,write8
42318877375,0x388,0x51,write8
42318975125,0x389,0x24,write8
42319026750,0x388,0x71,write8
42319124375,0x389,0x62,write8
42319175875,0x388,0x91,write8
42319273500,0x389,0x75,write8
42319325000,0x388,0xf1,write8
42319422625,0x389,0x01,write8
42319474625,0x388,0x34,write8
42319572250,0x389,0x22,write8
42319623750,0x388,0x54,write8
42319721375,0x389,0x02,write8
42319772875,0x388,0x74,write8
42319870500,0x389,0xa8,write8
42319922000,0x388,0x94,write8
42320019750,0x389,0xf5,write8
42320071500,0x388,0xf4,write8
42320169500,0x389,0x00,write8
42320225875,0x388,0xa7,write8
42320323875,0x389,0x85,write8
42320375500,0x388,0xb7,write8
42320473500,0x389,0x2a,write8
42320535125,0x388,0xb8,write8
42320633125,0x389,0x06,write8
42320685750,0x388,0xc8,write8
42320783750,0x389,0x00,write8
42320835875,0x388,0x32,write8
42320933875,0x389,0x00,write8
42320985625,0x388,0x52,write8
42321083750,0x389,0x0c,write8
42321135375,0x388,0x72,write8
42321233500,0x389,0xc8,write8
42321285125,0x388,0x92,write8
42321383125,0x389,0x4c,write8
42321434875,0x388,0xf2,write8
42321532875,0x389,0x00,write8
42321585125,0x388,0x35,write8
42321683125,0x389,0x20,write8
42321734750,0x388,0x55,write8
42321832750,0x389,0x00,write8
42321884500,0x388,0x75,write8
42321982500,0x389,0xd6,write8
42322034375,0x388,0x95,write8
42322132375,0x389,0xff,write8
42322184000,0x388,0xf5,write8
42322282125,0x389,0x00,write8
42322337750,0x388,0xa8,write8
42322435750,0x389,0x90,write8
42322487375,0x388,0xb8,write8
42322585375,0x389,0x27,write8
42345900625,0x388,0xb1,write8
42345998625,0x389,0x0e,write8
42356465500,0x388,0xb8,write8
42356563500,0x389,0x07,write8
42356622375,0x388,0xb6,write8
42356720375,0x389,0x0e,write8
42379707000,0x388,0xb3,write8
42379805000,0x389,0x0b,write8
42379862875,0x388,0xb4,write8
42379960875,0x389,0x0a,write8
42381819375,0x388,0xb7,write8
42381917375,0x389,0x0a,write8
42381975750,0x388,0xb5,write8
42382073875,0x389,0x0b,write8
42388158125,0x388,0xb2,write8
42388256125,0x389,0x02,write8
42470557000,0x388,0xb1,write8
42470655000,0x389,0x0e,write8
42470707625,0x388,0xc1,write8
42470805625,0x389,0x0a,write8
42470857750,0x388,0x21,write8
42470955750,0x389,0x22,write8
42471007625,0x388,0x41,write8
42471105625,0x389,0x19,write8
42471157375,0x388,0x61,write8
42471255375,0x389,0xc6,write8
42471307000,0x388,0x81,write8
42471405000,0x389,0x77,write8
42471456750,0x388,0xe1,write8
42471554750,0x389,0x00,write8
42471607000,0x388,0x24,write8
42471705000,0x389,0x22,write8
42471756625,0x388,0x44,write8
42471854625,0x389,0x40,write8
42471906375,0x388,0x64,write8
42472004500,0x389,0xf4,write8
42472056250,0x388,0x84,write8
42472154250,0x389,0xf7,write8
42472206000,0x388,0xe4,write8
42472304000,0x389,0x00,write8
42472359000,0x388,0xa1,write8
42472457000,0x389,0x85,write8
42472508625,0x388,0xb1,write8
42472606625,0x389,0x22,write8
42474780500,0x388,0xb0,write8
42474878500,0x389,0x13,write8
42476897625,0x388,0xb0,write8
42476995250,0x389,0x13,write8
42477048250,0x388,0xc0,write8
42477146250,0x389,0x0a,write8
42477198375,0x388,0x20,write8
42477296375,0x389,0x28,write8
42477348000,0x388,0x40,write8
42477446000,0x389,0x2b,write8
42477497750,0x388,0x60,write8
42477595750,0x389,0xe6,write8
42477647500,0x388,0x80,write8
42477745500,0x389,0x97,write8
42477797125,0x388,0xe0,write8
42477895250,0x389,0x02,write8
42477947375,0x388,0x23,write8
42478045500,0x389,0x22,write8
42478097250,0x388,0x43,write8
42478195250,0x389,0x08,write8
42478247000,0x388,0x63,write8
42478345000,0x389,0xf6,write8
42478396625,0x388,0x83,write8
42478494625,0x389,0xf7,write8
42478546375,0x388,0xe3,write8
42478644375,0x389,0x00,write8
42478701375,0x388,0xa0,write8
42478799375,0x389,0x2e,write8
42478851000,0x388,0xb0,write8
42478949000,0x389,0x2f,write8
42483234500,0x388,0xb2,write8
42483332500,0x389,0x02,write8
42483385125,0x388,0xc2,write8
42483483125,0x389,0x0e,write8
42483535250,0x388,0x22,write8
42483633250,0x389,0xe6,write8
42483685000,0x388,0x42,write8
42483783000,0x389,0xe7,write8
42483834625,0x388,0x62,write8
42483932750,0x389,0x80,write8
42483984375,0x388,0x82,write8
42484082500,0x389,0x01,write8
42484134250,0x388,0xe2,write8
42484232250,0x389,0x00,write8
42484284500,0x388,0x25,write8
42484382500,0x389,0xe4,write8
42484434125,0x388,0x45,write8
42484532125,0x389,0x8d,write8
42484583875,0x388,0x65,write8
42484681875,0x389,0xf5,write8
42484733625,0x388,0x85,write8
42484831625,0x389,0x07,write8
42484883250,0x388,0xe5,write8
42484981375,0x389,0x00,write8
42485037750,0x388,0xa2,write8
42485135750,0x389,0x2e,write8
42485187375,0x388,0xb2,write8
42485285375,0x389,0x2b,write8
42485344500,0x388,0xb3,write8
42485442500,0x389,0x0b,write8
42485495250,0x388,0xc3,write8
42485593250,0x389,0x0e,write8
42485645250,0x388,0x28,write8
42485743375,0x389,0xe6,write8
42485795000,0x388,0x48,write8
42485893000,0x389,0xe7,write8
42485944750,0x388,0x68,write8
42486042875,0x389,0x80,write8
42486094625,0x388,0x88,write8
42486192625,0x389,0x01,write8
42486244250,0x388,0xe8,write8
42486342250,0x389,0x00,write8
42486394500,0x388,0x2b,write8
42486492500,0x389,0xe4,write8
42486544250,0x388,0x4b,write8
42486642250,0x389,0x8d,write8
42486693875,0x388,0x6b,write8
42486792000,0x389,0xf5,write8
42486843625,0x388,0x8b,write8
42486941625,0x389,0x07,write8
42486993375,0x388,0xeb,write8
42487091500,0x389,0x00,write8
42487147875,0x388,0xa3,write8
42487245875,0x389,0x85,write8
42487297375,0x388,0xb3,write8
42487395500,0x389,0x2a,write8
42487455000,0x388,0xb4,write8
42487553000,0x389,0x0a,write8
42487605750,0x388,0xc4,write8
42487703750,0x389,0x0e,write8
42487755875,0x388,0x29,write8
42487853875,0x389,0xe6,write8
42487905625,0x388,0x49,write8
42488003750,0x389,0xe7,write8
42488055375,0x388,0x69,write8
42488153375,0x389,0x80,write8
42488205125,0x388,0x89,write8
42488303125,0x389,0x01,write8
42488354875,0x388,0xe9,write8
42488452875,0x389,0x00,write8
42488505000,0x388,0x2c,write8
42488603125,0x389,0xe4,write8
42488654750,0x388,0x4c,write8
42488752750,0x389,0x8d,write8
42488804500,0x388,0x6c,write8
42488902500,0x389,0xf5,write8
42488954250,0x388,0x8c,write8
42489052375,0x389,0x07,write8
42489104000,0x388,0xec,write8
42489202000,0x389,0x00,write8
42489258375,0x388,0xa4,write8
42489356375,0x389,0xc7,write8
42489408000,0x388,0xb4,write8
42489506000,0x389,0x2b,write8
42489566125,0x388,0xb5,write8
42489664125,0x389,0x0b,write8
42489716875,0x388,0xc5,write8
42489814500,0x389,0x00,write8
42489866375,0x388,0x2a,write8
42489964000,0x389,0x00,write8
42490015625,0x388,0x4a,write8
42490113375,0x389,0x0c,write8
42490165000,0x388,0x6a,write8
42490262625,0x389,0xc8,write8
42490314125,0x388,0x8a,write8
42490411750,0x389,0x4c,write8
42490463250,0x388,0xea,write8
42490560875,0x389,0x00,write8
42490612875,0x388,0x2d,write8
42490710500,0x389,0x20,write8
42490762000,0x388,0x4d,write8
42490859625,0x389,0x00,write8
42490911125,0x388,0x6d,write8
42491008875,0x389,0xd6,write8
42491060375,0x388,0x8d,write8
42491158000,0x389,0xff,write8
42491209500,0x388,0xed,write8
42491307500,0x389,0x00,write8
42491363125,0x388,0xa5,write8
42491461125,0x389,0x90,write8
42491512750,0x388,0xb5,write8
42491610750,0x389,0x27,write8
42491671250,0x388,0xb6,write8
42491769375,0x389,0x0e,write8
42491822125,0x388,0xc6,write8
42491920125,0x389,0x08,write8
42491972250,0x388,0x30,write8
42492070375,0x389,0x20,write8
42492122000,0x388,0x50,write8
42492220000,0x389,0x24,write8
42492271750,0x388,0x70,write8
42492369750,0x389,0x62,write8
42492421500,0x388,0x90,write8
42492519500,0x389,0x75,write8
42492571125,0x388,0xf0,write8
42492669125,0x389,0x01,write8
42492721375,0x388,0x33,write8
42492819375,0x389,0x22,write8
42492871125,0x388,0x53,write8
42492969125,0x389,0x02,write8
42493021000,0x388,0x73,write8
42493119000,0x389,0xa8,write8
42493170625,0x388,0x93,write8
42493268625,0x389,0xf5,write8
42493320375,0x388,0xf3,write8
42493418375,0x389,0x00,write8
42493474750,0x388,0xa6,write8
42493572750,0x389,0x85,write8
42493624375,0x388,0xb6,write8
42493722375,0x389,0x2a,write8
42514924375,0x388,0xb0,write8
42515022500,0x389,0x0f,write8
42531829625,0x388,0xb5,write8
42531927625,0x389,0x07,write8
42574086000,0x388,0xb4,write8
42574184000,0x389,0x0b,write8
42595213625,0x388,0xb3,write8
42595311750,0x389,0x0a,write8
42599438750,0x388,0xb2,write8
42599536750,0x389,0x0b,write8
42601556625,0x388,0xb6,write8
42601654625,0x389,0x0a,write8
42605779625,0x388,0xb1,write8
42605877625,0x389,0x02,write8
42656488875,0x388,0xb0,write8
42656586875,0x389,0x0f,write8
42656639500,0x388,0xc0,write8
42656737625,0x389,0x0e,write8
42656789625,0x388,0x20,write8
42656887625,0x389,0x21,write8
42656939375,0x388,0x40,write8
42657037500,0x389,0xcd,write8
42657089250,0x388,0x60,write8
42657187250,0x389,0x98,write8
42657238875,0x388,0x80,write8
42657336875,0x389,0x3f,write8
42657388625,0x388,0xe0,write8
42657486625,0x389,0x00,write8
42657538875,0x388,0x23,write8
42657636875,0x389,0x21,write8
42657688500,0x388,0x43,write8
42657786625,0x389,0x02,write8
42657838250,0x388,0x63,write8
42657936250,0x389,0x65,write8
42657988000,0x388,0x83,write8
42658086125,0x389,0x2a,write8
42658137875,0x388,0xe3,write8
42658235875,0x389,0x00,write8
42658293375,0x388,0xa0,write8
42658391500,0x389,0x5e,write8
42658443000,0x388,0xb0,write8
42658541000,0x389,0x33,write8
42658599125,0x388,0xb1,write8
42658697125,0x389,0x02,write8
42658749875,0x388,0xc1,write8
42658847875,0x389,0x0a,write8
42658900000,0x388,0x21,write8
42658998000,0x389,0x2a,write8
42659049750,0x388,0x41,write8
42659147750,0x389,0x28,write8
42659199500,0x388,0x61,write8
42659297500,0x389,0xe6,write8
42659349250,0x388,0x81,write8
42659447250,0x389,0xd7,write8
42659498875,0x388,0xe1,write8
42659596875,0x389,0x00,write8
42659649125,0x388,0x24,write8
42659747125,0x389,0x22,write8
42659798875,0x388,0x44,write8
42659896875,0x389,0x06,write8
42659948625,0x388,0x64,write8
42660046750,0x389,0xf6,write8
42660098375,0x388,0x84,write8
42660196375,0x389,0xf7,write8
42660248125,0x388,0xe4,write8
42660346125,0x389,0x00,write8
42660403125,0x388,0xa1,write8
42660501125,0x389,0x5e,write8
42660552750,0x388,0xb1,write8
42660650750,0x389,0x2f,write8
42660709375,0x388,0xb2,write8
42660807375,0x389,0x0b,write8
42660860000,0x388,0xc2,write8
42660958000,0x389,0x08,write8
42661010000,0x388,0x22,write8
42661107625,0x389,0x20,write8
42661159125,0x388,0x42,write8
42661256750,0x389,0x24,write8
42661308375,0x388,0x62,write8
42661406125,0x389,0x62,write8
42661457625,0x388,0x82,write8
42661555250,0x389,0x75,write8
42661606750,0x388,0xe2,write8
42661704375,0x389,0x01,write8
42661756375,0x388,0x25,write8
42661854000,0x389,0x22,write8
42661905500,0x388,0x45,write8
42662003250,0x389,0x02,write8
42662054750,0x388,0x65,write8
42662152375,0x389,0xa8,write8
42662203875,0x388,0x85,write8
42662301500,0x389,0xf5,write8
42662353000,0x388,0xe5,write8
42662450625,0x389,0x00,write8
42662507000,0x388,0xa2,write8
42662605000,0x389,0x5e,write8
42662656625,0x388,0xb2,write8
42662754625,0x389,0x2b,write8
42662813750,0x388,0xb3,write8
42662911750,0x389,0x0a,write8
42662964375,0x388,0xc3,write8
42663062625,0x389,0x00,write8
42663114625,0x388,0x28,write8
42663212625,0x389,0x00,write8
42663264375,0x388,0x48,write8
42663362375,0x389,0x0c,write8
42663414125,0x388,0x68,write8
42663512125,0x389,0xc8,write8
42663563750,0x388,0x88,write8
42663661750,0x389,0x4c,write8
42663713500,0x388,0xe8,write8
42663811500,0x389,0x00,write8
42663863750,0x388,0x2b,write8
42663961750,0x389,0x20,write8
42664013500,0x388,0x4b,write8
42664111625,0x389,0x00,write8
42664163250,0x388,0x6b,write8
42664261250,0x389,0xd6,write8
42664313000,0x388,0x8b,write8
42664411000,0x389,0xff,write8
42664462750,0x388,0xeb,write8
42664560750,0x389,0x00,write8
42664616375,0x388,0xa3,write8
42664714500,0x389,0x90,write8
42664766000,0x388,0xb3,write8
42664864000,0x389,0x27,write8
42664923500,0x388,0xb4,write8
42665021750,0x389,0x0b,write8
42665074500,0x388,0xc4,write8
42665172500,0x389,0x00,write8
42665224625,0x388,0x29,write8
42665322625,0x389,0x20,write8
42665374250,0x388,0x49,write8
42665472250,0x389,0x00,write8
42665524000,0x388,0x69,write8
42665622000,0x389,0xfa,write8
42665673750,0x388,0x89,write8
42665771750,0x389,0x6a,write8
42665823375,0x388,0xe9,write8
42665921500,0x389,0x00,write8
42665973625,0x388,0x2c,write8
42666071750,0x389,0x26,write8
42666123500,0x388,0x4c,write8
42666221500,0x389,0x07,write8
42666273250,0x388,0x6c,write8
42666371250,0x389,0xaa,write8
42666422875,0x388,0x8c,write8
42666520875,0x389,0xfa,write8
42666572625,0x388,0xec,write8
42666670625,0x389,0x00,write8
42666727625,0x388,0xa4,write8
42666825625,0x389,0x85,write8
42666877250,0x388,0xb4,write8
42666975250,0x389,0x2e,write8
42667098000,0x388,0xb5,write8
42667196000,0x389,0x07,write8
42667248625,0x388,0xc5,write8
42667346625,0x389,0x0a,write8
42667398750,0x388,0x2a,write8
42667496750,0x389,0x22,write8
42667548500,0x388,0x4a,write8
42667646500,0x389,0x19,write8
42667698125,0x388,0x6a,write8
42667796250,0x389,0xc6,write8
42667847875,0x388,0x8a,write8
42667945875,0x389,0x77,write8
42667997625,0x388,0xea,write8
42668095750,0x389,0x00,write8
42668148000,0x388,0x2d,write8
42668246000,0x389,0x22,write8
42668297625,0x388,0x4d,write8
42668395625,0x389,0x40,write8
42668447375,0x388,0x6d,write8
42668545375,0x389,0xf4,write8
42668597125,0x388,0x8d,write8
42668695125,0x389,0xf7,write8
42668746750,0x388,0xed,write8
42668844875,0x389,0x00,write8
42668899875,0x388,0xa5,write8
42668997875,0x389,0x5e,write8
42669049625,0x388,0xb5,write8
42669147625,0x389,0x23,write8
42669217625,0x388,0xb6,write8
42669315625,0x389,0x0a,write8
42669368375,0x388,0xc6,write8
42669466375,0x389,0x0a,write8
42669518500,0x388,0x30,write8
42669616500,0x389,0x28,write8
42669668125,0x388,0x50,write8
42669766250,0x389,0x2b,write8
42669817875,0x388,0x70,write8
42669915875,0x389,0xe6,write8
42669967625,0x388,0x90,write8
42670065750,0x389,0x97,write8
42670117500,0x388,0xf0,write8
42670215500,0x389,0x02,write8
42670267625,0x388,0x33,write8
42670365625,0x389,0x22,write8
42670417375,0x388,0x53,write8
42670515375,0x389,0x08,write8
42670567125,0x388,0x73,write8
42670665125,0x389,0xf6,write8
42670716750,0x388,0x93,write8
42670814875,0x389,0xf7,write8
42670866500,0x388,0xf3,write8
42670964500,0x389,0x00,write8
42671021625,0x388,0xa6,write8
42671119625,0x389,0x5e,write8
42671171250,0x388,0xb6,write8
42671269375,0x389,0x2f,write8
42692406375,0x388,0xb2,write8
42692504375,0x389,0x0b,write8
42700902375,0x388,0xb6,write8
42701000375,0x389,0x0f,write8
42702968375,0x388,0xb3,write8
42703066500,0x389,0x07,write8
42703124375,0x388,0xb4,write8
42703222375,0x389,0x0e,write8
42738890625,0x388,0xb2,write8
42738988625,0x389,0x0b,write8
42739041500,0x388,0xc2,write8
42739139500,0x389,0x0a,write8
42739191500,0x388,0x22,write8
42739289500,0x389,0x28,write8
42739341250,0x388,0x42,write8
42739439250,0x389,0x2b,write8
42739491000,0x388,0x62,write8
42739589000,0x389,0xe6,write8
42739640625,0x388,0x82,write8
42739738625,0x389,0x97,write8
42739790375,0x388,0xe2,write8
42739888375,0x389,0x02,write8
42739940625,0x388,0x25,write8
42740038750,0x389,0x22,write8
42740090500,0x388,0x45,write8
42740188500,0x389,0x08,write8
42740240125,0x388,0x65,write8
42740338125,0x389,0xf6,write8
42740389875,0x388,0x85,write8
42740487875,0x389,0xf7,write8
42740539625,0x388,0xe5,write8
42740637625,0x389,0x00,write8
42740694000,0x388,0xa2,write8
42740792000,0x389,0x5e,write8
42740843500,0x388,0xb2,write8
42740941500,0x389,0x2b,write8
42753677500,0x388,0xb5,write8
42753775500,0x389,0x03,write8
42787481375,0x388,0xb2,write8
42787579375,0x389,0x0b,write8
42800160125,0x388,0xb2,write8
42800258125,0x389,0x0b,write8
42800310875,0x388,0xc2,write8
42800408875,0x389,0x0a,write8
42800460875,0x388,0x22,write8
42800558875,0x389,0x28,write8
42800610625,0x388,0x42,write8
42800708625,0x389,0x2b,write8
42800760375,0x388,0x62,write8
42800858375,0x389,0xe6,write8
42800910000,0x388,0x82,write8
42801008250,0x389,0x97,write8
42801059875,0x388,0xe2,write8
42801157875,0x389,0x02,write8
42801210125,0x388,0x25,write8
42801308125,0x389,0x22,write8
42801359875,0x388,0x45,write8
42801457875,0x389,0x08,write8
42801509500,0x388,0x65,write8
42801607500,0x389,0xf6,write8
42801659250,0x388,0x85,write8
42801757250,0x389,0xf7,write8
42801809000,0x388,0xe5,write8
42801907000,0x389,0x00,write8
42801964000,0x388,0xa2,write8
42802062125,0x389,0x5e,write8
42802113625,0x388,0xb2,write8
42802211625,0x389,0x2f,write8
42817063375,0x388,0xb3,write8
42817161375,0x389,0x07,write8
42817214125,0x388,0xc3,write8
42817312125,0x389,0x0a,write8
42817364125,0x388,0x28,write8
42817462125,0x389,0x22,write8
42817513875,0x388,0x48,write8
42817611875,0x389,0x19,write8
42817663625,0x388,0x68,write8
42817761625,0x389,0xc6,write8
42817813250,0x388,0x88,write8
42817911250,0x389,0x77,write8
42817962750,0x388,0xe8,write8
42818060500,0x389,0x00,write8
42818112500,0x388,0x2b,write8
42818210125,0x389,0x22,write8
42818261750,0x388,0x4b,write8
42818359500,0x389,0x40,write8
42818411000,0x388,0x6b,write8
42818508625,0x389,0xf4,write8
42818560125,0x388,0x8b,write8
42818657750,0x389,0xf7,write8
42818709250,0x388,0xeb,write8
42818806875,0x389,0x00,write8
42818861750,0x388,0xa3,write8
42818959375,0x389,0x5e,write8
42819010875,0x388,0xb3,write8
42819108500,0x389,0x23,write8
42825515125,0x388,0xb4,write8
42825613125,0x389,0x0e,write8
42825665750,0x388,0xc4,write8
42825763875,0x389,0x00,write8
42825815875,0x388,0x29,write8
42825913875,0x389,0x00,write8
42825965625,0x388,0x49,write8
42826063750,0x389,0x0c,write8
42826115500,0x388,0x69,write8
42826213500,0x389,0xc8,write8
42826265125,0x388,0x89,write8
42826363125,0x389,0x4c,write8
42826414875,0x388,0xe9,write8
42826512875,0x389,0x00,write8
42826565125,0x388,0x2c,write8
42826663125,0x389,0x20,write8
42826714875,0x388,0x4c,write8
42826812875,0x389,0x00,write8
42826864500,0x388,0x6c,write8
42826962500,0x389,0xd6,write8
42827014375,0x388,0x8c,write8
42827112375,0x389,0xff,write8
42827164125,0x388,0xec,write8
42827262125,0x389,0x00,write8
42827317750,0x388,0xa4,write8
42827415875,0x389,0x90,write8
42827467375,0x388,0xb4,write8
42827565375,0x389,0x27,write8
42833964125,0x388,0xb2,write8
42834062250,0x389,0x0f,write8
42867770250,0x388,0xb4,write8
42867868375,0x389,0x07,write8
42901576250,0x388,0xb2,write8
42901674250,0x389,0x0f,write8
42901727000,0x388,0xc2,write8
42901825000,0x389,0x0a,write8
42901877125,0x388,0x22,write8
42901975125,0x389,0x28,write8
42902026875,0x388,0x42,write8
42902125000,0x389,0x2b,write8
42902176625,0x388,0x62,write8
42902274625,0x389,0xe6,write8
42902326375,0x388,0x82,write8
42902424375,0x389,0x97,write8
42902476125,0x388,0xe2,write8
42902574125,0x389,0x02,write8
42902626250,0x388,0x25,write8
42902724250,0x389,0x22,write8
42902776000,0x388,0x45,write8
42902874000,0x389,0x08,write8
42902925750,0x388,0x65,write8
42903023875,0x389,0xf6,write8
42903075500,0x388,0x85,write8
42903173625,0x389,0xf7,write8
42903225250,0x388,0xe5,write8
42903323250,0x389,0x00,write8
42903379625,0x388,0xa2,write8
42903477625,0x389,0x5e,write8
42903529125,0x388,0xb2,write8
42903626750,0x389,0x2b,write8
42920592500,0x388,0xb1,write8
42920690500,0x389,0x0f,write8
42945947125,0x388,0xb2,write8
42946045250,0x389,0x0b,write8
42958625250,0x388,0xb1,write8
42958723250,0x389,0x0f,write8
42958775875,0x388,0xc1,write8
42958873875,0x389,0x0a,write8
42958926000,0x388,0x21,write8
42959024125,0x389,0x28,write8
42959075875,0x388,0x41,write8
42959173875,0x389,0x2b,write8
42959225500,0x388,0x61,write8
42959323625,0x389,0xe6,write8
42959375250,0x388,0x81,write8
42959473250,0x389,0x97,write8
42959525000,0x388,0xe1,write8
42959623000,0x389,0x02,write8
42959675250,0x388,0x24,write8
42959773250,0x389,0x22,write8
42959824875,0x388,0x44,write8
42959922875,0x389,0x08,write8
42959974625,0x388,0x64,write8
42960072750,0x389,0xf6,write8
42960124500,0x388,0x84,write8
42960222500,0x389,0xf7,write8
42960274125,0x388,0xe4,write8
42960372250,0x389,0x00,write8
42960429125,0x388,0xa1,write8
42960527125,0x389,0x5e,write8
42960578750,0x388,0xb1,write8
42960676375,0x389,0x2f,write8
42969186000,0x388,0xb3,write8
42969284000,0x389,0x03,write8
42988203250,0x388,0xb1,write8
42988301250,0x389,0x0f,write8
42992430500,0x388,0xb1,write8
42992528500,0x389,0x0f,write8
42992581250,0x388,0xc1,write8
42992679250,0x389,0x0e,write8
42992731375,0x388,0x21,write8
42992829375,0x389,0xe6,write8
42992881125,0x388,0x41,write8
42992979125,0x389,0xe7,write8
42993030875,0x388,0x61,write8
42993128875,0x389,0x80,write8
42993180625,0x388,0x81,write8
42993278625,0x389,0x01,write8
42993330375,0x388,0xe1,write8
42993428375,0x389,0x00,write8
42993480500,0x388,0x24,write8
42993578625,0x389,0xe4,write8
42993630250,0x388,0x44,write8
42993728250,0x389,0x8d,write8
42993780000,0x388,0x64,write8
42993878000,0x389,0xf5,write8
42993929750,0x388,0x84,write8
42994027875,0x389,0x07,write8
42994079500,0x388,0xe4,write8
42994177500,0x389,0x00,write8
42994233875,0x388,0xa1,write8
42994331875,0x389,0x85,write8
42994383500,0x388,0xb1,write8
42994481500,0x389,0x2a,write8
42994540125,0x388,0xb2,write8
42994638125,0x389,0x0b,write8
42994690875,0x388,0xc2,write8
42994788875,0x389,0x0e,write8
42994840875,0x388,0x22,write8
42994938875,0x389,0xe6,write8
42994990625,0x388,0x42,write8
42995088750,0x389,0xe7,write8
42995140500,0x388,0x62,write8
42995238500,0x389,0x80,write8
42995290125,0x388,0x82,write8
42995388125,0x389,0x01,write8
42995439875,0x388,0xe2,write8
42995537875,0x389,0x00,write8
42995590125,0x388,0x25,write8
42995688125,0x389,0xe4,write8
42995739875,0x388,0x45,write8
42995837875,0x389,0x8d,write8
42995889500,0x388,0x65,write8
42995987500,0x389,0xf5,write8
42996039375,0x388,0x85,write8
42996137375,0x389,0x07,write8
42996189125,0x388,0xe5,write8
42996287125,0x389,0x00,write8
42996344125,0x388,0xa2,write8
42996442125,0x389,0x00,write8
42996493625,0x388,0xb2,write8
42996591625,0x389,0x2e,write8
42996650750,0x388,0xb3,write8
42996748750,0x389,0x03,write8
42996801500,0x388,0xc3,write8
42996899500,0x389,0x0e,write8
42996951625,0x388,0x28,write8
42997049750,0x389,0xe6,write8
42997101375,0x388,0x48,write8
42997199375,0x389,0xe7,write8
42997251125,0x388,0x68,write8
42997349125,0x389,0x80,write8
42997400875,0x388,0x88,write8
42997498875,0x389,0x01,write8
42997550625,0x388,0xe8,write8
42997648625,0x389,0x00,write8
42997700750,0x388,0x2b,write8
42997798750,0x389,0xe4,write8
42997850500,0x388,0x4b,write8
42997948500,0x389,0x8d,write8
42998000250,0x388,0x6b,write8
42998098375,0x389,0xf5,write8
42998150000,0x388,0x8b,write8
42998248000,0x389,0x07,write8
42998299750,0x388,0xeb,write8
42998397750,0x389,0x00,write8
42998454125,0x388,0xa3,write8
42998552125,0x389,0x5e,write8
42998603750,0x388,0xb3,write8
42998701750,0x389,0x2b,write8
42998761375,0x388,0xb4,write8
42998859375,0x389,0x07,write8
42998912000,0x388,0xc4,write8
42999010125,0x389,0x08,write8
42999062250,0x388,0x29,write8
42999160250,0x389,0x20,write8
42999212000,0x388,0x49,write8
42999310000,0x389,0x24,write8
42999361750,0x388,0x69,write8
42999459750,0x389,0x62,write8
42999511375,0x388,0x89,write8
42999609375,0x389,0x75,write8
42999661125,0x388,0xe9,write8
42999759125,0x389,0x01,write8
42999811375,0x388,0x2c,write8
42999909375,0x389,0x22,write8
42999961000,0x388,0x4c,write8
43000059125,0x389,0x02,write8
43000110875,0x388,0x6c,write8
43000208875,0x389,0xa8,write8
43000260625,0x388,0x8c,write8
43000358625,0x389,0xf5,write8
43000410375,0x388,0xec,write8
43000508375,0x389,0x00,write8
43000564625,0x388,0xa4,write8
43000662625,0x389,0x5e,write8
43000714250,0x388,0xb4,write8
43000812250,0x389,0x2b,write8
43030460875,0x388,0xb5,write8
43030558875,0x389,0x03,write8
43030611625,0x388,0xc5,write8
43030709625,0x389,0x0a,write8
43030761750,0x388,0x2a,write8
43030859750,0x389,0x28,write8
43030911375,0x388,0x4a,write8
43031009500,0x389,0x2b,write8
43031061250,0x388,0x6a,write8
43031159250,0x389,0xe6,write8
43031211000,0x388,0x8a,write8
43031309000,0x389,0x97,write8
43031360625,0x388,0xea,write8
43031458750,0x389,0x02,write8
43031510875,0x388,0x2d,write8
43031608875,0x389,0x22,write8
43031660625,0x388,0x4d,write8
43031758625,0x389,0x08,write8
43031810375,0x388,0x6d,write8
43031908375,0x389,0xf6,write8
43031959875,0x388,0x8d,write8
43032057625,0x389,0xf7,write8
43032109125,0x388,0xed,write8
43032206750,0x389,0x00,write8
43032262875,0x388,0xa5,write8
43032360750,0x389,0x5e,write8
43032412125,0x388,0xb5,write8
43032509750,0x389,0x2b,write8
43034684625,0x388,0xb4,write8
43034782625,0x389,0x0b,write8
43060036375,0x388,0xb0,write8
43060134375,0x389,0x13,write8
43062153625,0x388,0xb3,write8
43062251625,0x389,0x0b,write8
43070603875,0x388,0xb1,write8
43070702000,0x389,0x0a,write8
43076940250,0x388,0xb2,write8
43077038375,0x389,0x0e,write8
43079099125,0x388,0xb0,write8
43079197125,0x389,0x13,write8
43079249875,0x388,0xc0,write8
43079347875,0x389,0x0a,write8
43079399875,0x388,0x20,write8
43079497875,0x389,0x28,write8
43079549625,0x388,0x40,write8
43079647625,0x389,0x2b,write8
43079699375,0x388,0x60,write8
43079797375,0x389,0xe6,write8
43079849000,0x388,0x80,write8
43079947000,0x389,0x97,write8
43079998750,0x388,0xe0,write8
43080096875,0x389,0x02,write8
43080149125,0x388,0x23,write8
43080247125,0x389,0x22,write8
43080298875,0x388,0x43,write8
43080396875,0x389,0x08,write8
43080448500,0x388,0x63,write8
43080546500,0x389,0xf6,write8
43080598250,0x388,0x83,write8
43080696250,0x389,0xf7,write8
43080748000,0x388,0xe3,write8
43080846000,0x389,0x00,write8
43080903000,0x388,0xa0,write8
43081001125,0x389,0x5e,write8
43081052625,0x388,0xb0,write8
43081150625,0x389,0x2f,write8
43102296250,0x388,0xb5,write8
43102394250,0x389,0x0b,write8
43121311500,0x388,0xb0,write8
43121409500,0x389,0x0f,write8
43163569875,0x388,0xb0,write8
43163667875,0x389,0x0f,write8
43163720625,0x388,0xc0,write8
43163818625,0x389,0x0e,write8
43163870625,0x388,0x20,write8
43163968750,0x389,0x21,write8
43164020500,0x388,0x40,write8
43164118500,0x389,0xcd,write8
43164170250,0x388,0x60,write8
43164268250,0x389,0x98,write8
43164320000,0x388,0x80,write8
43164418000,0x389,0x3f,write8
43164469625,0x388,0xe0,write8
43164567625,0x389,0x00,write8
43164619875,0x388,0x23,write8
43164717875,0x389,0x21,write8
43164769625,0x388,0x43,write8
43164867625,0x389,0x02,write8
43164919250,0x388,0x63,write8
43165017500,0x389,0x65,write8
43165069125,0x388,0x83,write8
43165167125,0x389,0x2a,write8
43165218875,0x388,0xe3,write8
43165316875,0x389,0x00,write8
43165375125,0x388,0xa0,write8
43165473125,0x389,0x00,write8
43165524625,0x388,0xb0,write8
43165622750,0x389,0x36,write8
43165680750,0x388,0xb1,write8
43165778750,0x389,0x0a,write8
43165831500,0x388,0xc1,write8
43165929500,0x389,0x0e,write8
43165981625,0x388,0x21,write8
43166079750,0x389,0xe6,write8
43166131500,0x388,0x41,write8
43166229500,0x389,0xe7,write8
43166281125,0x388,0x61,write8
43166379125,0x389,0x80,write8
43166430875,0x388,0x81,write8
43166528875,0x389,0x01,write8
43166580625,0x388,0xe1,write8
43166678625,0x389,0x00,write8
43166730750,0x388,0x24,write8
43166828875,0x389,0xe4,write8
43166880500,0x388,0x44,write8
43166978500,0x389,0x8d,write8
43167030375,0x388,0x64,write8
43167128375,0x389,0xf5,write8
43167180125,0x388,0x84,write8
43167278125,0x389,0x07,write8
43167329750,0x388,0xe4,write8
43167427750,0x389,0x00,write8
43167484125,0x388,0xa1,write8
43167582125,0x389,0x85,write8
43167633750,0x388,0xb1,write8
43167731750,0x389,0x2a,write8
43167790375,0x388,0xb2,write8
43167888375,0x389,0x0e,write8
43167941125,0x388,0xc2,write8
43168039250,0x389,0x0e,write8
43168091250,0x388,0x22,write8
43168189250,0x389,0xe6,write8
43168241000,0x388,0x42,write8
43168339000,0x389,0xe7,write8
43168390750,0x388,0x62,write8
43168488750,0x389,0x80,write8
43168540375,0x388,0x82,write8
43168638375,0x389,0x01,write8
43168690125,0x388,0xe2,write8
43168788125,0x389,0x00,write8
43168840375,0x388,0x25,write8
43168938375,0x389,0xe4,write8
43168990125,0x388,0x45,write8
43169088250,0x389,0x8d,write8
43169139875,0x388,0x65,write8
43169237875,0x389,0xf5,write8
43169289625,0x388,0x85,write8
43169387625,0x389,0x07,write8
43169439375,0x388,0xe5,write8
43169537375,0x389,0x00,write8
43169593750,0x388,0xa2,write8
43169691750,0x389,0x5e,write8
43169743250,0x388,0xb2,write8
43169841250,0x389,0x2b,write8
43169900375,0x388,0xb3,write8
43169998375,0x389,0x0b,write8
43170051250,0x388,0xc3,write8
43170149250,0x389,0x0e,write8
43170201375,0x388,0x28,write8
43170299375,0x389,0xe6,write8
43170351000,0x388,0x48,write8
43170449000,0x389,0xe7,write8
43170500750,0x388,0x68,write8
43170598750,0x389,0x80,write8
43170650500,0x388,0x88,write8
43170748500,0x389,0x01,write8
43170800125,0x388,0xe8,write8
43170898250,0x389,0x00,write8
43170950375,0x388,0x2b,write8
43171048500,0x389,0xe4,write8
43171100250,0x388,0x4b,write8
43171198250,0x389,0x8d,write8
43171250000,0x388,0x6b,write8
43171348000,0x389,0xf5,write8
43171399625,0x388,0x8b,write8
43171497625,0x389,0x07,write8
43171549375,0x388,0xeb,write8
43171647375,0x389,0x00,write8
43171704375,0x388,0xa3,write8
43171802375,0x389,0x00,write8
43171854000,0x388,0xb3,write8
43171952000,0x389,0x2e,write8
43172011750,0x388,0xb4,write8
43172109750,0x389,0x0b,write8
43172162375,0x388,0xc4,write8
43172260375,0x389,0x0a,write8
43172312500,0x388,0x29,write8
43172410500,0x389,0x2a,write8
43172462250,0x388,0x49,write8
43172560250,0x389,0x28,write8
43172612000,0x388,0x69,write8
43172710000,0x389,0xe6,write8
43172761625,0x388,0x89,write8
43172859625,0x389,0xd7,write8
43172911375,0x388,0xe9,write8
43173009500,0x389,0x00,write8
43173061750,0x388,0x2c,write8
43173159750,0x389,0x22,write8
43173211375,0x388,0x4c,write8
43173309375,0x389,0x06,write8
43173361125,0x388,0x6c,write8
43173459125,0x389,0xf6,write8
43173510875,0x388,0x8c,write8
43173608875,0x389,0xf7,write8
43173660625,0x388,0xec,write8
43173758625,0x389,0x00,write8
43173816125,0x388,0xa4,write8
43173914125,0x389,0x00,write8
43173965750,0x388,0xb4,write8
43174063875,0x389,0x32,write8
43174124000,0x388,0xb5,write8
43174222000,0x389,0x0b,write8
43174274750,0x388,0xc5,write8
43174372750,0x389,0x08,write8
43174424875,0x388,0x2a,write8
43174522875,0x389,0x20,write8
43174574500,0x388,0x4a,write8
43174672250,0x389,0x24,write8
43174723750,0x388,0x6a,write8
43174821375,0x389,0x62,write8
43174872875,0x388,0x8a,write8
43174970625,0x389,0x75,write8
43175022375,0x388,0xea,write8
43175120000,0x389,0x01,write8
43175172000,0x388,0x2d,write8
43175269625,0x389,0x22,write8
43175321125,0x388,0x4d,write8
43175418750,0x389,0x02,write8
43175470250,0x388,0x6d,write8
43175567875,0x389,0xa8,write8
43175619375,0x388,0x8d,write8
43175717000,0x389,0xf5,write8
43175768500,0x388,0xed,write8
43175866125,0x389,0x00,write8
43175922250,0x388,0xa5,write8
43176020000,0x389,0x5e,write8
43176071375,0x388,0xb5,write8
43176169250,0x389,0x2b,write8
43176229750,0x388,0xb6,write8
43176327875,0x389,0x0f,write8
43176380625,0x388,0xc6,write8
43176478625,0x389,0x00,write8
43176530750,0x388,0x30,write8
43176628750,0x389,0x20,write8
43176680500,0x388,0x50,write8
43176778500,0x389,0x00,write8
43176830125,0x388,0x70,write8
43176928125,0x389,0xfa,write8
43176979875,0x388,0x90,write8
43177078000,0x389,0x6a,write8
43177129750,0x388,0xf0,write8
43177227750,0x389,0x00,write8
43177279875,0x388,0x33,write8
43177377875,0x389,0x26,write8
43177429625,0x388,0x53,write8
43177527625,0x389,0x07,write8
43177579375,0x388,0x73,write8
43177677375,0x389,0xaa,write8
43177729125,0x388,0x93,write8
43177827125,0x389,0xfa,write8
43177878750,0x388,0xf3,write8
43177976750,0x389,0x00,write8
43178033875,0x388,0xa6,write8
43178131875,0x389,0x85,write8
43178183500,0x388,0xb6,write8
43178281500,0x389,0x2e,write8
43216392125,0x388,0xb6,write8
43216490125,0x389,0x0e,write8
43284003000,0x388,0xb5,write8
43284101000,0x389,0x0b,write8
43288227250,0x388,0xb3,write8
43288325250,0x389,0x0e,write8
43305129500,0x388,0xb2,write8
43305227500,0x389,0x0b,write8
43311466125,0x388,0xb4,write8
43311564125,0x389,0x12,write8
43313580375,0x388,0xb1,write8
43313678375,0x389,0x0a,write8
43324141125,0x388,0xb0,write8
43324239125,0x389,0x16,write8
43338935500,0x388,0xb0,write8
43339033625,0x389,0x16,write8
43339086250,0x388,0xc0,write8
43339184250,0x389,0x0e,write8
43339236375,0x388,0x20,write8
43339334375,0x389,0x21,write8
43339386125,0x388,0x40,write8
43339484125,0x389,0xcd,write8
43339535750,0x388,0x60,write8
43339633750,0x389,0x98,write8
43339685500,0x388,0x80,write8
43339783500,0x389,0x3f,write8
43339835250,0x388,0xe0,write8
43339933250,0x389,0x00,write8
43339985500,0x388,0x23,write8
43340083625,0x389,0x21,write8
43340135250,0x388,0x43,write8
43340233250,0x389,0x02,write8
43340285000,0x388,0x63,write8
43340383000,0x389,0x65,write8
43340434750,0x388,0x83,write8
43340532750,0x389,0x2a,write8
43340584375,0x388,0xe3,write8
43340682375,0x389,0x00,write8
43340740000,0x388,0xa0,write8
43340838000,0x389,0xc7,write8
43340889625,0x388,0xb0,write8
43340987625,0x389,0x33,write8
43341045875,0x388,0xb1,write8
43341143875,0x389,0x0a,write8
43341196625,0x388,0xc1,write8
43341294625,0x389,0x0a,write8
43341346625,0x388,0x21,write8
43341444625,0x389,0x2a,write8
43341496375,0x388,0x41,write8
43341594375,0x389,0x28,write8
43341646125,0x388,0x61,write8
43341744125,0x389,0xe6,write8
43341795875,0x388,0x81,write8
43341893875,0x389,0xd7,write8
43341945500,0x388,0xe1,write8
43342043625,0x389,0x00,write8
43342095875,0x388,0x24,write8
43342193875,0x389,0x22,write8
43342245625,0x388,0x44,write8
43342343625,0x389,0x06,write8
43342395250,0x388,0x64,write8
43342493250,0x389,0xf6,write8
43342545000,0x388,0x84,write8
43342643000,0x389,0xf7,write8
43342694750,0x388,0xe4,write8
43342792750,0x389,0x00,write8
43342849750,0x388,0xa1,write8
43342947750,0x389,0xc7,write8
43342999250,0x388,0xb1,write8
43343097375,0x389,0x2f,write8
43343156000,0x388,0xb2,write8
43343254000,0x389,0x0b,write8
43343306750,0x388,0xc2,write8
43343404750,0x389,0x08,write8
43343456875,0x388,0x22,write8
43343554875,0x389,0x20,write8
43343606625,0x388,0x42,write8
43343704625,0x389,0x24,write8
43343756250,0x388,0x62,write8
43343854250,0x389,0x62,write8
43343906000,0x388,0x82,write8
43344004125,0x389,0x75,write8
43344055875,0x388,0xe2,write8
43344153875,0x389,0x01,write8
43344206000,0x388,0x25,write8
43344304000,0x389,0x22,write8
43344355750,0x388,0x45,write8
43344453750,0x389,0x02,write8
43344505500,0x388,0x65,write8
43344603500,0x389,0xa8,write8
43344655250,0x388,0x85,write8
43344753250,0x389,0xf5,write8
43344804875,0x388,0xe5,write8
43344902875,0x389,0x00,write8
43344959250,0x388,0xa2,write8
43345057375,0x389,0x85,write8
43345109000,0x388,0xb2,write8
43345207000,0x389,0x2a,write8
43366401125,0x388,0xb3,write8
43366499125,0x389,0x0e,write8
43366551875,0x388,0xc3,write8
43366649875,0x389,0x0a,write8
43366701875,0x388,0x28,write8
43366799875,0x389,0x28,write8
43366851625,0x388,0x48,write8
43366949625,0x389,0x2b,write8
43367001500,0x388,0x68,write8
43367099500,0x389,0xe6,write8
43367151125,0x388,0x88,write8
43367249250,0x389,0x97,write8
43367300875,0x388,0xe8,write8
43367398875,0x389,0x02,write8
43367451125,0x388,0x2b,write8
43367549125,0x389,0x22,write8
43367600875,0x388,0x4b,write8
43367698875,0x389,0x08,write8
43367750500,0x388,0x6b,write8
43367848500,0x389,0xf6,write8
43367900250,0x388,0x8b,write8
43367998250,0x389,0xf7,write8
43368050125,0x388,0xeb,write8
43368148125,0x389,0x00,write8
43368205125,0x388,0xa3,write8
43368303125,0x389,0x00,write8
43368354625,0x388,0xb3,write8
43368452625,0x389,0x2f,write8
43395979250,0x388,0xb3,write8
43396077375,0x389,0x0f,write8
43400204375,0x388,0xb2,write8
43400302375,0x389,0x0a,write8
43408657375,0x388,0xb2,write8
43408755375,0x389,0x0a,write8
43408808000,0x388,0xc2,write8
43408906000,0x389,0x0a,write8
43408958125,0x388,0x22,write8
43409056250,0x389,0x28,write8
43409108000,0x388,0x42,write8
43409206000,0x389,0x2b,write8
43409257625,0x388,0x62,write8
43409355750,0x389,0xe6,write8
43409407375,0x388,0x82,write8
43409505375,0x389,0x97,write8
43409557125,0x388,0xe2,write8
43409655125,0x389,0x02,write8
43409707375,0x388,0x25,write8
43409805375,0x389,0x22,write8
43409857000,0x388,0x45,write8
43409955000,0x389,0x08,write8
43410006875,0x388,0x65,write8
43410104875,0x389,0xf6,write8
43410156625,0x388,0x85,write8
43410254625,0x389,0xf7,write8
43410306250,0x388,0xe5,write8
43410404375,0x389,0x00,write8
43410460625,0x388,0xa2,write8
43410558625,0x389,0xc7,write8
43410610250,0x388,0xb2,write8
43410708250,0x389,0x2b,write8
43455138125,0x388,0xb2,write8
43455236125,0x389,0x0b,write8
43478381625,0x388,0xb1,write8
43478479625,0x389,0x0f,write8
43497393875,0x388,0xb0,write8
43497491875,0x389,0x13,write8
43499553500,0x388,0xb0,write8
43499651500,0x389,0x13,write8
43499704250,0x388,0xc0,write8
43499802250,0x389,0x0a,write8
43499854250,0x388,0x20,write8
43499952375,0x389,0x28,write8
43500004125,0x388,0x40,write8
43500102125,0x389,0x2b,write8
43500153875,0x388,0x60,write8
43500251875,0x389,0xe6,write8
43500303625,0x388,0x80,write8
43500401625,0x389,0x97,write8
43500453250,0x388,0xe0,write8
43500551250,0x389,0x02,write8
43500603500,0x388,0x23,write8
43500701500,0x389,0x22,write8
43500753250,0x388,0x43,write8
43500851250,0x389,0x08,write8
43500902875,0x388,0x63,write8
43501001125,0x389,0xf6,write8
43501052750,0x388,0x83,write8
43501150750,0x389,0xf7,write8
43501202500,0x388,0xe3,write8
43501300500,0x389,0x00,write8
43501357500,0x388,0xa0,write8
43501455500,0x389,0x00,write8
43501507000,0x388,0xb0,write8
43501605125,0x389,0x2f,write8
43507963000,0x388,0xb1,write8
43508061125,0x389,0x0f,write8
43508113750,0x388,0xc1,write8
43508211750,0x389,0x0a,write8
43508263875,0x388,0x21,write8
43508361875,0x389,0x2a,write8
43508413625,0x388,0x41,write8
43508511625,0x389,0x28,write8
43508563375,0x388,0x61,write8
43508661375,0x389,0xe6,write8
43508713000,0x388,0x81,write8
43508811000,0x389,0xd7,write8
43508862750,0x388,0xe1,write8
43508960750,0x389,0x00,write8
43509013125,0x388,0x24,write8
43509111125,0x389,0x22,write8
43509162750,0x388,0x44,write8
43509260750,0x389,0x06,write8
43509312500,0x388,0x64,write8
43509410500,0x389,0xf6,write8
43509462250,0x388,0x84,write8
43509560250,0x389,0xf7,write8
43509612000,0x388,0xe4,write8
43509710000,0x389,0x00,write8
43509766875,0x388,0xa1,write8
43509864875,0x389,0x5e,write8
43509916500,0x388,0xb1,write8
43510014625,0x389,0x2f,write8
43510073250,0x388,0xb2,write8
43510171250,0x389,0x0b,write8
43510224000,0x388,0xc2,write8
43510322000,0x389,0x0e,write8
43510374000,0x388,0x22,write8
43510472125,0x389,0x21,write8
43510523750,0x388,0x42,write8
43510621750,0x389,0xcd,write8
43510673500,0x388,0x62,write8
43510771500,0x389,0x98,write8
43510823250,0x388,0x82,write8
43510921250,0x389,0x3f,write8
43510972875,0x388,0xe2,write8
43511071000,0x389,0x00,write8
43511123250,0x388,0x25,write8
43511221250,0x389,0x21,write8
43511273000,0x388,0x45,write8
43511371000,0x389,0x02,write8
43511422625,0x388,0x65,write8
43511520750,0x389,0x65,write8
43511572375,0x388,0x85,write8
43511670375,0x389,0x2a,write8
43511722125,0x388,0xe5,write8
43511820125,0x389,0x00,write8
43511877750,0x388,0xa2,write8
43511975750,0x389,0x5e,write8
43512027500,0x388,0xb2,write8
43512125500,0x389,0x33,write8
43512184500,0x388,0xb3,write8
43512282625,0x389,0x0f,write8
43512335250,0x388,0xc3,write8
43512433250,0x389,0x00,write8
43512485375,0x388,0x28,write8
43512583375,0x389,0x20,write8
43512635125,0x388,0x48,write8
43512733125,0x389,0x00,write8
43512784750,0x388,0x68,write8
43512882750,0x389,0xfa,write8
43512934500,0x388,0x88,write8
43513032625,0x389,0x6a,write8
43513084375,0x388,0xe8,write8
43513182375,0x389,0x00,write8
43513234625,0x388,0x2b,write8
43513332625,0x389,0x26,write8
43513384250,0x388,0x4b,write8
43513482250,0x389,0x07,write8
43513534000,0x388,0x6b,write8
43513632000,0x389,0xaa,write8
43513683750,0x388,0x8b,write8
43513781750,0x389,0xfa,write8
43513833375,0x388,0xeb,write8
43513931375,0x389,0x00,write8
43513989000,0x388,0xa3,write8
43514087125,0x389,0x00,write8
43514138750,0x388,0xb3,write8
43514236750,0x389,0x32,write8
43537583000,0x388,0xb0,write8
43537681000,0x389,0x0f,write8
43552329250,0x388,0xb3,write8
43552427250,0x389,0x12,write8
43560780625,0x388,0xb0,write8
43560878250,0x389,0x0f,write8
43560930750,0x388,0xc0,write8
43561028500,0x389,0x0a,write8
43561080375,0x388,0x20,write8
43561178000,0x389,0x28,write8
43561229500,0x388,0x40,write8
43561327125,0x389,0x2b,write8
43561378875,0x388,0x60,write8
43561476875,0x389,0xe6,write8
43561528500,0x388,0x80,write8
43561626500,0x389,0x97,write8
43561678250,0x388,0xe0,write8
43561776250,0x389,0x02,write8
43561828500,0x388,0x23,write8
43561926500,0x389,0x22,write8
43561978125,0x388,0x43,write8
43562076375,0x389,0x08,write8
43562128000,0x388,0x63,write8
43562226000,0x389,0xf6,write8
43562277750,0x388,0x83,write8
43562375750,0x389,0xf7,write8
43562427500,0x388,0xe3,write8
43562525500,0x389,0x00,write8
43562581750,0x388,0xa0,write8
43562679875,0x389,0xc7,write8
43562731375,0x388,0xb0,write8
43562829375,0x389,0x2b,write8
43594584500,0x388,0xb0,write8
43594682500,0x389,0x0b,write8
43636841625,0x388,0xb1,write8
43636939625,0x389,0x0f,write8
43647409875,0x388,0xb0,write8
43647507875,0x389,0x0b,write8
43647560625,0x388,0xc0,write8
43647658625,0x389,0x0a,write8
43647710625,0x388,0x20,write8
43647808625,0x389,0x28,write8
43647860375,0x388,0x40,write8
43647958375,0x389,0x2b,write8
43648010250,0x388,0x60,write8
43648108250,0x389,0xe6,write8
43648159875,0x388,0x80,write8
43648258000,0x389,0x97,write8
43648309625,0x388,0xe0,write8
43648407625,0x389,0x02,write8
43648459875,0x388,0x23,write8
43648557875,0x389,0x22,write8
43648609625,0x388,0x43,write8
43648707625,0x389,0x08,write8
43648759250,0x388,0x63,write8
43648857250,0x389,0xf6,write8
43648909000,0x388,0x83,write8
43649007125,0x389,0xf7,write8
43649058875,0x388,0xe3,write8
43649156875,0x389,0x00,write8
43649213875,0x388,0xa0,write8
43649311875,0x389,0x00,write8
43649363375,0x388,0xb0,write8
43649461375,0x389,0x2f,write8
43662196250,0x388,0xb2,write8
43662294250,0x389,0x13,write8
43672806750,0x388,0xb1,write8
43672904750,0x389,0x0f,write8
43672957500,0x388,0xc1,write8
43673055625,0x389,0x0e,write8
43673107750,0x388,0x21,write8
43673205750,0x389,0x21,write8
43673257375,0x388,0x41,write8
43673355375,0x389,0xcd,write8
43673407125,0x388,0x61,write8
43673505125,0x389,0x98,write8
43673556875,0x388,0x81,write8
43673654875,0x389,0x3f,write8
43673706500,0x388,0xe1,write8
43673804500,0x389,0x00,write8
43673856750,0x388,0x24,write8
43673954750,0x389,0x21,write8
43674006500,0x388,0x44,write8
43674104125,0x389,0x02,write8
43674155625,0x388,0x64,write8
43674253250,0x389,0x65,write8
43674304750,0x388,0x84,write8
43674402625,0x389,0x2a,write8
43674454125,0x388,0xe4,write8
43674551750,0x389,0x00,write8
43674609125,0x388,0xa1,write8
43674706750,0x389,0x00,write8
43674758125,0x388,0xb1,write8
43674855750,0x389,0x33,write8
43674914125,0x388,0xb2,write8
43675011875,0x389,0x13,write8
43675064375,0x388,0xc2,write8
43675162000,0x389,0x0a,write8
43675213875,0x388,0x22,write8
43675311500,0x389,0x2a,write8
43675363000,0x388,0x42,write8
43675460625,0x389,0x28,write8
43675512125,0x388,0x62,write8
43675610250,0x389,0xe6,write8
43675662000,0x388,0x82,write8
43675760000,0x389,0xd7,write8
43675811750,0x388,0xe2,write8
43675909750,0x389,0x00,write8
43675961875,0x388,0x25,write8
43676060000,0x389,0x22,write8
43676111750,0x388,0x45,write8
43676209750,0x389,0x06,write8
43676261500,0x388,0x65,write8
43676359500,0x389,0xf6,write8
43676411250,0x388,0x85,write8
43676509250,0x389,0xf7,write8
43676560875,0x388,0xe5,write8
43676658875,0x389,0x00,write8
43676715875,0x388,0xa2,write8
43676813875,0x389,0x00,write8
43676865500,0x388,0xb2,write8
43676963500,0x389,0x2f,write8
43677022750,0x388,0xb3,write8
43677120750,0x389,0x12,write8
43677173375,0x388,0xc3,write8
43677271500,0x389,0x0e,write8
43677323500,0x388,0x28,write8
43677421500,0x389,0xe6,write8
43677473250,0x388,0x48,write8
43677571250,0x389,0xe7,write8
43677623000,0x388,0x68,write8
43677721000,0x389,0x80,write8
43677772625,0x388,0x88,write8
43677870625,0x389,0x01,write8
43677922375,0x388,0xe8,write8
43678020500,0x389,0x00,write8
43678072750,0x388,0x2b,write8
43678170750,0x389,0xe4,write8
43678222500,0x388,0x4b,write8
43678320500,0x389,0x8d,write8
43678372125,0x388,0x6b,write8
43678470125,0x389,0xf5,write8
43678521875,0x388,0x8b,write8
43678619875,0x389,0x07,write8
43678671625,0x388,0xeb,write8
43678769625,0x389,0x00,write8
43678825875,0x388,0xa3,write8
43678924000,0x389,0x00,write8
43678975500,0x388,0xb3,write8
43679073625,0x389,0x2b,write8
43679133250,0x388,0xb4,write8
43679231250,0x389,0x12,write8
43679284000,0x388,0xc4,write8
43679382000,0x389,0x0e,write8
43679434125,0x388,0x29,write8
43679532125,0x389,0xe6,write8
43679583750,0x388,0x49,write8
43679681750,0x389,0xe7,write8
43679733500,0x388,0x69,write8
43679831500,0x389,0x80,write8
43679883250,0x388,0x89,write8
43679981250,0x389,0x01,write8
43680033000,0x388,0xe9,write8
43680131125,0x389,0x00,write8
43680183250,0x388,0x2c,write8
43680281250,0x389,0xe4,write8
43680333000,0x388,0x4c,write8
43680431000,0x389,0x8d,write8
43680482750,0x388,0x6c,write8
43680580750,0x389,0xf5,write8
43680632375,0x388,0x8c,write8
43680730375,0x389,0x07,write8
43680782125,0x388,0xec,write8
43680880125,0x389,0x00,write8
43680936500,0x388,0xa4,write8
43681034625,0x389,0x3f,write8
43681086250,0x388,0xb4,write8
43681184250,0x389,0x2a,write8
43681244375,0x388,0xb5,write8
43681342375,0x389,0x0b,write8
43681395000,0x388,0xc5,write8
43681493000,0x389,0x0e,write8
43681545125,0x388,0x2a,write8
43681643125,0x389,0xe6,write8
43681694875,0x388,0x4a,write8
43681792875,0x389,0xe7,write8
43681844500,0x388,0x6a,write8
43681942625,0x389,0x80,write8
43681994250,0x388,0x8a,write8
43682092375,0x389,0x01,write8
43682144125,0x388,0xea,write8
43682242125,0x389,0x00,write8
43682294375,0x388,0x2d,write8
43682392375,0x389,0xe4,write8
43682444000,0x388,0x4d,write8
43682542000,0x389,0x8d,write8
43682593750,0x388,0x6d,write8
43682691750,0x389,0xf5,write8
43682743500,0x388,0x8d,write8
43682841500,0x389,0x07,write8
43682893125,0x388,0xed,write8
43682991250,0x389,0x00,write8
43683047625,0x388,0xa5,write8
43683145625,0x389,0xc7,write8
43683197250,0x388,0xb5,write8
43683295250,0x389,0x2b,write8
43683355875,0x388,0xb6,write8
43683453875,0x389,0x0e,write8
43683506625,0x388,0xc6,write8
43683604625,0x389,0x00,write8
43683656750,0x388,0x30,write8
43683754750,0x389,0x20,write8
43683806375,0x388,0x50,write8
43683904375,0x389,0x00,write8
43683956125,0x388,0x70,write8
43684054250,0x389,0xfa,write8
43684106000,0x388,0x90,write8
43684204000,0x389,0x6a,write8
43684255625,0x388,0xf0,write8
43684353625,0x389,0x00,write8
43684405875,0x388,0x33,write8
43684503875,0x389,0x26,write8
43684555625,0x388,0x53,write8
43684653625,0x389,0x07,write8
43684705375,0x388,0x73,write8
43684803375,0x389,0xaa,write8
43684855000,0x388,0x93,write8
43684953000,0x389,0xfa,write8
43685004875,0x388,0xf3,write8
43685102875,0x389,0x00,write8
43685159875,0x388,0xa6,write8
43685257875,0x389,0x85,write8
43685309500,0x388,0xb6,write8
43685407500,0x389,0x2e,write8
43685468625,0x388,0xb7,write8
43685566625,0x389,0x0a,write8
43685619250,0x388,0xc7,write8
43685717250,0x389,0x08,write8
43685769375,0x388,0x31,write8
43685867375,0x389,0x20,write8
43685919125,0x388,0x51,write8
43686017250,0x389,0x24,write8
43686068875,0x388,0x71,write8
43686167000,0x389,0x62,write8
43686218625,0x388,0x91,write8
43686316625,0x389,0x75,write8
43686368375,0x388,0xf1,write8
43686466375,0x389,0x01,write8
43686518625,0x388,0x34,write8
43686616625,0x389,0x22,write8
43686668250,0x388,0x54,write8
43686766250,0x389,0x02,write8
43686818000,0x388,0x74,write8
43686916000,0x389,0xa8,write8
43686967750,0x388,0x94,write8
43687065875,0x389,0xf5,write8
43687117500,0x388,0xf4,write8
43687215625,0x389,0x00,write8
43687271875,0x388,0xa7,write8
43687369875,0x389,0x85,write8
43687421500,0x388,0xb7,write8
43687519500,0x389,0x2a,write8
43702342000,0x388,0xb0,write8
43702440000,0x389,0x0f,write8
43704453625,0x388,0xb0,write8
43704551625,0x389,0x0f,write8
43704604375,0x388,0xc0,write8
43704702375,0x389,0x0a,write8
43704754375,0x388,0x20,write8
43704852500,0x389,0x28,write8
43704904125,0x388,0x40,write8
43705002250,0x389,0x2b,write8
43705054000,0x388,0x60,write8
43705152000,0x389,0xe6,write8
43705203750,0x388,0x80,write8
43705301750,0x389,0x97,write8
43705353375,0x388,0xe0,write8
43705451375,0x389,0x02,write8
43705503625,0x388,0x23,write8
43705601625,0x389,0x22,write8
43705653375,0x388,0x43,write8
43705751375,0x389,0x08,write8
43705803000,0x388,0x63,write8
43705901125,0x389,0xf6,write8
43705952750,0x388,0x83,write8
43706050875,0x389,0xf7,write8
43706102625,0x388,0xe3,write8
43706200625,0x389,0x00,write8
43706257000,0x388,0xa0,write8
43706355000,0x389,0xc7,write8
43706406500,0x388,0xb0,write8
43706504625,0x389,0x2b,write8
43727698875,0x388,0xb6,write8
43727797000,0x389,0x0e,write8
43753094250,0x388,0xb4,write8
43753192250,0x389,0x0a,write8
43755160125,0x388,0xb0,write8
43755258125,0x389,0x0b,write8
43757278375,0x388,0xb5,write8
43757376375,0x389,0x0b,write8
43761502875,0x388,0xb3,write8
43761600875,0x389,0x0b,write8
43772066375,0x388,0xb7,write8
43772164375,0x389,0x0a,write8
43791082625,0x388,0xb0,write8
43791180625,0x389,0x0b,write8
43791233375,0x388,0xc0,write8
43791331375,0x389,0x0a,write8
43791383500,0x388,0x20,write8
43791481500,0x389,0x28,write8
43791533125,0x388,0x40,write8
43791631125,0x389,0x2b,write8
43791682875,0x388,0x60,write8
43791780875,0x389,0xe6,write8
43791832625,0x388,0x80,write8
43791930625,0x389,0x97,write8
43791982250,0x388,0xe0,write8
43792080375,0x389,0x02,write8
43792132625,0x388,0x23,write8
43792230625,0x389,0x22,write8
43792282375,0x388,0x43,write8
43792380375,0x389,0x08,write8
43792432125,0x388,0x63,write8
43792530125,0x389,0xf6,write8
43792581750,0x388,0x83,write8
43792679750,0x389,0xf7,write8
43792731500,0x388,0xe3,write8
43792829500,0x389,0x00,write8
43792886500,0x388,0xa0,write8
43792984500,0x389,0x00,write8
43793036250,0x388,0xb0,write8
43793134250,0x389,0x2f,write8
43820703250,0x388,0xb0,write8
43820801250,0x389,0x0f,write8
43854510250,0x388,0xb0,write8
43854608250,0x389,0x0f,write8
43854661000,0x388,0xc0,write8
43854759000,0x389,0x0e,write8
43854811125,0x388,0x20,write8
43854909125,0x389,0xe6,write8
43854960750,0x388,0x40,write8
43855058875,0x389,0xe7,write8
43855110625,0x388,0x60,write8
43855208625,0x389,0x80,write8
43855260375,0x388,0x80,write8
43855358375,0x389,0x01,write8
43855410000,0x388,0xe0,write8
43855508000,0x389,0x00,write8
43855560250,0x388,0x23,write8
43855658250,0x389,0xe4,write8
43855710000,0x388,0x43,write8
43855808000,0x389,0x8d,write8
43855859750,0x388,0x63,write8
43855957750,0x389,0xf5,write8
43856009500,0x388,0x83,write8
43856107500,0x389,0x07,write8
43856159250,0x388,0xe3,write8
43856257250,0x389,0x00,write8
43856313625,0x388,0xa0,write8
43856411625,0x389,0x00,write8
43856463250,0x388,0xb0,write8
43856561250,0x389,0x2b,write8
43856620250,0x388,0xb3,write8
43856718375,0x389,0x0b,write8
43856771000,0x388,0xc3,write8
43856869000,0x389,0x0e,write8
43856921125,0x388,0x28,write8
43857019250,0x389,0xe6,write8
43857071000,0x388,0x48,write8
43857169000,0x389,0xe7,write8
43857220625,0x388,0x68,write8
43857318625,0x389,0x80,write8
43857370375,0x388,0x88,write8
43857468375,0x389,0x01,write8
43857520125,0x388,0xe8,write8
43857618125,0x389,0x00,write8
43857670375,0x388,0x2b,write8
43857768375,0x389,0xe4,write8
43857820000,0x388,0x4b,write8
43857918000,0x389,0x8d,write8
43857969750,0x388,0x6b,write8
43858067875,0x389,0xf5,write8
43858119625,0x388,0x8b,write8
43858217625,0x389,0x07,write8
43858269250,0x388,0xeb,write8
43858367250,0x389,0x00,write8
43858423625,0x388,0xa3,write8
43858521625,0x389,0x3f,write8
43858573250,0x388,0xb3,write8
43858671250,0x389,0x2a,write8
43858730875,0x388,0xb4,write8
43858828875,0x389,0x0a,write8
43858881625,0x388,0xc4,write8
43858979625,0x389,0x0e,write8
43859031750,0x388,0x29,write8
43859129750,0x389,0xe6,write8
43859181500,0x388,0x49,write8
43859279500,0x389,0xe7,write8
43859331250,0x388,0x69,write8
43859429250,0x389,0x80,write8
43859480875,0x388,0x89,write8
43859578500,0x389,0x01,write8
43859630000,0x388,0xe9,write8
43859727625,0x389,0x00,write8
43859779625,0x388,0x2c,write8
43859877375,0x389,0xe4,write8
43859929000,0x388,0x4c,write8
43860026750,0x389,0x8d,write8
43860078250,0x388,0x6c,write8
43860175875,0x389,0xf5,write8
43860227375,0x388,0x8c,write8
43860325000,0x389,0x07,write8
43860376500,0x388,0xec,write8
43860474125,0x389,0x00,write8
43860530250,0x388,0xa4,write8
43860627875,0x389,0xc7,write8
43860679250,0x388,0xb4,write8
43860776875,0x389,0x2b,write8
43860836750,0x388,0xb5,write8
43860934375,0x389,0x0b,write8
43860986875,0x388,0xc5,write8
43861085125,0x389,0x00,write8
43861137250,0x388,0x2a,write8
43861235250,0x389,0x20,write8
43861286875,0x388,0x4a,write8
43861384875,0x389,0x00,write8
43861436625,0x388,0x6a,write8
43861534625,0x389,0xfa,write8
43861586375,0x388,0x8a,write8
43861684375,0x389,0x6a,write8
43861736000,0x388,0xea,write8
43861834125,0x389,0x00,write8
43861886250,0x388,0x2d,write8
43861984250,0x389,0x26,write8
43862036125,0x388,0x4d,write8
43862134125,0x389,0x07,write8
43862185875,0x388,0x6d,write8
43862283875,0x389,0xaa,write8
43862335500,0x388,0x8d,write8
43862433500,0x389,0xfa,write8
43862485250,0x388,0xed,write8
43862583250,0x389,0x00,write8
43862640875,0x388,0xa5,write8
43862738875,0x389,0x00,write8
43862790500,0x388,0xb5,write8
43862888500,0x389,0x32,write8
43900948375,0x388,0xb5,write8
43901046625,0x389,0x12,write8
43960106375,0x388,0xb2,write8
43960204000,0x389,0x0f,write8
43964332500,0x388,0xb3,write8
43964430500,0x389,0x0a,write8
43964486375,0x388,0xb0,write8
43964584375,0x389,0x0b,write8
43974899875,0x388,0xb4,write8
43974997500,0x389,0x0b,write8
44004478125,0x388,0xb1,write8
44004576125,0x389,0x13,write8
44017156375,0x388,0xb0,write8
44017254000,0x389,0x0b,write8
44017306500,0x388,0xc0,write8
44017404125,0x389,0x0a,write8
44017456000,0x388,0x20,write8
44017553625,0x389,0x22,write8
44017605125,0x388,0x40,write8
44017702750,0x389,0x19,write8
44017754250,0x388,0x60,write8
44017851875,0x389,0xc6,write8
44017903375,0x388,0x80,write8
44018001500,0x389,0x77,write8
44018053250,0x388,0xe0,write8
44018151250,0x389,0x00,write8
44018203375,0x388,0x23,write8
44018301375,0x389,0x22,write8
44018353125,0x388,0x43,write8
44018451125,0x389,0x40,write8
44018502875,0x388,0x63,write8
44018600875,0x389,0xf4,write8
44018652500,0x388,0x83,write8
44018750625,0x389,0xf7,write8
44018802250,0x388,0xe3,write8
44018900250,0x389,0x00,write8
44018955375,0x388,0xa0,write8
44019053500,0x389,0xab,write8
44019105125,0x388,0xb0,write8
44019203125,0x389,0x22,write8
44025608125,0x388,0xb1,write8
44025706125,0x389,0x13,write8
44025758875,0x388,0xc1,write8
44025856875,0x389,0x0a,write8
44025909000,0x388,0x21,write8
44026007125,0x389,0x2a,write8
44026058875,0x388,0x41,write8
44026156875,0x389,0x28,write8
44026208500,0x388,0x61,write8
44026306500,0x389,0xe6,write8
44026358250,0x388,0x81,write8
44026456250,0x389,0xd7,write8
44026508000,0x388,0xe1,write8
44026606000,0x389,0x00,write8
44026658125,0x388,0x24,write8
44026756125,0x389,0x22,write8
44026807875,0x388,0x44,write8
44026905875,0x389,0x06,write8
44026957625,0x388,0x64,write8
44027055750,0x389,0xf6,write8
44027107500,0x388,0x84,write8
44027205500,0x389,0xf7,write8
44027257125,0x388,0xe4,write8
44027355125,0x389,0x00,write8
44027412125,0x388,0xa1,write8
44027510125,0x389,0x5e,write8
44027561750,0x388,0xb1,write8
44027659750,0x389,0x2f,write8
44027718375,0x388,0xb2,write8
44027816375,0x389,0x0f,write8
44027869000,0x388,0xc2,write8
44027967125,0x389,0x0e,write8
44028019250,0x388,0x22,write8
44028117250,0x389,0x21,write8
44028169000,0x388,0x42,write8
44028267000,0x389,0xcd,write8
44028318750,0x388,0x62,write8
44028416750,0x389,0x98,write8
44028468375,0x388,0x82,write8
44028566375,0x389,0x3f,write8
44028618125,0x388,0xe2,write8
44028716125,0x389,0x00,write8
44028768375,0x388,0x25,write8
44028866375,0x389,0x21,write8
44028918000,0x388,0x45,write8
44029016250,0x389,0x02,write8
44029067875,0x388,0x65,write8
44029165875,0x389,0x65,write8
44029217625,0x388,0x85,write8
44029315625,0x389,0x2a,write8
44029367375,0x388,0xe5,write8
44029465375,0x389,0x00,write8
44029523000,0x388,0xa2,write8
44029621000,0x389,0x5e,write8
44029672500,0x388,0xb2,write8
44029770500,0x389,0x33,write8
44029829625,0x388,0xb3,write8
44029927625,0x389,0x0a,write8
44029980375,0x388,0xc3,write8
44030078500,0x389,0x00,write8
44030130625,0x388,0x28,write8
44030228625,0x389,0x00,write8
44030280250,0x388,0x48,write8
44030378250,0x389,0x0c,write8
44030430000,0x388,0x68,write8
44030528000,0x389,0xc8,write8
44030579750,0x388,0x88,write8
44030677750,0x389,0x4c,write8
44030729250,0x388,0xe8,write8
44030826875,0x389,0x00,write8
44030878875,0x388,0x2b,write8
44030976500,0x389,0x20,write8
44031028125,0x388,0x4b,write8
44031126000,0x389,0x00,write8
44031177500,0x388,0x6b,write8
44031275125,0x389,0xd6,write8
44031326625,0x388,0x8b,write8
44031424250,0x389,0xff,write8
44031475750,0x388,0xeb,write8
44031573375,0x389,0x00,write8
44031628875,0x388,0xa3,write8
44031726500,0x389,0x90,write8
44031777875,0x388,0xb3,write8
44031875500,0x389,0x27,write8
44036174000,0x388,0xb4,write8
44036272000,0x389,0x0b,write8
44036324750,0x388,0xc4,write8
44036422750,0x389,0x0a,write8
44036474750,0x388,0x29,write8
44036572750,0x389,0x28,write8
44036624500,0x388,0x49,write8
44036722500,0x389,0x2b,write8
44036774250,0x388,0x69,write8
44036872250,0x389,0xe6,write8
44036923875,0x388,0x89,write8
44037022125,0x389,0x97,write8
44037073750,0x388,0xe9,write8
44037171750,0x389,0x02,write8
44037224000,0x388,0x2c,write8
44037322000,0x389,0x22,write8
44037373750,0x388,0x4c,write8
44037471750,0x389,0x08,write8
44037523375,0x388,0x6c,write8
44037621375,0x389,0xf6,write8
44037673125,0x388,0x8c,write8
44037771125,0x389,0xf7,write8
44037822875,0x388,0xec,write8
44037920875,0x389,0x00,write8
44037977875,0x388,0xa4,write8
44038076000,0x389,0xab,write8
44038127500,0x388,0xb4,write8
44038225500,0x389,0x2e,write8
44069977250,0x388,0xb3,write8
44070075375,0x389,0x07,write8
44072087875,0x388,0xb4,write8
44072185875,0x389,0x0e,write8
44082655875,0x388,0xb3,write8
44082753875,0x389,0x07,write8
44082806500,0x388,0xc3,write8
44082904500,0x389,0x0a,write8
44082956625,0x388,0x28,write8
44083054750,0x389,0x28,write8
44083106500,0x388,0x48,write8
44083204500,0x389,0x2b,write8
44083256125,0x388,0x68,write8
44083354250,0x389,0xe6,write8
44083405875,0x388,0x88,write8
44083503875,0x389,0x97,write8
44083555625,0x388,0xe8,write8
44083653625,0x389,0x02,write8
44083705875,0x388,0x2b,write8
44083803875,0x389,0x22,write8
44083855500,0x388,0x4b,write8
44083953500,0x389,0x08,write8
44084005375,0x388,0x6b,write8
44084103375,0x389,0xf6,write8
44084155125,0x388,0x8b,write8
44084253125,0x389,0xf7,write8
44084304750,0x388,0xeb,write8
44084402875,0x389,0x00,write8
44084459125,0x388,0xa3,write8
44084557125,0x389,0x5e,write8
44084608750,0x388,0xb3,write8
44084706750,0x389,0x2b,write8
44133403250,0x388,0xb0,write8
44133501250,0x389,0x02,write8
44133558500,0x388,0xb3,write8
44133656625,0x389,0x0b,write8
44150264000,0x388,0xb1,write8
44150362000,0x389,0x0f,write8
44167210125,0x388,0xb0,write8
44167308125,0x389,0x02,write8
44167360875,0x388,0xc0,write8
44167458875,0x389,0x0a,write8
44167511000,0x388,0x20,write8
44167609000,0x389,0x28,write8
44167660750,0x388,0x40,write8
44167758750,0x389,0x2b,write8
44167810375,0x388,0x60,write8
44167908375,0x389,0xe6,write8
44167960125,0x388,0x80,write8
44168058250,0x389,0x97,write8
44168110000,0x388,0xe0,write8
44168208000,0x389,0x02,write8
44168260125,0x388,0x23,write8
44168358250,0x389,0x22,write8
44168409875,0x388,0x43,write8
44168507875,0x389,0x08,write8
44168559625,0x388,0x63,write8
44168657625,0x389,0xf6,write8
44168709375,0x388,0x83,write8
44168807375,0x389,0xf7,write8
44168859000,0x388,0xe3,write8
44168957000,0x389,0x00,write8
44169014125,0x388,0xa0,write8
44169112125,0x389,0xab,write8
44169163750,0x388,0xb0,write8
44169261750,0x389,0x2e,write8
44190406750,0x388,0xb1,write8
44190504750,0x389,0x0f,write8
44190557500,0x388,0xc1,write8
44190655500,0x389,0x00,write8
44190707625,0x388,0x21,write8
44190805625,0x389,0x00,write8
44190857375,0x388,0x41,write8
44190955375,0x389,0x0c,write8
44191007125,0x388,0x61,write8
44191105125,0x389,0xc8,write8
44191156875,0x388,0x81,write8
44191254875,0x389,0x4c,write8
44191306625,0x388,0xe1,write8
44191404625,0x389,0x00,write8
44191456750,0x388,0x24,write8
44191554750,0x389,0x20,write8
44191606500,0x388,0x44,write8
44191704500,0x389,0x00,write8
44191756250,0x388,0x64,write8
44191854250,0x389,0xd6,write8
44191906000,0x388,0x84,write8
44192004125,0x389,0xff,write8
44192055750,0x388,0xe4,write8
44192153750,0x389,0x00,write8
44192209500,0x388,0xa1,write8
44192307500,0x389,0x90,write8
44192359125,0x388,0xb1,write8
44192457125,0x389,0x27,write8
44192516250,0x388,0xb3,write8
44192614250,0x389,0x0b,write8
44192666875,0x388,0xc3,write8
44192765000,0x389,0x00,write8
44192817000,0x388,0x28,write8
44192915000,0x389,0x20,write8
44192966750,0x388,0x48,write8
44193064875,0x389,0x00,write8
44193116625,0x388,0x68,write8
44193214625,0x389,0xfa,write8
44193266250,0x388,0x88,write8
44193364250,0x389,0x6a,write8
44193416000,0x388,0xe8,write8
44193514000,0x389,0x00,write8
44193566250,0x388,0x2b,write8
44193664250,0x389,0x26,write8
44193716000,0x388,0x4b,write8
44193814000,0x389,0x07,write8
44193865625,0x388,0x6b,write8
44193963625,0x389,0xaa,write8
44194015500,0x388,0x8b,write8
44194113500,0x389,0xfa,write8
44194165250,0x388,0xeb,write8
44194263250,0x389,0x00,write8
44194320875,0x388,0xa3,write8
44194418875,0x389,0x00,write8
44194470375,0x388,0xb3,write8
44194568375,0x389,0x32,write8
44194640250,0x388,0xb4,write8
44194738250,0x389,0x0e,write8
44194790875,0x388,0xc4,write8
44194888875,0x389,0x0a,write8
44194941000,0x388,0x29,write8
44195039125,0x389,0x22,write8
44195090875,0x388,0x49,write8
44195188875,0x389,0x19,write8
44195240500,0x388,0x69,write8
44195338625,0x389,0xc6,write8
44195390250,0x388,0x89,write8
44195488250,0x389,0x77,write8
44195540000,0x388,0xe9,write8
44195638000,0x389,0x00,write8
44195690250,0x388,0x2c,write8
44195788250,0x389,0x22,write8
44195839875,0x388,0x4c,write8
44195937875,0x389,0x40,write8
44195989625,0x388,0x6c,write8
44196087750,0x389,0xf4,write8
44196139500,0x388,0x8c,write8
44196237500,0x389,0xf7,write8
44196289125,0x388,0xec,write8
44196387250,0x389,0x00,write8
44196442250,0x388,0xa4,write8
44196540250,0x389,0xab,write8
44196591875,0x388,0xb4,write8
44196689875,0x389,0x22,write8
44213647000,0x388,0xb2,write8
44213745000,0x389,0x13,write8
44213803500,0x388,0xb2,write8
44213901500,0x389,0x13,write8
44213954125,0x388,0xc2,write8
44214052250,0x389,0x0a,write8
44214104375,0x388,0x22,write8
44214202375,0x389,0x28,write8
44214254125,0x388,0x42,write8
44214352125,0x389,0x2b,write8
44214403875,0x388,0x62,write8
44214501875,0x389,0xe6,write8
44214553500,0x388,0x82,write8
44214651500,0x389,0x97,write8
44214703250,0x388,0xe2,write8
44214801250,0x389,0x02,write8
44214853500,0x388,0x25,write8
44214951500,0x389,0x22,write8
44215003250,0x388,0x45,write8
44215101250,0x389,0x08,write8
44215153000,0x388,0x65,write8
44215251000,0x389,0xf6,write8
44215302750,0x388,0x85,write8
44215400750,0x389,0xf7,write8
44215452500,0x388,0xe5,write8
44215550500,0x389,0x00,write8
44215606750,0x388,0xa2,write8
44215704750,0x389,0x5e,write8
44215756500,0x388,0xb2,write8
44215854500,0x389,0x2b,write8
44217871625,0x388,0xb0,write8
44217969625,0x389,0x0e,write8
44230550000,0x388,0xb3,write8
44230647625,0x389,0x12,write8
44230703750,0x388,0xb1,write8
44230801500,0x389,0x07,write8
44255903625,0x388,0xb2,write8
44256001875,0x389,0x0b,write8
44355210875,0x388,0xb4,write8
44355308875,0x389,0x02,write8
44357320500,0x388,0xb0,write8
44357418500,0x389,0x0e,write8
44357471250,0x388,0xc0,write8
44357569250,0x389,0x0e,write8
44357621250,0x388,0x20,write8
44357719375,0x389,0x21,write8
44357771000,0x388,0x40,write8
44357869000,0x389,0xcd,write8
44357920750,0x388,0x60,write8
44358018875,0x389,0x98,write8
44358070625,0x388,0x80,write8
44358168625,0x389,0x3f,write8
44358220250,0x388,0xe0,write8
44358318250,0x389,0x00,write8
44358370500,0x388,0x23,write8
44358468500,0x389,0x21,write8
44358520250,0x388,0x43,write8
44358618250,0x389,0x02,write8
44358669875,0x388,0x63,write8
44358768000,0x389,0x65,write8
44358819625,0x388,0x83,write8
44358917375,0x389,0x2a,write8
44358968875,0x388,0xe3,write8
44359066625,0x389,0x00,write8
44359124000,0x388,0xa0,write8
44359221750,0x389,0x5e,write8
44359273250,0x388,0xb0,write8
44359370875,0x389,0x33,write8
44359428750,0x388,0xb1,write8
44359526375,0x389,0x07,write8
44359578875,0x388,0xc1,write8
44359676500,0x389,0x0a,write8
44359728375,0x388,0x21,write8
44359826000,0x389,0x2a,write8
44359877500,0x388,0x41,write8
44359975125,0x389,0x28,write8
44360026750,0x388,0x61,write8
44360124375,0x389,0xe6,write8
44360175875,0x388,0x81,write8
44360273500,0x389,0xd7,write8
44360325000,0x388,0xe1,write8
44360423000,0x389,0x00,write8
44360475125,0x388,0x24,write8
44360573125,0x389,0x22,write8
44360624875,0x388,0x44,write8
44360722875,0x389,0x06,write8
44360774625,0x388,0x64,write8
44360872625,0x389,0xf6,write8
44360924250,0x388,0x84,write8
44361022375,0x389,0xf7,write8
44361074125,0x388,0xe4,write8
44361172125,0x389,0x00,write8
44361229125,0x388,0xa1,write8
44361327125,0x389,0x5e,write8
44361378750,0x388,0xb1,write8
44361476750,0x389,0x2f,write8
44361535375,0x388,0xb2,write8
44361633375,0x389,0x0b,write8
44361686000,0x388,0xc2,write8
44361784000,0x389,0x0e,write8
44361836125,0x388,0x22,write8
44361934125,0x389,0xe6,write8
44361985875,0x388,0x42,write8
44362084000,0x389,0xe7,write8
44362135625,0x388,0x62,write8
44362233750,0x389,0x80,write8
44362285375,0x388,0x82,write8
44362383375,0x389,0x01,write8
44362435125,0x388,0xe2,write8
44362533125,0x389,0x00,write8
44362585375,0x388,0x25,write8
44362683375,0x389,0xe4,write8
44362735000,0x388,0x45,write8
44362833000,0x389,0x8d,write8
44362884750,0x388,0x65,write8
44362982750,0x389,0xf5,write8
44363034625,0x388,0x85,write8
44363132625,0x389,0x07,write8
44363184250,0x388,0xe5,write8
44363282375,0x389,0x00,write8
44363338625,0x388,0xa2,write8
44363436625,0x389,0x5e,write8
44363488250,0x388,0xb2,write8
44363586250,0x389,0x2b,write8
44363645250,0x388,0xb3,write8
44363743375,0x389,0x12,write8
44363796125,0x388,0xc3,write8
44363894125,0x389,0x0e,write8
44363946125,0x388,0x28,write8
44364044375,0x389,0xe6,write8
44364096000,0x388,0x48,write8
44364194000,0x389,0xe7,write8
44364245750,0x388,0x68,write8
44364343750,0x389,0x80,write8
44364395500,0x388,0x88,write8
44364493500,0x389,0x01,write8
44364545125,0x388,0xe8,write8
44364643125,0x389,0x00,write8
44364695375,0x388,0x2b,write8
44364793375,0x389,0xe4,write8
44364845125,0x388,0x4b,write8
44364943125,0x389,0x8d,write8
44364994750,0x388,0x6b,write8
44365093000,0x389,0xf5,write8
44365144625,0x388,0x8b,write8
44365242625,0x389,0x07,write8
44365294375,0x388,0xeb,write8
44365392375,0x389,0x00,write8
44365448750,0x388,0xa3,write8
44365546750,0x389,0x00,write8
44365598250,0x388,0xb3,write8
44365696375,0x389,0x2a,write8
44365755750,0x388,0xb4,write8
44365853875,0x389,0x02,write8
44365906625,0x388,0xc4,write8
44366004750,0x389,0x0e,write8
44366056875,0x388,0x29,write8
44366154875,0x389,0xe6,write8
44366206625,0x388,0x49,write8
44366304625,0x389,0xe7,write8
44366356250,0x388,0x69,write8
44366454250,0x389,0x80,write8
44366506000,0x388,0x89,write8
44366604000,0x389,0x01,write8
44366655750,0x388,0xe9,write8
44366753750,0x389,0x00,write8
44366805875,0x388,0x2c,write8
44366904000,0x389,0xe4,write8
44366955625,0x388,0x4c,write8
44367053750,0x389,0x8d,write8
44367105500,0x388,0x6c,write8
44367203500,0x389,0xf5,write8
44367255250,0x388,0x8c,write8
44367353250,0x389,0x07,write8
44367404875,0x388,0xec,write8
44367502875,0x389,0x00,write8
44367559250,0x388,0xa4,write8
44367657250,0x389,0xab,write8
44367708875,0x388,0xb4,write8
44367806875,0x389,0x2a,write8
44367866875,0x388,0xb5,write8
44367965000,0x389,0x12,write8
44368017875,0x388,0xc5,write8
44368115875,0x389,0x00,write8
44368167875,0x388,0x2a,write8
44368265875,0x389,0x20,write8
44368317625,0x388,0x4a,write8
44368415625,0x389,0x00,write8
44368467375,0x388,0x6a,write8
44368565375,0x389,0xfa,write8
44368617000,0x388,0x8a,write8
44368715125,0x389,0x6a,write8
44368766750,0x388,0xea,write8
44368864750,0x389,0x00,write8
44368917000,0x388,0x2d,write8
44369015125,0x389,0x26,write8
44369066875,0x388,0x4d,write8
44369164875,0x389,0x07,write8
44369216500,0x388,0x6d,write8
44369314500,0x389,0xaa,write8
44369366250,0x388,0x8d,write8
44369464250,0x389,0xfa,write8
44369516000,0x388,0xed,write8
44369614000,0x389,0x00,write8
44369671000,0x388,0xa5,write8
44369769000,0x389,0x85,write8
44369820500,0x388,0xb5,write8
44369918500,0x389,0x2e,write8
44369979000,0x388,0xb6,write8
44370077250,0x389,0x0e,write8
44370130000,0x388,0xc6,write8
44370228000,0x389,0x08,write8
44370280125,0x388,0x30,write8
44370378125,0x389,0x20,write8
44370429750,0x388,0x50,write8
44370527875,0x389,0x24,write8
44370579500,0x388,0x70,write8
44370677500,0x389,0x62,write8
44370729250,0x388,0x90,write8
44370827250,0x389,0x75,write8
44370879000,0x388,0xf0,write8
44370977000,0x389,0x01,write8
44371029250,0x388,0x33,write8
44371127250,0x389,0x22,write8
44371179000,0x388,0x53,write8
44371277000,0x389,0x02,write8
44371328750,0x388,0x73,write8
44371426750,0x389,0xa8,write8
44371478375,0x388,0x93,write8
44371576500,0x389,0xf5,write8
44371628125,0x388,0xf3,write8
44371726125,0x389,0x00,write8
44371782500,0x388,0xa6,write8
44371880500,0x389,0x85,write8
44371932125,0x388,0xb6,write8
44372030250,0x389,0x2a,write8
44391129625,0x388,0xb5,write8
44391227625,0x389,0x0e,write8
44391286500,0x388,0xb6,write8
44391384500,0x389,0x0a,write8
44395356875,0x388,0xb5,write8
44395454875,0x389,0x0e,write8
44395507625,0x388,0xc5,write8
44395605625,0x389,0x0a,write8
44395657625,0x388,0x2a,write8
44395755625,0x389,0x28,write8
44395807375,0x388,0x4a,write8
44395905375,0x389,0x2b,write8
44395957125,0x388,0x6a,write8
44396055250,0x389,0xe6,write8
44396107000,0x388,0x8a,write8
44396205000,0x389,0x97,write8
44396256625,0x388,0xea,write8
44396354625,0x389,0x02,write8
44396406875,0x388,0x2d,write8
44396504875,0x389,0x22,write8
44396556625,0x388,0x4d,write8
44396654625,0x389,0x08,write8
44396706250,0x388,0x6d,write8
44396804250,0x389,0xf6,write8
44396856000,0x388,0x8d,write8
44396954000,0x389,0xf7,write8
44397005875,0x388,0xed,write8
44397103875,0x389,0x00,write8
44397160875,0x388,0xa5,write8
44397258875,0x389,0xab,write8
44397310375,0x388,0xb5,write8
44397408375,0x389,0x2e,write8
44399583125,0x388,0xb6,write8
44399681125,0x389,0x0a,write8
44399733875,0x388,0xc6,write8
44399831875,0x389,0x0a,write8
44399883875,0x388,0x30,write8
44399981875,0x389,0x28,write8
44400033750,0x388,0x50,write8
44400131750,0x389,0x2b,write8
44400183500,0x388,0x70,write8
44400281500,0x389,0xe6,write8
44400333250,0x388,0x90,write8
44400431250,0x389,0x97,write8
44400482875,0x388,0xf0,write8
44400580875,0x389,0x02,write8
44400633125,0x388,0x33,write8
44400731125,0x389,0x22,write8
44400782875,0x388,0x53,write8
44400880875,0x389,0x08,write8
44400932500,0x388,0x73,write8
44401030625,0x389,0xf6,write8
44401082375,0x388,0x93,write8
44401180375,0x389,0xf7,write8
44401232125,0x388,0xf3,write8
44401330125,0x389,0x00,write8
44401386500,0x388,0xa6,write8
44401484500,0x389,0x5e,write8
44401536000,0x388,0xb6,write8
44401634125,0x389,0x2b,write8
44429160125,0x388,0xb4,write8
44429258125,0x389,0x0a,write8
44435495375,0x388,0xb3,write8
44435593375,0x389,0x0a,write8
44446061875,0x388,0xb2,write8
44446159875,0x389,0x0b,write8
44460850375,0x388,0xb5,write8
44460948375,0x389,0x0e,write8
44479869375,0x388,0xb6,write8
44479967500,0x389,0x0b,write8
44496769375,0x388,0xb1,write8
44496867375,0x389,0x0f,write8
44532686625,0x388,0xb1,write8
44532784625,0x389,0x0f,write8
44532837250,0x388,0xc1,write8
44532935250,0x389,0x0e,write8
44532987375,0x388,0x21,write8
44533085500,0x389,0xe6,write8
44533137250,0x388,0x41,write8
44533235250,0x389,0xe7,write8
44533286875,0x388,0x61,write8
44533385000,0x389,0x80,write8
44533436625,0x388,0x81,write8
44533534625,0x389,0x01,write8
44533586375,0x388,0xe1,write8
44533684375,0x389,0x00,write8
44533736625,0x388,0x24,write8
44533834625,0x389,0xe4,write8
44533886250,0x388,0x44,write8
44533984250,0x389,0x8d,write8
44534036125,0x388,0x64,write8
44534134125,0x389,0xf5,write8
44534185875,0x388,0x84,write8
44534283875,0x389,0x07,write8
44534335500,0x388,0xe4,write8
44534433625,0x389,0x00,write8
44534489875,0x388,0xa1,write8
44534587875,0x389,0x00,write8
44534639500,0x388,0xb1,write8
44534737500,0x389,0x2a,write8
44534796125,0x388,0xb2,write8
44534894125,0x389,0x0b,write8
44534946875,0x388,0xc2,write8
44535045000,0x389,0x0e,write8
44535097000,0x388,0x22,write8
44535195000,0x389,0xe6,write8
44535246750,0x388,0x42,write8
44535344750,0x389,0xe7,write8
44535396500,0x388,0x62,write8
44535494500,0x389,0x80,write8
44535546250,0x388,0x82,write8
44535644250,0x389,0x01,write8
44535695875,0x388,0xe2,write8
44535793875,0x389,0x00,write8
44535846125,0x388,0x25,write8
44535944125,0x389,0xe4,write8
44535995875,0x388,0x45,write8
44536094000,0x389,0x8d,write8
44536145625,0x388,0x65,write8
44536243625,0x389,0xf5,write8
44536295375,0x388,0x85,write8
44536393375,0x389,0x07,write8
44536445125,0x388,0xe5,write8
44536543125,0x389,0x00,write8
44536599500,0x388,0xa2,write8
44536697500,0x389,0x5e,write8
44536749000,0x388,0xb2,write8
44536847000,0x389,0x2b,write8
44536906125,0x388,0xb3,write8
44537004250,0x389,0x0a,write8
44537057000,0x388,0xc3,write8
44537155000,0x389,0x0e,write8
44537207125,0x388,0x28,write8
44537305125,0x389,0xe6,write8
44537356750,0x388,0x48,write8
44537454875,0x389,0xe7,write8
44537506500,0x388,0x68,write8
44537604500,0x389,0x80,write8
44537656250,0x388,0x88,write8
44537754250,0x389,0x01,write8
44537806000,0x388,0xe8,write8
44537904000,0x389,0x00,write8
44537956125,0x388,0x2b,write8
44538054250,0x389,0xe4,write8
44538106000,0x388,0x4b,write8
44538204000,0x389,0x8d,write8
44538255750,0x388,0x6b,write8
44538353750,0x389,0xf5,write8
44538405375,0x388,0x8b,write8
44538503500,0x389,0x07,write8
44538555125,0x388,0xeb,write8
44538653125,0x389,0x00,write8
44538709500,0x388,0xa3,write8
44538807500,0x389,0xab,write8
44538859125,0x388,0xb3,write8
44538957125,0x389,0x2a,write8
44539016875,0x388,0xb4,write8
44539114875,0x389,0x0a,write8
44539167500,0x388,0xc4,write8
44539265625,0x389,0x08,write8
44539317625,0x388,0x29,write8
44539415625,0x389,0x20,write8
44539467375,0x388,0x49,write8
44539565375,0x389,0x24,write8
44539617125,0x388,0x69,write8
44539715125,0x389,0x62,write8
44539766750,0x388,0x89,write8
44539864750,0x389,0x75,write8
44539916500,0x388,0xe9,write8
44540014625,0x389,0x01,write8
44540066875,0x388,0x2c,write8
44540164875,0x389,0x22,write8
44540216500,0x388,0x4c,write8
44540314625,0x389,0x02,write8
44540366250,0x388,0x6c,write8
44540464250,0x389,0xa8,write8
44540516000,0x388,0x8c,write8
44540614000,0x389,0xf5,write8
44540665750,0x388,0xec,write8
44540763750,0x389,0x00,write8
44540820000,0x388,0xa4,write8
44540918125,0x389,0x85,write8
44540969625,0x388,0xb4,write8
44541067750,0x389,0x2a,write8
44541127875,0x388,0xb5,write8
44541225875,0x389,0x0e,write8
44541278625,0x388,0xc5,write8
44541376625,0x389,0x00,write8
44541428750,0x388,0x2a,write8
44541526750,0x389,0x00,write8
44541578375,0x388,0x4a,write8
44541676375,0x389,0x0c,write8
44541728125,0x388,0x6a,write8
44541826125,0x389,0xc8,write8
44541877875,0x388,0x8a,write8
44541975875,0x389,0x4c,write8
44542027625,0x388,0xea,write8
44542125750,0x389,0x00,write8
44542177875,0x388,0x2d,write8
44542275875,0x389,0x20,write8
44542327625,0x388,0x4d,write8
44542425625,0x389,0x00,write8
44542477375,0x388,0x6d,write8
44542575375,0x389,0xd6,write8
44542627000,0x388,0x8d,write8
44542725000,0x389,0xff,write8
44542776750,0x388,0xed,write8
44542874750,0x389,0x00,write8
44542930500,0x388,0xa5,write8
44543028625,0x389,0x90,write8
44543080250,0x388,0xb5,write8
44543178250,0x389,0x27,write8
44543238875,0x388,0xb6,write8
44543336875,0x389,0x0b,write8
44543389500,0x388,0xc6,write8
44543487500,0x389,0x00,write8
44543539625,0x388,0x30,write8
44543637625,0x389,0x20,write8
44543689375,0x388,0x50,write8
44543787375,0x389,0x00,write8
44543839000,0x388,0x70,write8
44543937125,0x389,0xfa,write8
44543988750,0x388,0x90,write8
44544086875,0x389,0x6a,write8
44544138625,0x388,0xf0,write8
44544236625,0x389,0x00,write8
44544288875,0x388,0x33,write8
44544386625,0x389,0x26,write8
44544438125,0x388,0x53,write8
44544535750,0x389,0x07,write8
44544587250,0x388,0x73,write8
44544684875,0x389,0xaa,write8
44544736500,0x388,0x93,write8
44544834250,0x389,0xfa,write8
44544885750,0x388,0xf3,write8
44544983375,0x389,0x00,write8
44545040250,0x388,0xa6,write8
44545137875,0x389,0x85,write8
44545189250,0x388,0xb6,write8
44545286875,0x389,0x2e,write8
44549592250,0x388,0xb7,write8
44549690250,0x389,0x0a,write8
44549742875,0x388,0xc7,write8
44549840875,0x389,0x0a,write8
44549893000,0x388,0x31,write8
44549991000,0x389,0x22,write8
44550042875,0x388,0x51,write8
44550140875,0x389,0x19,write8
44550192500,0x388,0x71,write8
44550290625,0x389,0xc6,write8
44550342250,0x388,0x91,write8
44550440250,0x389,0x77,write8
44550492000,0x388,0xf1,write8
44550590000,0x389,0x00,write8
44550642250,0x388,0x34,write8
44550740250,0x389,0x22,write8
44550791875,0x388,0x54,write8
44550889875,0x389,0x40,write8
44550941625,0x388,0x74,write8
44551039750,0x389,0xf4,write8
44551091500,0x388,0x94,write8
44551189500,0x389,0xf7,write8
44551241125,0x388,0xf4,write8
44551339250,0x389,0x00,write8
44551394250,0x388,0xa7,write8
44551492250,0x389,0xab,write8
44551543875,0x388,0xb7,write8
44551641875,0x389,0x22,write8
44568605500,0x388,0xb0,write8
44568703500,0x389,0x13,write8
44581285000,0x388,0xb5,write8
44581383000,0x389,0x07,write8
44581441875,0x388,0xb6,write8
44581539875,0x389,0x0e,write8
44617199875,0x388,0xb4,write8
44617298000,0x389,0x0a,write8
44627810750,0x388,0xb7,write8
44627908750,0x389,0x02,write8
44640443500,0x388,0xb3,write8
44640541500,0x389,0x0a,write8
44648893625,0x388,0xb1,write8
44648991750,0x389,0x0a,write8
44649048625,0x388,0xb2,write8
44649146625,0x389,0x0b,write8
44703828625,0x388,0xb0,write8
44703926625,0x389,0x13,write8
44703979375,0x388,0xc0,write8
44704077500,0x389,0x0e,write8
44704129625,0x388,0x20,write8
44704227625,0x389,0x21,write8
44704279250,0x388,0x40,write8
44704377250,0x389,0xcd,write8
44704429000,0x388,0x60,write8
44704527000,0x389,0x98,write8
44704578750,0x388,0x80,write8
44704676750,0x389,0x3f,write8
44704728375,0x388,0xe0,write8
44704826500,0x389,0x00,write8
44704878625,0x388,0x23,write8
44704976625,0x389,0x21,write8
44705028500,0x388,0x43,write8
44705126500,0x389,0x02,write8
44705178250,0x388,0x63,write8
44705276250,0x389,0x65,write8
44705327875,0x388,0x83,write8
44705425875,0x389,0x2a,write8
44705477625,0x388,0xe3,write8
44705575625,0x389,0x00,write8
44705633250,0x388,0xa0,write8
44705731250,0x389,0x5e,write8
44705782875,0x388,0xb0,write8
44705880875,0x389,0x33,write8
44705939000,0x388,0xb1,write8
44706037125,0x389,0x0a,write8
44706089750,0x388,0xc1,write8
44706187750,0x389,0x0a,write8
44706239875,0x388,0x21,write8
44706337875,0x389,0x2a,write8
44706389625,0x388,0x41,write8
44706487625,0x389,0x28,write8
44706539250,0x388,0x61,write8
44706637375,0x389,0xe6,write8
44706689000,0x388,0x81,write8
44706787000,0x389,0xd7,write8
44706838750,0x388,0xe1,write8
44706936750,0x389,0x00,write8
44706989000,0x388,0x24,write8
44707087125,0x389,0x22,write8
44707138750,0x388,0x44,write8
44707236750,0x389,0x06,write8
44707288500,0x388,0x64,write8
44707386500,0x389,0xf6,write8
44707438250,0x388,0x84,write8
44707536250,0x389,0xf7,write8
44707587875,0x388,0xe4,write8
44707686000,0x389,0x00,write8
44707742875,0x388,0xa1,write8
44707840875,0x389,0x5e,write8
44707892500,0x388,0xb1,write8
44707990500,0x389,0x2f,write8
44708049250,0x388,0xb2,write8
44708147250,0x389,0x0b,write8
44708200000,0x388,0xc2,write8
44708298000,0x389,0x00,write8
44708350000,0x388,0x22,write8
44708448125,0x389,0x00,write8
44708499750,0x388,0x42,write8
44708597750,0x389,0x0c,write8
44708649500,0x388,0x62,write8
44708747500,0x389,0xc8,write8
44708799250,0x388,0x82,write8
44708897250,0x389,0x4c,write8
44708948875,0x388,0xe2,write8
44709047000,0x389,0x00,write8
44709099250,0x388,0x25,write8
44709197250,0x389,0x20,write8
44709249000,0x388,0x45,write8
44709347000,0x389,0x00,write8
44709398625,0x388,0x65,write8
44709496750,0x389,0xd6,write8
44709548375,0x388,0x85,write8
44709646375,0x389,0xff,write8
44709698125,0x388,0xe5,write8
44709796125,0x389,0x00,write8
44709851875,0x388,0xa2,write8
44709949875,0x389,0x90,write8
44710001500,0x388,0xb2,write8
44710099625,0x389,0x27,write8
44710158625,0x388,0xb3,write8
44710256625,0x389,0x0a,write8
44710309375,0x388,0xc3,write8
44710407375,0x389,0x08,write8
44710459500,0x388,0x28,write8
44710557500,0x389,0x20,write8
44710609250,0x388,0x48,write8
44710707250,0x389,0x24,write8
44710758875,0x388,0x68,write8
44710856875,0x389,0x62,write8
44710908625,0x388,0x88,write8
44711006750,0x389,0x75,write8
44711058500,0x388,0xe8,write8
44711156500,0x389,0x01,write8
44711208625,0x388,0x2b,write8
44711306750,0x389,0x22,write8
44711358375,0x388,0x4b,write8
44711456375,0x389,0x02,write8
44711508125,0x388,0x6b,write8
44711606125,0x389,0xa8,write8
44711657875,0x388,0x8b,write8
44711755875,0x389,0xf5,write8
44711807500,0x388,0xeb,write8
44711905500,0x389,0x00,write8
44711961875,0x388,0xa3,write8
44712060000,0x389,0x85,write8
44712111625,0x388,0xb3,write8
44712209625,0x389,0x2a,write8
44720730500,0x388,0xb4,write8
44720828500,0x389,0x0a,write8
44720881250,0x388,0xc4,write8
44720979250,0x389,0x0a,write8
44721031500,0x388,0x29,write8
44721129500,0x389,0x22,write8
44721181125,0x388,0x49,write8
44721279125,0x389,0x19,write8
44721330875,0x388,0x69,write8
44721428875,0x389,0xc6,write8
44721480625,0x388,0x89,write8
44721578625,0x389,0x77,write8
44721630250,0x388,0xe9,write8
44721728250,0x389,0x00,write8
44721780500,0x388,0x2c,write8
44721878500,0x389,0x22,write8
44721930250,0x388,0x4c,write8
44722028375,0x389,0x40,write8
44722080125,0x388,0x6c,write8
44722178125,0x389,0xf4,write8
44722229750,0x388,0x8c,write8
44722327750,0x389,0xf7,write8
44722379500,0x388,0xec,write8
44722477500,0x389,0x00,write8
44722532625,0x388,0xa4,write8
44722630625,0x389,0xab,write8
44722682125,0x388,0xb4,write8
44722780250,0x389,0x22,write8
44729182375,0x388,0xb5,write8
44729280375,0x389,0x07,write8
44729333125,0x388,0xc5,write8
44729431125,0x389,0x0a,write8
44729483125,0x388,0x2a,write8
44729581250,0x389,0x28,write8
44729632875,0x388,0x4a,write8
44729730875,0x389,0x2b,write8
44729782625,0x388,0x6a,write8
44729880375,0x389,0xe6,write8
44729931875,0x388,0x8a,write8
44730029625,0x389,0x97,write8
44730081125,0x388,0xea,write8
44730178875,0x389,0x02,write8
44730230875,0x388,0x2d,write8
44730328625,0x389,0x22,write8
44730380125,0x388,0x4d,write8
44730477750,0x389,0x08,write8
44730529250,0x388,0x6d,write8
44730626875,0x389,0xf6,write8
44730678375,0x388,0x8d,write8
44730776000,0x389,0xf7,write8
44730827500,0x388,0xed,write8
44730925125,0x389,0x00,write8
44730981875,0x388,0xa5,write8
44731079625,0x389,0xab,write8
44731131000,0x388,0xb5,write8
44731228625,0x389,0x2e,write8
44743972375,0x388,0xb3,write8
44744070625,0x389,0x0a,write8
44750307875,0x388,0xb2,write8
44750405875,0x389,0x07,write8
44760876125,0x388,0xb5,write8
44760974125,0x389,0x0e,write8
44777778875,0x388,0xb2,write8
44777876875,0x389,0x07,write8
44777929625,0x388,0xc2,write8
44778027750,0x389,0x0a,write8
44778079875,0x388,0x22,write8
44778177875,0x389,0x28,write8
44778229500,0x388,0x42,write8
44778327625,0x389,0x2b,write8
44778379250,0x388,0x62,write8
44778477250,0x389,0xe6,write8
44778529000,0x388,0x82,write8
44778627000,0x389,0x97,write8
44778678750,0x388,0xe2,write8
44778776750,0x389,0x02,write8
44778828875,0x388,0x25,write8
44778926875,0x389,0x22,write8
44778978625,0x388,0x45,write8
44779076750,0x389,0x08,write8
44779128500,0x388,0x65,write8
44779226500,0x389,0xf6,write8
44779278125,0x388,0x85,write8
44779376250,0x389,0xf7,write8
44779427875,0x388,0xe5,write8
44779525875,0x389,0x00,write8
44779582250,0x388,0xa2,write8
44779680250,0x389,0x5e,write8
44779731875,0x388,0xb2,write8
44779829875,0x389,0x2b,write8
44828485625,0x388,0xb2,write8
44828583625,0x389,0x0b,write8
44866518250,0x388,0xb2,write8
44866616250,0x389,0x0b,write8
44866669000,0x388,0xc2,write8
44866767000,0x389,0x0a,write8
44866819000,0x388,0x22,write8
44866917000,0x389,0x28,write8
44866968750,0x388,0x42,write8
44867066875,0x389,0x2b,write8
44867118625,0x388,0x62,write8
44867216625,0x389,0xe6,write8
44867268250,0x388,0x82,write8
44867366375,0x389,0x97,write8
44867418000,0x388,0xe2,write8
44867516000,0x389,0x02,write8
44867568250,0x388,0x25,write8
44867666250,0x389,0x22,write8
44867718000,0x388,0x45,write8
44867816000,0x389,0x08,write8
44867867625,0x388,0x65,write8
44867965625,0x389,0xf6,write8
44868017500,0x388,0x85,write8
44868115500,0x389,0xf7,write8
44868167250,0x388,0xe5,write8
44868265250,0x389,0x00,write8
44868322250,0x388,0xa2,write8
44868420250,0x389,0xab,write8
44868471750,0x388,0xb2,write8
44868569750,0x389,0x2e,write8
44870786750,0x388,0xb3,write8
44870884750,0x389,0x0a,write8
44870937500,0x388,0xc3,write8
44871035625,0x389,0x08,write8
44871087750,0x388,0x28,write8
44871185750,0x389,0x20,write8
44871237375,0x388,0x48,write8
44871335375,0x389,0x24,write8
44871387125,0x388,0x68,write8
44871485125,0x389,0x62,write8
44871536875,0x388,0x88,write8
44871634875,0x389,0x75,write8
44871686500,0x388,0xe8,write8
44871784625,0x389,0x01,write8
44871836750,0x388,0x2b,write8
44871934750,0x389,0x22,write8
44871986500,0x388,0x4b,write8
44872084625,0x389,0x02,write8
44872136375,0x388,0x6b,write8
44872234375,0x389,0xa8,write8
44872286000,0x388,0x8b,write8
44872384000,0x389,0xf5,write8
44872435750,0x388,0xeb,write8
44872533625,0x389,0x00,write8
44872589750,0x388,0xa3,write8
44872687375,0x389,0x5e,write8
44872738750,0x388,0xb3,write8
44872836375,0x389,0x2b,write8
44898206250,0x388,0xb2,write8
44898304250,0x389,0x0e,write8
44900323625,0x388,0xb2,write8
44900421625,0x389,0x0e,write8
44900474250,0x388,0xc2,write8
44900572250,0x389,0x0a,write8
44900624375,0x388,0x22,write8
44900722375,0x389,0x28,write8
44900774125,0x388,0x42,write8
44900872125,0x389,0x2b,write8
44900923875,0x388,0x62,write8
44901022000,0x389,0xe6,write8
44901073500,0x388,0x82,write8
44901171125,0x389,0x97,write8
44901222625,0x388,0xe2,write8
44901320250,0x389,0x02,write8
44901372250,0x388,0x25,write8
44901470125,0x389,0x22,write8
44901521625,0x388,0x45,write8
44901619250,0x389,0x08,write8
44901670750,0x388,0x65,write8
44901768375,0x389,0xf6,write8
44901819875,0x388,0x85,write8
44901917500,0x389,0xf7,write8
44901969000,0x388,0xe5,write8
44902066750,0x389,0x00,write8
44902122875,0x388,0xa2,write8
44902220500,0x389,0x5e,write8
44902271875,0x388,0xb2,write8
44902369500,0x389,0x2b,write8
44921451125,0x388,0xb3,write8
44921549125,0x389,0x0b,write8
44995399125,0x388,0xb3,write8
44995497125,0x389,0x0b,write8
44995549750,0x388,0xc3,write8
44995647750,0x389,0x0a,write8
44995699875,0x388,0x28,write8
44995797875,0x389,0x28,write8
44995849625,0x388,0x48,write8
44995947625,0x389,0x2b,write8
44995999250,0x388,0x68,write8
44996097500,0x389,0xe6,write8
44996149125,0x388,0x88,write8
44996247125,0x389,0x97,write8
44996298875,0x388,0xe8,write8
44996396875,0x389,0x02,write8
44996449125,0x388,0x2b,write8
44996547125,0x389,0x22,write8
44996598750,0x388,0x4b,write8
44996696750,0x389,0x08,write8
44996748500,0x388,0x6b,write8
44996846500,0x389,0xf6,write8
44996898250,0x388,0x8b,write8
44996996250,0x389,0xf7,write8
44997048000,0x388,0xeb,write8
44997146125,0x389,0x00,write8
44997203000,0x388,0xa3,write8
44997301000,0x389,0xab,write8
44997352625,0x388,0xb3,write8
44997450625,0x389,0x2e,write8
45010189500,0x388,0xb2,write8
45010287500,0x389,0x0b,write8
45029202750,0x388,0xb3,write8
45029300750,0x389,0x0e,write8
45033429500,0x388,0xb2,write8
45033527500,0x389,0x0b,write8
45033580250,0x388,0xc2,write8
45033678250,0x389,0x0e,write8
45033730375,0x388,0x22,write8
45033828375,0x389,0xe6,write8
45033880125,0x388,0x42,write8
45033978125,0x389,0xe7,write8
45034029875,0x388,0x62,write8
45034127875,0x389,0x80,write8
45034179625,0x388,0x82,write8
45034277625,0x389,0x01,write8
45034329375,0x388,0xe2,write8
45034427375,0x389,0x00,write8
45034479500,0x388,0x25,write8
45034577500,0x389,0xe4,write8
45034629250,0x388,0x45,write8
45034727250,0x389,0x8d,write8
45034779000,0x388,0x65,write8
45034877000,0x389,0xf5,write8
45034928750,0x388,0x85,write8
45035026875,0x389,0x07,write8
45035078500,0x388,0xe5,write8
45035176500,0x389,0x00,write8
45035232875,0x388,0xa2,write8
45035330875,0x389,0x00,write8
45035382500,0x388,0xb2,write8
45035480500,0x389,0x2a,write8
45035539625,0x388,0xb3,write8
45035637625,0x389,0x0e,write8
45035690250,0x388,0xc3,write8
45035788375,0x389,0x0e,write8
45035840375,0x388,0x28,write8
45035938375,0x389,0xe6,write8
45035990125,0x388,0x48,write8
45036088250,0x389,0xe7,write8
45036140000,0x388,0x68,write8
45036238000,0x389,0x80,write8
45036289625,0x388,0x88,write8
45036387625,0x389,0x01,write8
45036439375,0x388,0xe8,write8
45036537375,0x389,0x00,write8
45036589625,0x388,0x2b,write8
45036687625,0x389,0xe4,write8
45036739375,0x388,0x4b,write8
45036837375,0x389,0x8d,write8
45036889000,0x388,0x6b,write8
45036987000,0x389,0xf5,write8
45037038875,0x388,0x8b,write8
45037136875,0x389,0x07,write8
45037188625,0x388,0xeb,write8
45037286625,0x389,0x00,write8
45037342875,0x388,0xa3,write8
45037441000,0x389,0xab,write8
45037492500,0x388,0xb3,write8
45037590500,0x389,0x2a,write8
45037650625,0x388,0xb5,write8
45037748625,0x389,0x0e,write8
45037801375,0x388,0xc5,write8
45037899375,0x389,0x0e,write8
45037951500,0x388,0x2a,write8
45038049625,0x389,0xe6,write8
45038101250,0x388,0x4a,write8
45038199250,0x389,0xe7,write8
45038251000,0x388,0x6a,write8
45038349000,0x389,0x80,write8
45038400750,0x388,0x8a,write8
45038498750,0x389,0x01,write8
45038550375,0x388,0xea,write8
45038648500,0x389,0x00,write8
45038700625,0x388,0x2d,write8
45038798625,0x389,0xe4,write8
45038850375,0x388,0x4d,write8
45038948375,0x389,0x8d,write8
45039000125,0x388,0x6d,write8
45039098250,0x389,0xf5,write8
45039149875,0x388,0x8d,write8
45039247875,0x389,0x07,write8
45039299625,0x388,0xed,write8
45039397625,0x389,0x00,write8
45039454000,0x388,0xa5,write8
45039552000,0x389,0x5e,write8
45039603625,0x388,0xb5,write8
45039701625,0x389,0x2b,write8
45039762250,0x388,0xb6,write8
45039860250,0x389,0x0e,write8
45039912875,0x388,0xc6,write8
45040011000,0x389,0x08,write8
45040063125,0x388,0x30,write8
45040161125,0x389,0x20,write8
45040212875,0x388,0x50,write8
45040310875,0x389,0x24,write8
45040362625,0x388,0x70,write8
45040460625,0x389,0x62,write8
45040512250,0x388,0x90,write8
45040610250,0x389,0x75,write8
45040662000,0x388,0xf0,write8
45040760000,0x389,0x01,write8
45040812250,0x388,0x33,write8
45040910250,0x389,0x22,write8
45040961875,0x388,0x53,write8
45041060000,0x389,0x02,write8
45041111750,0x388,0x73,write8
45041209750,0x389,0xa8,write8
45041261500,0x388,0x93,write8
45041359500,0x389,0xf5,write8
45041411250,0x388,0xf3,write8
45041509250,0x389,0x00,write8
45041565500,0x388,0xa6,write8
45041663500,0x389,0x5e,write8
45041715125,0x388,0xb6,write8
45041813125,0x389,0x2b,write8
45041874250,0x388,0xb7,write8
45041972250,0x389,0x02,write8
45042025125,0x388,0xc7,write8
45042123125,0x389,0x00,write8
45042175250,0x388,0x31,write8
45042273250,0x389,0x20,write8
45042324875,0x388,0x51,write8
45042422875,0x389,0x00,write8
45042474625,0x388,0x71,write8
45042572625,0x389,0xfa,write8
45042624375,0x388,0x91,write8
45042722375,0x389,0x6a,write8
45042774000,0x388,0xf1,write8
45042872000,0x389,0x00,write8
45042924250,0x388,0x34,write8
45043022375,0x389,0x26,write8
45043074125,0x388,0x54,write8
45043172125,0x389,0x07,write8
45043223875,0x388,0x74,write8
45043321875,0x389,0xaa,write8
45043373500,0x388,0x94,write8
45043471500,0x389,0xfa,write8
45043523250,0x388,0xf4,write8
45043621250,0x389,0x00,write8
45043678250,0x388,0xa7,write8
45043776000,0x389,0x85,write8
45043827375,0x388,0xb7,write8
45043925000,0x389,0x2e,write8
45082025750,0x388,0xb7,write8
45082123750,0x389,0x0e,write8
45117944750,0x388,0xb3,write8
45118042875,0x389,0x0a,write8
45120054250,0x388,0xb2,write8
45120152250,0x389,0x0a,write8
45122172250,0x388,0xb6,write8
45122270250,0x389,0x0b,write8
45134848500,0x388,0xb5,write8
45134946500,0x389,0x0b,write8
45136958625,0x388,0xb2,write8
45137056750,0x389,0x0a,write8
45137109500,0x388,0xc2,write8
45137207500,0x389,0x0a,write8
45137259625,0x388,0x22,write8
45137357625,0x389,0x28,write8
45137409250,0x388,0x42,write8
45137507375,0x389,0x2b,write8
45137559000,0x388,0x62,write8
45137657000,0x389,0xe6,write8
45137708750,0x388,0x82,write8
45137806750,0x389,0x97,write8
45137858500,0x388,0xe2,write8
45137956500,0x389,0x02,write8
45138008750,0x388,0x25,write8
45138106750,0x389,0x22,write8
45138158500,0x388,0x45,write8
45138256500,0x389,0x08,write8
45138308250,0x388,0x65,write8
45138406250,0x389,0xf6,write8
45138457875,0x388,0x85,write8
45138556000,0x389,0xf7,write8
45138607625,0x388,0xe5,write8
45138705625,0x389,0x00,write8
45138762625,0x388,0xa2,write8
45138860625,0x389,0xab,write8
45138912250,0x388,0xb2,write8
45139010375,0x389,0x2e,write8
45164426375,0x388,0xb1,write8
45164524375,0x389,0x0f,write8
45177103750,0x388,0xb2,write8
45177201750,0x389,0x0e,write8
45204568875,0x388,0xb1,write8
45204666875,0x389,0x0f,write8
45204719625,0x388,0xc1,write8
45204817625,0x389,0x0e,write8
45204869625,0x388,0x21,write8
45204967625,0x389,0xe6,write8
45205019500,0x388,0x41,write8
45205117500,0x389,0xe7,write8
45205169250,0x388,0x61,write8
45205267250,0x389,0x80,write8
45205319000,0x388,0x81,write8
45205417000,0x389,0x01,write8
45205468625,0x388,0xe1,write8
45205566625,0x389,0x00,write8
45205618875,0x388,0x24,write8
45205716875,0x389,0xe4,write8
45205768625,0x388,0x44,write8
45205866625,0x389,0x8d,write8
45205918250,0x388,0x64,write8
45206016375,0x389,0xf5,write8
45206068125,0x388,0x84,write8
45206166125,0x389,0x07,write8
45206217875,0x388,0xe4,write8
45206315875,0x389,0x00,write8
45206372250,0x388,0xa1,write8
45206470250,0x389,0x00,write8
45206521750,0x388,0xb1,write8
45206619750,0x389,0x2a,write8
45206678375,0x388,0xb2,write8
45206776375,0x389,0x0e,write8
45206829125,0x388,0xc2,write8
45206927125,0x389,0x0e,write8
45206979250,0x388,0x22,write8
45207077375,0x389,0xe6,write8
45207129000,0x388,0x42,write8
45207227125,0x389,0xe7,write8
45207278750,0x388,0x62,write8
45207376750,0x389,0x80,write8
45207428500,0x388,0x82,write8
45207526500,0x389,0x01,write8
45207578250,0x388,0xe2,write8
45207676250,0x389,0x00,write8
45207728375,0x388,0x25,write8
45207826375,0x389,0xe4,write8
45207878125,0x388,0x45,write8
45207976125,0x389,0x8d,write8
45208028000,0x388,0x65,write8
45208126000,0x389,0xf5,write8
45208177625,0x388,0x85,write8
45208275750,0x389,0x07,write8
45208327375,0x388,0xe5,write8
45208425375,0x389,0x00,write8
45208481750,0x388,0xa2,write8
45208579750,0x389,0xab,write8
45208631375,0x388,0xb2,write8
45208729375,0x389,0x2a,write8
45208788500,0x388,0xb3,write8
45208886500,0x389,0x0a,write8
45208939125,0x388,0xc3,write8
45209037375,0x389,0x0e,write8
45209089375,0x388,0x28,write8
45209187375,0x389,0xe6,write8
45209239125,0x388,0x48,write8
45209337125,0x389,0xe7,write8
45209388875,0x388,0x68,write8
45209486875,0x389,0x80,write8
45209538500,0x388,0x88,write8
45209636500,0x389,0x01,write8
45209688250,0x388,0xe8,write8
45209786250,0x389,0x00,write8
45209838500,0x388,0x2b,write8
45209936500,0x389,0xe4,write8
45209988125,0x388,0x4b,write8
45210086375,0x389,0x8d,write8
45210138000,0x388,0x6b,write8
45210236000,0x389,0xf5,write8
45210287750,0x388,0x8b,write8
45210385750,0x389,0x07,write8
45210437500,0x388,0xeb,write8
45210535500,0x389,0x00,write8
45210591750,0x388,0xa3,write8
45210689875,0x389,0x5e,write8
45210741375,0x388,0xb3,write8
45210839375,0x389,0x2b,write8
45210899500,0x388,0xb5,write8
45210997500,0x389,0x0b,write8
45211050375,0x388,0xc5,write8
45211148375,0x389,0x00,write8
45211200500,0x388,0x2a,write8
45211298500,0x389,0x20,write8
45211350125,0x388,0x4a,write8
45211448125,0x389,0x00,write8
45211499875,0x388,0x6a,write8
45211597875,0x389,0xfa,write8
45211649625,0x388,0x8a,write8
45211747625,0x389,0x6a,write8
45211799250,0x388,0xea,write8
45211897375,0x389,0x00,write8
45211949500,0x388,0x2d,write8
45212047625,0x389,0x26,write8
45212099375,0x388,0x4d,write8
45212197375,0x389,0x07,write8
45212249125,0x388,0x6d,write8
45212347125,0x389,0xaa,write8
45212398750,0x388,0x8d,write8
45212496750,0x389,0xfa,write8
45212548500,0x388,0xed,write8
45212646500,0x389,0x00,write8
45212704125,0x388,0xa5,write8
45212802125,0x389,0x00,write8
45212853750,0x388,0xb5,write8
45212951750,0x389,0x32,write8
45213012500,0x388,0xb6,write8
45213110500,0x389,0x0b,write8
45213163125,0x388,0xc6,write8
45213261125,0x389,0x08,write8
45213313250,0x388,0x30,write8
45213411250,0x389,0x20,write8
45213463000,0x388,0x50,write8
45213561000,0x389,0x24,write8
45213612750,0x388,0x70,write8
45213710750,0x389,0x62,write8
45213762375,0x388,0x90,write8
45213860375,0x389,0x75,write8
45213912125,0x388,0xf0,write8
45214010250,0x389,0x01,write8
45214062500,0x388,0x33,write8
45214160500,0x389,0x22,write8
45214212125,0x388,0x53,write8
45214310125,0x389,0x02,write8
45214361875,0x388,0x73,write8
45214459875,0x389,0xa8,write8
45214511625,0x388,0x93,write8
45214609625,0x389,0xf5,write8
45214661375,0x388,0xf3,write8
45214759375,0x389,0x00,write8
45214815625,0x388,0xa6,write8
45214913750,0x389,0x5e,write8
45214965125,0x388,0xb6,write8
45215062875,0x389,0x2b,write8
45225700000,0x388,0xb4,write8
45225798000,0x389,0x02,write8
45253164500,0x388,0xb5,write8
45253262500,0x389,0x12,write8
45322934125,0x388,0xb6,write8
45323032250,0x389,0x0b,write8
45324999625,0x388,0xb2,write8
45325097750,0x389,0x0a,write8
45331340250,0x388,0xb1,write8
45331438250,0x389,0x0a,write8
45333451500,0x388,0xb3,write8
45333549500,0x389,0x0b,write8
45379934375,0x388,0xb1,write8
45380032625,0x389,0x0a,write8
45380085250,0x388,0xc1,write8
45380183250,0x389,0x0e,write8
45380235375,0x388,0x21,write8
45380333375,0x389,0xe6,write8
45380385125,0x388,0x41,write8
45380483125,0x389,0xe7,write8
45380534750,0x388,0x61,write8
45380632750,0x389,0x80,write8
45380684500,0x388,0x81,write8
45380782500,0x389,0x01,write8
45380834250,0x388,0xe1,write8
45380932250,0x389,0x00,write8
45380984500,0x388,0x24,write8
45381082625,0x389,0xe4,write8
45381134250,0x388,0x44,write8
45381232250,0x389,0x8d,write8
45381284000,0x388,0x64,write8
45381382000,0x389,0xf5,write8
45381433750,0x388,0x84,write8
45381531750,0x389,0x07,write8
45381583375,0x388,0xe4,write8
45381681375,0x389,0x00,write8
45381738375,0x388,0xa1,write8
45381836375,0x389,0xab,write8
45381888000,0x388,0xb1,write8
45381986000,0x389,0x2e,write8
45382044625,0x388,0xb2,write8
45382142625,0x389,0x0a,write8
45382195375,0x388,0xc2,write8
45382293375,0x389,0x0e,write8
45382345375,0x388,0x22,write8
45382443375,0x389,0xe6,write8
45382495125,0x388,0x42,write8
45382593125,0x389,0xe7,write8
45382644875,0x388,0x62,write8
45382742875,0x389,0x80,write8
45382794500,0x388,0x82,write8
45382892625,0x389,0x01,write8
45382944250,0x388,0xe2,write8
45383042375,0x389,0x00,write8
45383094625,0x388,0x25,write8
45383192625,0x389,0xe4,write8
45383244375,0x388,0x45,write8
45383342375,0x389,0x8d,write8
45383394000,0x388,0x65,write8
45383492000,0x389,0xf5,write8
45383543750,0x388,0x85,write8
45383641750,0x389,0x07,write8
45383693500,0x388,0xe5,write8
45383791500,0x389,0x00,write8
45383847875,0x388,0xa2,write8
45383945875,0x389,0xab,write8
45383997375,0x388,0xb2,write8
45384095500,0x389,0x2a,write8
45384154625,0x388,0xb3,write8
45384252625,0x389,0x0b,write8
45384305375,0x388,0xc3,write8
45384403375,0x389,0x0a,write8
45384455500,0x388,0x28,write8
45384553500,0x389,0x28,write8
45384605125,0x388,0x48,write8
45384703250,0x389,0x2b,write8
45384754875,0x388,0x68,write8
45384852875,0x389,0xe6,write8
45384904625,0x388,0x88,write8
45385002750,0x389,0x97,write8
45385054500,0x388,0xe8,write8
45385152500,0x389,0x02,write8
45385204625,0x388,0x2b,write8
45385302625,0x389,0x22,write8
45385354375,0x388,0x4b,write8
45385452375,0x389,0x08,write8
45385504125,0x388,0x6b,write8
45385602125,0x389,0xf6,write8
45385653750,0x388,0x8b,write8
45385751875,0x389,0xf7,write8
45385803500,0x388,0xeb,write8
45385901500,0x389,0x00,write8
45385959125,0x388,0xa3,write8
45386057250,0x389,0xab,write8
45386108875,0x388,0xb3,write8
45386206625,0x389,0x32,write8
45413737875,0x388,0xb0,write8
45413835875,0x389,0x13,write8
45424306250,0x388,0xb3,write8
45424404250,0x389,0x12,write8
45551076500,0x388,0xb0,write8
45551174500,0x389,0x13,write8
45551227250,0x388,0xc0,write8
45551325250,0x389,0x0e,write8
45551377375,0x388,0x20,write8
45551475375,0x389,0xe6,write8
45551527000,0x388,0x40,write8
45551625000,0x389,0xe7,write8
45551676750,0x388,0x60,write8
45551774750,0x389,0x80,write8
45551826500,0x388,0x80,write8
45551924500,0x389,0x01,write8
45551976125,0x388,0xe0,write8
45552074375,0x389,0x00,write8
45552126500,0x388,0x23,write8
45552224500,0x389,0xe4,write8
45552276250,0x388,0x43,write8
45552374250,0x389,0x8d,write8
45552426000,0x388,0x63,write8
45552524000,0x389,0xf5,write8
45552575625,0x388,0x83,write8
45552673625,0x389,0x07,write8
45552725375,0x388,0xe3,write8
45552823375,0x389,0x00,write8
45552879750,0x388,0xa0,write8
45552977750,0x389,0x5e,write8
45553029500,0x388,0xb0,write8
45553127500,0x389,0x2b,write8
45644040250,0x388,0xb1,write8
45644137875,0x389,0x0e,write8
45679956375,0x388,0xb2,write8
45680054500,0x389,0x0a,write8
45720104000,0x388,0xb1,write8
45720202000,0x389,0x0e,write8
45720254750,0x388,0xc1,write8
45720352750,0x389,0x0e,write8
45720404875,0x388,0x21,write8
45720502875,0x389,0x21,write8
45720554500,0x388,0x41,write8
45720652500,0x389,0xcd,write8
45720704250,0x388,0x61,write8
45720802250,0x389,0x98,write8
45720854000,0x388,0x81,write8
45720952000,0x389,0x3f,write8
45721003875,0x388,0xe1,write8
45721101875,0x389,0x00,write8
45721154000,0x388,0x24,write8
45721252000,0x389,0x21,write8
45721303750,0x388,0x44,write8
45721401750,0x389,0x02,write8
45721453500,0x388,0x64,write8
45721551500,0x389,0x65,write8
45721603125,0x388,0x84,write8
45721701125,0x389,0x2a,write8
45721752875,0x388,0xe4,write8
45721850875,0x389,0x00,write8
45721908500,0x388,0xa1,write8
45722006625,0x389,0x5e,write8
45722058250,0x388,0xb1,write8
45722156250,0x389,0x33,write8
45722214875,0x388,0xb2,write8
45722312875,0x389,0x0a,write8
45722365500,0x388,0xc2,write8
45722463500,0x389,0x0e,write8
45722515625,0x388,0x22,write8
45722613625,0x389,0xe6,write8
45722665375,0x388,0x42,write8
45722763375,0x389,0xe7,write8
45722815125,0x388,0x62,write8
45722913125,0x389,0x80,write8
45722964750,0x388,0x82,write8
45723062875,0x389,0x01,write8
45723114625,0x388,0xe2,write8
45723212625,0x389,0x00,write8
45723264875,0x388,0x25,write8
45723362875,0x389,0xe4,write8
45723414500,0x388,0x45,write8
45723512500,0x389,0x8d,write8
45723564250,0x388,0x65,write8
45723662250,0x389,0xf5,write8
45723714000,0x388,0x85,write8
45723812000,0x389,0x07,write8
45723863750,0x388,0xe5,write8
45723961750,0x389,0x00,write8
45724018750,0x388,0xa2,write8
45724116875,0x389,0x00,write8
45724168375,0x388,0xb2,write8
45724266375,0x389,0x2e,write8
45724325500,0x388,0xb3,write8
45724423500,0x389,0x12,write8
45724476250,0x388,0xc3,write8
45724574250,0x389,0x0e,write8
45724626375,0x388,0x28,write8
45724724375,0x389,0xe6,write8
45724776000,0x388,0x48,write8
45724874000,0x389,0xe7,write8
45724925750,0x388,0x68,write8
45725023875,0x389,0x80,write8
45725075625,0x388,0x88,write8
45725173625,0x389,0x01,write8
45725225250,0x388,0xe8,write8
45725323250,0x389,0x00,write8
45725375500,0x388,0x2b,write8
45725473500,0x389,0xe4,write8
45725525250,0x388,0x4b,write8
45725623250,0x389,0x8d,write8
45725675000,0x388,0x6b,write8
45725773000,0x389,0xf5,write8
45725824625,0x388,0x8b,write8
45725922625,0x389,0x07,write8
45725974375,0x388,0xeb,write8
45726072500,0x389,0x00,write8
45726128875,0x388,0xa3,write8
45726226875,0x389,0x00,write8
45726278500,0x388,0xb3,write8
45726376500,0x389,0x2a,write8
45726436000,0x388,0xb4,write8
45726534125,0x389,0x02,write8
45726586750,0x388,0xc4,write8
45726684750,0x389,0x0a,write8
45726736875,0x388,0x29,write8
45726834875,0x389,0x2a,write8
45726886625,0x388,0x49,write8
45726984625,0x389,0x28,write8
45727036375,0x388,0x69,write8
45727134375,0x389,0xe6,write8
45727186125,0x388,0x89,write8
45727284125,0x389,0xd7,write8
45727335875,0x388,0xe9,write8
45727433875,0x389,0x00,write8
45727486125,0x388,0x2c,write8
45727584125,0x389,0x22,write8
45727635750,0x388,0x4c,write8
45727733750,0x389,0x06,write8
45727785500,0x388,0x6c,write8
45727883500,0x389,0xf6,write8
45727935250,0x388,0x8c,write8
45728033375,0x389,0xf7,write8
45728085000,0x388,0xec,write8
45728183000,0x389,0x00,write8
45728240000,0x388,0xa4,write8
45728338000,0x389,0x5e,write8
45728389625,0x388,0xb4,write8
45728487625,0x389,0x2f,write8
45728547750,0x388,0xb5,write8
45728645500,0x389,0x12,write8
45728698000,0x388,0xc5,write8
45728795625,0x389,0x0a,write8
45728847500,0x388,0x2a,write8
45728945250,0x389,0x28,write8
45728996750,0x388,0x4a,write8
45729094625,0x389,0x2b,write8
45729146125,0x388,0x6a,write8
45729243750,0x389,0xe6,write8
45729295250,0x388,0x8a,write8
45729392875,0x389,0x97,write8
45729444375,0x388,0xea,write8
45729542000,0x389,0x02,write8
45729594000,0x388,0x2d,write8
45729691625,0x389,0x22,write8
45729743125,0x388,0x4d,write8
45729840750,0x389,0x08,write8
45729892250,0x388,0x6d,write8
45729989875,0x389,0xf6,write8
45730041500,0x388,0x8d,write8
45730139375,0x389,0xf7,write8
45730191125,0x388,0xed,write8
45730289125,0x389,0x00,write8
45730345500,0x388,0xa5,write8
45730443500,0x389,0x00,write8
45730495000,0x388,0xb5,write8
45730593000,0x389,0x2a,write8
45730653625,0x388,0xb6,write8
45730751625,0x389,0x0b,write8
45730804375,0x388,0xc6,write8
45730902375,0x389,0x0a,write8
45730954500,0x388,0x30,write8
45731052625,0x389,0x28,write8
45731104250,0x388,0x50,write8
45731202250,0x389,0x2b,write8
45731254000,0x388,0x70,write8
45731352000,0x389,0xe6,write8
45731403750,0x388,0x90,write8
45731501750,0x389,0x97,write8
45731553500,0x388,0xf0,write8
45731651500,0x389,0x02,write8
45731703625,0x388,0x33,write8
45731801625,0x389,0x22,write8
45731853375,0x388,0x53,write8
45731951375,0x389,0x08,write8
45732003250,0x388,0x73,write8
45732101250,0x389,0xf6,write8
45732152875,0x388,0x93,write8
45732250875,0x389,0xf7,write8
45732302625,0x388,0xf3,write8
45732400625,0x389,0x00,write8
45732457000,0x388,0xa6,write8
45732555000,0x389,0xab,write8
45732606625,0x388,0xb6,write8
45732704625,0x389,0x2a,write8
45732765750,0x388,0xb7,write8
45732863750,0x389,0x0e,write8
45732916375,0x388,0xc7,write8
45733014625,0x389,0x0a,write8
45733066625,0x388,0x31,write8
45733164625,0x389,0x28,write8
45733216375,0x388,0x51,write8
45733314375,0x389,0x2b,write8
45733366125,0x388,0x71,write8
45733464125,0x389,0xe6,write8
45733515750,0x388,0x91,write8
45733613750,0x389,0x97,write8
45733665500,0x388,0xf1,write8
45733763500,0x389,0x02,write8
45733815750,0x388,0x34,write8
45733913750,0x389,0x22,write8
45733965375,0x388,0x54,write8
45734063625,0x389,0x08,write8
45734115250,0x388,0x74,write8
45734213250,0x389,0xf6,write8
45734265000,0x388,0x94,write8
45734363000,0x389,0xf7,write8
45734414750,0x388,0xf4,write8
45734512750,0x389,0x00,write8
45734569000,0x388,0xa7,write8
45734667125,0x389,0x5e,write8
45734718625,0x388,0xb7,write8
45734816625,0x389,0x2b,write8
45734878250,0x388,0xb8,write8
45734976250,0x389,0x07,write8
45735029125,0x388,0xc8,write8
45735127125,0x389,0x0a,write8
45735179250,0x388,0x32,write8
45735277250,0x389,0x28,write8
45735328875,0x388,0x52,write8
45735426875,0x389,0x2b,write8
45735478625,0x388,0x72,write8
45735576625,0x389,0xe6,write8
45735628375,0x388,0x92,write8
45735726375,0x389,0x97,write8
45735778000,0x388,0xf2,write8
45735876125,0x389,0x02,write8
45735928250,0x388,0x35,write8
45736026375,0x389,0x22,write8
45736078125,0x388,0x55,write8
45736176125,0x389,0x08,write8
45736227875,0x388,0x75,write8
45736325875,0x389,0xf6,write8
45736377500,0x388,0x95,write8
45736475500,0x389,0xf7,write8
45736527250,0x388,0xf5,write8
45736625250,0x389,0x00,write8
45736682875,0x388,0xa8,write8
45736780875,0x389,0x00,write8
45736832500,0x388,0xb8,write8
45736930500,0x389,0x32,write8
45745453250,0x388,0xb0,write8
45745551250,0x389,0x0b,write8
45772927125,0x388,0xb8,write8
45773025250,0x389,0x12,write8
45779261750,0x388,0xb6,write8
45779359750,0x389,0x0a,write8
45781419500,0x388,0xb5,write8
45781517500,0x389,0x0a,write8
45785603625,0x388,0xb7,write8
45785701500,0x389,0x0b,write8
45891242875,0x388,0xb2,write8
45891340875,0x389,0x0e,write8
45899695250,0x388,0xb4,write8
45899793250,0x389,0x0f,write8
45899850500,0x388,0xb0,write8
45899948125,0x389,0x0b,write8
45900000625,0x388,0xc0,write8
45900098375,0x389,0x0a,write8
45900150250,0x388,0x20,write8
45900248125,0x389,0x28,write8
45900299625,0x388,0x40,write8
45900397250,0x389,0x2b,write8
45900448750,0x388,0x60,write8
45900546375,0x389,0xe6,write8
45900597875,0x388,0x80,write8
45900695500,0x389,0x97,write8
45900747000,0x388,0xe0,write8
45900844625,0x389,0x02,write8
45900896625,0x388,0x23,write8
45900994250,0x389,0x22,write8
45901045875,0x388,0x43,write8
45901143500,0x389,0x08,write8
45901195000,0x388,0x63,write8
45901292625,0x389,0xf6,write8
45901344375,0x388,0x83,write8
45901442375,0x389,0xf7,write8
45901494000,0x388,0xe3,write8
45901592000,0x389,0x00,write8
45901648375,0x388,0xa0,write8
45901746375,0x389,0x00,write8
45901798125,0x388,0xb0,write8
45901896125,0x389,0x2a,write8
45901954625,0x388,0xb2,write8
45902052750,0x389,0x0e,write8
45902105500,0x388,0xc2,write8
45902203500,0x389,0x0a,write8
45902255500,0x388,0x22,write8
45902353500,0x389,0x28,write8
45902405250,0x388,0x42,write8
45902503250,0x389,0x2b,write8
45902555000,0x388,0x62,write8
45902653000,0x389,0xe6,write8
45902704625,0x388,0x82,write8
45902802750,0x389,0x97,write8
45902854375,0x388,0xe2,write8
45902952375,0x389,0x02,write8
45903004750,0x388,0x25,write8
45903102750,0x389,0x22,write8
45903154500,0x388,0x45,write8
45903252500,0x389,0x08,write8
45903304125,0x388,0x65,write8
45903402125,0x389,0xf6,write8
45903453875,0x388,0x85,write8
45903551875,0x389,0xf7,write8
45903603625,0x388,0xe5,write8
45903701625,0x389,0x00,write8
45903758000,0x388,0xa2,write8
45903856000,0x389,0xab,write8
45903907625,0x388,0xb2,write8
45904005750,0x389,0x2a,write8
45904065250,0x388,0xb4,write8
45904163250,0x389,0x0f,write8
45904216000,0x388,0xc4,write8
45904314000,0x389,0x0a,write8
45904366125,0x388,0x29,write8
45904464125,0x389,0x28,write8
45904515750,0x388,0x49,write8
45904613875,0x389,0x2b,write8
45904665500,0x388,0x69,write8
45904763500,0x389,0xe6,write8
45904815250,0x388,0x89,write8
45904913250,0x389,0x97,write8
45904965000,0x388,0xe9,write8
45905063125,0x389,0x02,write8
45905115250,0x388,0x2c,write8
45905213250,0x389,0x22,write8
45905265000,0x388,0x4c,write8
45905363000,0x389,0x08,write8
45905414750,0x388,0x6c,write8
45905512750,0x389,0xf6,write8
45905564375,0x388,0x8c,write8
45905662500,0x389,0xf7,write8
45905714125,0x388,0xec,write8
45905812125,0x389,0x00,write8
45905868500,0x388,0xa4,write8
45905966500,0x389,0x5e,write8
45906018375,0x388,0xb4,write8
45906116375,0x389,0x2b,write8
45906176375,0x388,0xb5,write8
45906274375,0x389,0x0a,write8
45906327000,0x388,0xc5,write8
45906425125,0x389,0x0e,write8
45906477125,0x388,0x2a,write8
45906575125,0x389,0xe6,write8
45906626875,0x388,0x4a,write8
45906724875,0x389,0xe7,write8
45906776625,0x388,0x6a,write8
45906874625,0x389,0x80,write8
45906926250,0x388,0x8a,write8
45907024375,0x389,0x01,write8
45907076125,0x388,0xea,write8
45907174125,0x389,0x00,write8
45907226375,0x388,0x2d,write8
45907324375,0x389,0xe4,write8
45907376000,0x388,0x4d,write8
45907474125,0x389,0x8d,write8
45907525750,0x388,0x6d,write8
45907623750,0x389,0xf5,write8
45907675500,0x388,0x8d,write8
45907773500,0x389,0x07,write8
45907825250,0x388,0xed,write8
45907923250,0x389,0x00,write8
45907979500,0x388,0xa5,write8
45908077750,0x389,0x5e,write8
45908129250,0x388,0xb5,write8
45908227375,0x389,0x2b,write8
45908287875,0x388,0xb6,write8
45908385875,0x389,0x0a,write8
45908438625,0x388,0xc6,write8
45908536625,0x389,0x00,write8
45908588750,0x388,0x30,write8
45908686750,0x389,0x20,write8
45908738375,0x388,0x50,write8
45908836375,0x389,0x00,write8
45908888125,0x388,0x70,write8
45908986125,0x389,0xfa,write8
45909038000,0x388,0x90,write8
45909136000,0x389,0x6a,write8
45909187625,0x388,0xf0,write8
45909285750,0x389,0x00,write8
45909337875,0x388,0x33,write8
45909435875,0x389,0x26,write8
45909487625,0x388,0x53,write8
45909585625,0x389,0x07,write8
45909637375,0x388,0x73,write8
45909735375,0x389,0xaa,write8
45909787000,0x388,0x93,write8
45909885000,0x389,0xfa,write8
45909936750,0x388,0xf3,write8
45910034875,0x389,0x00,write8
45910091875,0x388,0xa6,write8
45910189875,0x389,0x85,write8
45910241500,0x388,0xb6,write8
45910339625,0x389,0x2e,write8
45910400625,0x388,0xb7,write8
45910498625,0x389,0x0b,write8
45910551250,0x388,0xc7,write8
45910649250,0x389,0x08,write8
45910701375,0x388,0x31,write8
45910799375,0x389,0x20,write8
45910851125,0x388,0x51,write8
45910949125,0x389,0x24,write8
45911001000,0x388,0x71,write8
45911099000,0x389,0x62,write8
45911150625,0x388,0x91,write8
45911248625,0x389,0x75,write8
45911300375,0x388,0xf1,write8
45911398375,0x389,0x01,write8
45911450625,0x388,0x34,write8
45911548625,0x389,0x22,write8
45911600250,0x388,0x54,write8
45911698250,0x389,0x02,write8
45911750000,0x388,0x74,write8
45911848000,0x389,0xa8,write8
45911899750,0x388,0x94,write8
45911997750,0x389,0xf5,write8
45912049625,0x388,0xf4,write8
45912147625,0x389,0x00,write8
45912203875,0x388,0xa7,write8
45912301875,0x389,0x85,write8
45912353500,0x388,0xb7,write8
45912451625,0x389,0x2a,write8
45912518625,0x388,0xb3,write8
45912616625,0x389,0x0a,write8
45950401500,0x388,0xb6,write8
45950499625,0x389,0x0e,write8
45967304750,0x388,0xb7,write8
45967402750,0x389,0x0a,write8
45971527875,0x388,0xb2,write8
45971625625,0x389,0x0a,write8
45971684000,0x388,0xb5,write8
45971781625,0x389,0x0b,write8
45977870250,0x388,0xb4,write8
45977968250,0x389,0x0b,write8
45978024250,0x388,0xb0,write8
45978122250,0x389,0x0a,write8
45990545750,0x388,0xb1,write8
45990643750,0x389,0x13,write8
46072944875,0x388,0xb0,write8
46073043000,0x389,0x0a,write8
46073095625,0x388,0xc0,write8
46073193750,0x389,0x0e,write8
46073245750,0x388,0x20,write8
46073343750,0x389,0x21,write8
46073395500,0x388,0x40,write8
46073493500,0x389,0xcd,write8
46073545250,0x388,0x60,write8
46073643250,0x389,0x98,write8
46073694875,0x388,0x80,write8
46073792875,0x389,0x3f,write8
46073844625,0x388,0xe0,write8
46073942625,0x389,0x00,write8
46073994875,0x388,0x23,write8
46074093000,0x389,0x21,write8
46074144625,0x388,0x43,write8
46074242750,0x389,0x02,write8
46074294375,0x388,0x63,write8
46074392375,0x389,0x65,write8
46074444125,0x388,0x83,write8
46074542125,0x389,0x2a,write8
46074593875,0x388,0xe3,write8
46074691875,0x389,0x00,write8
46074749500,0x388,0xa0,write8
46074847500,0x389,0x00,write8
46074899000,0x388,0xb0,write8
46074997000,0x389,0x33,write8
46075055250,0x388,0xb1,write8
46075153250,0x389,0x13,write8
46075206000,0x388,0xc1,write8
46075304000,0x389,0x0e,write8
46075356125,0x388,0x21,write8
46075454125,0x389,0xe6,write8
46075505750,0x388,0x41,write8
46075603750,0x389,0xe7,write8
46075655500,0x388,0x61,write8
46075753500,0x389,0x80,write8
46075805250,0x388,0x81,write8
46075903250,0x389,0x01,write8
46075954875,0x388,0xe1,write8
46076053125,0x389,0x00,write8
46076105250,0x388,0x24,write8
46076203250,0x389,0xe4,write8
46076255000,0x388,0x44,write8
46076353000,0x389,0x8d,write8
46076404750,0x388,0x64,write8
46076502750,0x389,0xf5,write8
46076554375,0x388,0x84,write8
46076652375,0x389,0x07,write8
46076704125,0x388,0xe4,write8
46076802125,0x389,0x00,write8
46076858500,0x388,0xa1,write8
46076956500,0x389,0x00,write8
46077008250,0x388,0xb1,write8
46077106250,0x389,0x2a,write8
46077164875,0x388,0xb2,write8
46077262875,0x389,0x0a,write8
46077315500,0x388,0xc2,write8
46077413500,0x389,0x0e,write8
46077465625,0x388,0x22,write8
46077563625,0x389,0xe6,write8
46077615375,0x388,0x42,write8
46077713375,0x389,0xe7,write8
46077765000,0x388,0x62,write8
46077863125,0x389,0x80,write8
46077914750,0x388,0x82,write8
46078012875,0x389,0x01,write8
46078064625,0x388,0xe2,write8
46078162625,0x389,0x00,write8
46078214875,0x388,0x25,write8
46078312875,0x389,0xe4,write8
46078364500,0x388,0x45,write8
46078462500,0x389,0x8d,write8
46078514250,0x388,0x65,write8
46078612250,0x389,0xf5,write8
46078664000,0x388,0x85,write8
46078762000,0x389,0x07,write8
46078813625,0x388,0xe5,write8
46078911750,0x389,0x00,write8
46078968625,0x388,0xa2,write8
46079066750,0x389,0x00,write8
46079118375,0x388,0xb2,write8
46079216375,0x389,0x2e,write8
46079275500,0x388,0xb3,write8
46079373500,0x389,0x0a,write8
46079426250,0x388,0xc3,write8
46079524250,0x389,0x0a,write8
46079576250,0x388,0x28,write8
46079674375,0x389,0x2a,write8
46079726000,0x388,0x48,write8
46079824000,0x389,0x28,write8
46079875750,0x388,0x68,write8
46079973750,0x389,0xe6,write8
46080025625,0x388,0x88,write8
46080123625,0x389,0xd7,write8
46080175250,0x388,0xe8,write8
46080273250,0x389,0x00,write8
46080325500,0x388,0x2b,write8
46080423500,0x389,0x22,write8
46080475250,0x388,0x4b,write8
46080573250,0x389,0x06,write8
46080624875,0x388,0x6b,write8
46080722875,0x389,0xf6,write8
46080774625,0x388,0x8b,write8
46080872625,0x389,0xf7,write8
46080924375,0x388,0xeb,write8
46081022500,0x389,0x00,write8
46081079500,0x388,0xa3,write8
46081177500,0x389,0x00,write8
46081229000,0x388,0xb3,write8
46081327125,0x389,0x2f,write8
46081386625,0x388,0xb4,write8
46081484625,0x389,0x0b,write8
46081537375,0x388,0xc4,write8
46081635375,0x389,0x0a,write8
46081687500,0x388,0x29,write8
46081785500,0x389,0x28,write8
46081837250,0x388,0x49,write8
46081935250,0x389,0x2b,write8
46081986875,0x388,0x69,write8
46082085000,0x389,0xe6,write8
46082136750,0x388,0x89,write8
46082234750,0x389,0x97,write8
46082286500,0x388,0xe9,write8
46082384500,0x389,0x02,write8
46082436625,0x388,0x2c,write8
46082534750,0x389,0x22,write8
46082586375,0x388,0x4c,write8
46082684375,0x389,0x08,write8
46082736125,0x388,0x6c,write8
46082834125,0x389,0xf6,write8
46082885875,0x388,0x8c,write8
46082983875,0x389,0xf7,write8
46083035625,0x388,0xec,write8
46083133625,0x389,0x00,write8
46083191250,0x388,0xa4,write8
46083289250,0x389,0x00,write8
46083340875,0x388,0xb4,write8
46083438875,0x389,0x32,write8
46083499000,0x388,0xb5,write8
46083597000,0x389,0x0b,write8
46083649750,0x388,0xc5,write8
46083747750,0x389,0x08,write8
46083799750,0x388,0x2a,write8
46083897750,0x389,0x20,write8
46083949500,0x388,0x4a,write8
46084047625,0x389,0x24,write8
46084099375,0x388,0x6a,write8
46084197375,0x389,0x62,write8
46084249000,0x388,0x8a,write8
46084347125,0x389,0x75,write8
46084398750,0x388,0xea,write8
46084496750,0x389,0x01,write8
46084549000,0x388,0x2d,write8
46084647000,0x389,0x22,write8
46084698750,0x388,0x4d,write8
46084796750,0x389,0x02,write8
46084848375,0x388,0x6d,write8
46084946375,0x389,0xa8,write8
46084998125,0x388,0x8d,write8
46085096250,0x389,0xf5,write8
46085148000,0x388,0xed,write8
46085246000,0x389,0x00,write8
46085302250,0x388,0xa5,write8
46085399875,0x389,0x85,write8
46085451250,0x388,0xb5,write8
46085548875,0x389,0x2a,write8
46085609250,0x388,0xb6,write8
46085707125,0x389,0x0e,write8
46085759625,0x388,0xc6,write8
46085857250,0x389,0x00,write8
46085909125,0x388,0x30,write8
46086006875,0x389,0x00,write8
46086058375,0x388,0x50,write8
46086156000,0x389,0x0c,write8
46086207500,0x388,0x70,write8
46086305125,0x389,0xc8,write8
46086356625,0x388,0x90,write8
46086454250,0x389,0x4c,write8
46086505750,0x388,0xf0,write8
46086603375,0x389,0x00,write8
46086655375,0x388,0x33,write8
46086753000,0x389,0x20,write8
46086804500,0x388,0x53,write8
46086902625,0x389,0x00,write8
46086954375,0x388,0x73,write8
46087052500,0x389,0xd6,write8
46087104125,0x388,0x93,write8
46087202125,0x389,0xff,write8
46087253875,0x388,0xf3,write8
46087351875,0x389,0x00,write8
46087407625,0x388,0xa6,write8
46087505625,0x389,0x90,write8
46087557250,0x388,0xb6,write8
46087655250,0x389,0x27,write8
46094079500,0x388,0xb7,write8
46094177500,0x389,0x0a,write8
46094230250,0x388,0xc7,write8
46094328250,0x389,0x0a,write8
46094380250,0x388,0x31,write8
46094478250,0x389,0x22,write8
46094530000,0x388,0x51,write8
46094628000,0x389,0x19,write8
46094679750,0x388,0x71,write8
46094777750,0x389,0xc6,write8
46094829375,0x388,0x91,write8
46094927375,0x389,0x77,write8
46094979125,0x388,0xf1,write8
46095077250,0x389,0x00,write8
46095129500,0x388,0x34,write8
46095227500,0x389,0x22,write8
46095279250,0x388,0x54,write8
46095377250,0x389,0x40,write8
46095428875,0x388,0x74,write8
46095526875,0x389,0xf4,write8
46095578625,0x388,0x94,write8
46095676625,0x389,0xf7,write8
46095728375,0x388,0xf4,write8
46095826375,0x389,0x00,write8
46095882125,0x388,0xa7,write8
46095980125,0x389,0x00,write8
46096031750,0x388,0xb7,write8
46096129750,0x389,0x26,write8
46125766000,0x388,0xb4,write8
46125864000,0x389,0x12,write8
46125922875,0x388,0xb6,write8
46126021000,0x389,0x07,write8
46153235125,0x388,0xb3,write8
46153333125,0x389,0x0f,write8
46159572125,0x388,0xb5,write8
46159670125,0x389,0x0a,write8
46193378500,0x388,0xb7,write8
46193476500,0x389,0x06,write8
46235631625,0x388,0xb0,write8
46235729625,0x389,0x13,write8
46248310250,0x388,0xb0,write8
46248408250,0x389,0x13,write8
46248461000,0x388,0xc0,write8
46248559000,0x389,0x0e,write8
46248611125,0x388,0x20,write8
46248709125,0x389,0x21,write8
46248760750,0x388,0x40,write8
46248858875,0x389,0xcd,write8
46248910500,0x388,0x60,write8
46249008625,0x389,0x98,write8
46249060375,0x388,0x80,write8
46249158375,0x389,0x3f,write8
46249210125,0x388,0xe0,write8
46249308125,0x389,0x00,write8
46249360250,0x388,0x23,write8
46249458250,0x389,0x21,write8
46249510000,0x388,0x43,write8
46249608000,0x389,0x02,write8
46249659750,0x388,0x63,write8
46249757750,0x389,0x65,write8
46249809375,0x388,0x83,write8
46249907500,0x389,0x2a,write8
46249959125,0x388,0xe3,write8
46250057250,0x389,0x00,write8
46250114875,0x388,0xa0,write8
46250212875,0x389,0xab,write8
46250264500,0x388,0xb0,write8
46250362500,0x389,0x32,write8
46250421625,0x388,0xb3,write8
46250519625,0x389,0x0f,write8
46250572250,0x388,0xc3,write8
46250670375,0x389,0x0a,write8
46250722375,0x388,0x28,write8
46250820375,0x389,0x2a,write8
46250872125,0x388,0x48,write8
46250970125,0x389,0x28,write8
46251022000,0x388,0x68,write8
46251120000,0x389,0xe6,write8
46251171625,0x388,0x88,write8
46251269625,0x389,0xd7,write8
46251321375,0x388,0xe8,write8
46251419375,0x389,0x00,write8
46251471625,0x388,0x2b,write8
46251569625,0x389,0x22,write8
46251621250,0x388,0x4b,write8
46251719375,0x389,0x06,write8
46251771000,0x388,0x6b,write8
46251869000,0x389,0xf6,write8
46251920750,0x388,0x8b,write8
46252018875,0x389,0xf7,write8
46252070625,0x388,0xeb,write8
46252168625,0x389,0x00,write8
46252225500,0x388,0xa3,write8
46252323625,0x389,0xab,write8
46252375125,0x388,0xb3,write8
46252473125,0x389,0x2e,write8
46252532750,0x388,0xb4,write8
46252630750,0x389,0x12,write8
46252683500,0x388,0xc4,write8
46252781500,0x389,0x0e,write8
46252833625,0x388,0x29,write8
46252931625,0x389,0xe6,write8
46252983250,0x388,0x49,write8
46253081375,0x389,0xe7,write8
46253133125,0x388,0x69,write8
46253231125,0x389,0x80,write8
46253282875,0x388,0x89,write8
46253380875,0x389,0x01,write8
46253432500,0x388,0xe9,write8
46253530625,0x389,0x00,write8
46253582750,0x388,0x2c,write8
46253680750,0x389,0xe4,write8
46253732500,0x388,0x4c,write8
46253830500,0x389,0x8d,write8
46253882250,0x388,0x6c,write8
46253980250,0x389,0xf5,write8
46254032000,0x388,0x8c,write8
46254130000,0x389,0x07,write8
46254181750,0x388,0xec,write8
46254279750,0x389,0x00,write8
46254336125,0x388,0xa4,write8
46254434125,0x389,0x85,write8
46254485750,0x388,0xb4,write8
46254583750,0x389,0x2a,write8
46254643875,0x388,0xb5,write8
46254741875,0x389,0x0a,write8
46254794500,0x388,0xc5,write8
46254892500,0x389,0x00,write8
46254944625,0x388,0x2a,write8
46255042750,0x389,0x00,write8
46255094500,0x388,0x4a,write8
46255192500,0x389,0x0c,write8
46255244125,0x388,0x6a,write8
46255342250,0x389,0xc8,write8
46255393875,0x388,0x8a,write8
46255491875,0x389,0x4c,write8
46255543625,0x388,0xea,write8
46255641625,0x389,0x00,write8
46255693875,0x388,0x2d,write8
46255791875,0x389,0x20,write8
46255843500,0x388,0x4d,write8
46255941500,0x389,0x00,write8
46255993250,0x388,0x6d,write8
46256091375,0x389,0xd6,write8
46256143125,0x388,0x8d,write8
46256241125,0x389,0xff,write8
46256292750,0x388,0xed,write8
46256390875,0x389,0x00,write8
46256446500,0x388,0xa5,write8
46256544375,0x389,0x90,write8
46256595750,0x388,0xb5,write8
46256693375,0x389,0x27,write8
46256753750,0x388,0xb6,write8
46256851375,0x389,0x07,write8
46256904000,0x388,0xc6,write8
46257001875,0x389,0x08,write8
46257053750,0x388,0x30,write8
46257151375,0x389,0x20,write8
46257202875,0x388,0x50,write8
46257300500,0x389,0x24,write8
46257352000,0x388,0x70,write8
46257449625,0x389,0x62,write8
46257501125,0x388,0x90,write8
46257598750,0x389,0x75,write8
46257650250,0x388,0xf0,write8
46257747875,0x389,0x01,write8
46257799875,0x388,0x33,write8
46257897500,0x389,0x22,write8
46257949000,0x388,0x53,write8
46258047000,0x389,0x02,write8
46258098625,0x388,0x73,write8
46258196625,0x389,0xa8,write8
46258248375,0x388,0x93,write8
46258346375,0x389,0xf5,write8
46258398125,0x388,0xf3,write8
46258496125,0x389,0x00,write8
46258552500,0x388,0xa6,write8
46258650500,0x389,0x85,write8
46258702000,0x388,0xb6,write8
46258800000,0x389,0x2a,write8
46258873375,0x388,0xb7,write8
46258971375,0x389,0x06,write8
46259024125,0x388,0xc7,write8
46259122250,0x389,0x0a,write8
46259174250,0x388,0x31,write8
46259272250,0x389,0x22,write8
46259324000,0x388,0x51,write8
46259422000,0x389,0x19,write8
46259473750,0x388,0x71,write8
46259571750,0x389,0xc6,write8
46259623375,0x388,0x91,write8
46259721375,0x389,0x77,write8
46259773125,0x388,0xf1,write8
46259871125,0x389,0x00,write8
46259923375,0x388,0x34,write8
46260021500,0x389,0x22,write8
46260073125,0x388,0x54,write8
46260171250,0x389,0x40,write8
46260222875,0x388,0x74,write8
46260320875,0x389,0xf4,write8
46260372625,0x388,0x94,write8
46260470625,0x389,0xf7,write8
46260522375,0x388,0xf4,write8
46260620375,0x389,0x00,write8
46260676000,0x388,0xa7,write8
46260774125,0x389,0x00,write8
46260825625,0x388,0xb7,write8
46260923625,0x389,0x26,write8
46296909250,0x388,0xb5,write8
46297007375,0x389,0x07,write8
46324374000,0x388,0xb6,write8
46324472000,0x389,0x0a,write8
46339164875,0x388,0xb3,write8
46339262875,0x389,0x0e,write8
46372969750,0x388,0xb2,write8
46373067875,0x389,0x0e,write8
46396209375,0x388,0xb4,write8
46396307375,0x389,0x0a,write8
46404658625,0x388,0xb0,write8
46404756625,0x389,0x12,write8
46411003500,0x388,0xb7,write8
46411101500,0x389,0x06,write8
46419495375,0x388,0xb0,write8
46419593375,0x389,0x12,write8
46419646125,0x388,0xc0,write8
46419744125,0x389,0x0e,write8
46419796250,0x388,0x20,write8
46419894250,0x389,0x21,write8
46419945875,0x388,0x40,write8
46420044125,0x389,0xcd,write8
46420095750,0x388,0x60,write8
46420193750,0x389,0x98,write8
46420245500,0x388,0x80,write8
46420343500,0x389,0x3f,write8
46420395250,0x388,0xe0,write8
46420493250,0x389,0x00,write8
46420545375,0x388,0x23,write8
46420643375,0x389,0x21,write8
46420695125,0x388,0x43,write8
46420793125,0x389,0x02,write8
46420844875,0x388,0x63,write8
46420942875,0x389,0x65,write8
46420994500,0x388,0x83,write8
46421092750,0x389,0x2a,write8
46421144375,0x388,0xe3,write8
46421242375,0x389,0x00,write8
46421300000,0x388,0xa0,write8
46421398000,0x389,0x85,write8
46421449625,0x388,0xb0,write8
46421547625,0x389,0x32,write8
46421606250,0x388,0xb2,write8
46421704250,0x389,0x0e,write8
46421756875,0x388,0xc2,write8
46421855000,0x389,0x0a,write8
46421907000,0x388,0x22,write8
46422005125,0x389,0x28,write8
46422056875,0x388,0x42,write8
46422154875,0x389,0x2b,write8
46422206625,0x388,0x62,write8
46422304625,0x389,0xe6,write8
46422356250,0x388,0x82,write8
46422454250,0x389,0x97,write8
46422506000,0x388,0xe2,write8
46422604000,0x389,0x02,write8
46422656250,0x388,0x25,write8
46422754250,0x389,0x22,write8
46422805875,0x388,0x45,write8
46422904000,0x389,0x08,write8
46422955625,0x388,0x65,write8
46423053750,0x389,0xf6,write8
46423105500,0x388,0x85,write8
46423203500,0x389,0xf7,write8
46423255250,0x388,0xe5,write8
46423353250,0x389,0x00,write8
46423409500,0x388,0xa2,write8
46423507625,0x389,0x00,write8
46423559125,0x388,0xb2,write8
46423657125,0x389,0x2b,write8
46423716250,0x388,0xb3,write8
46423814250,0x389,0x0e,write8
46423867000,0x388,0xc3,write8
46423965000,0x389,0x0a,write8
46424017250,0x388,0x28,write8
46424115250,0x389,0x28,write8
46424166875,0x388,0x48,write8
46424264875,0x389,0x2b,write8
46424316625,0x388,0x68,write8
46424414625,0x389,0xe6,write8
46424466375,0x388,0x88,write8
46424564375,0x389,0x97,write8
46424616000,0x388,0xe8,write8
46424714125,0x389,0x02,write8
46424766250,0x388,0x2b,write8
46424864250,0x389,0x22,write8
46424916000,0x388,0x4b,write8
46425014125,0x389,0x08,write8
46425065875,0x388,0x6b,write8
46425163875,0x389,0xf6,write8
46425215500,0x388,0x8b,write8
46425313500,0x389,0xf7,write8
46425365250,0x388,0xeb,write8
46425463250,0x389,0x00,write8
46425519625,0x388,0xa3,write8
46425617625,0x389,0x00,write8
46425669250,0x388,0xb3,write8
46425767250,0x389,0x2a,write8
46425826875,0x388,0xb4,write8
46425924875,0x389,0x0a,write8
46425977500,0x388,0xc4,write8
46426075625,0x389,0x0a,write8
46426127750,0x388,0x29,write8
46426225750,0x389,0x28,write8
46426277500,0x388,0x49,write8
46426375500,0x389,0x2b,write8
46426427125,0x388,0x69,write8
46426525250,0x389,0xe6,write8
46426576875,0x388,0x89,write8
46426674875,0x389,0x97,write8
46426726625,0x388,0xe9,write8
46426824625,0x389,0x02,write8
46426876875,0x388,0x2c,write8
46426974875,0x389,0x22,write8
46427026625,0x388,0x4c,write8
46427124625,0x389,0x08,write8
46427176375,0x388,0x6c,write8
46427274375,0x389,0xf6,write8
46427326125,0x388,0x8c,write8
46427424125,0x389,0xf7,write8
46427475750,0x388,0xec,write8
46427573875,0x389,0x00,write8
46427630125,0x388,0xa4,write8
46427728125,0x389,0x85,write8
46427779500,0x388,0xb4,write8
46427877125,0x389,0x2a,write8
46427937000,0x388,0xb5,write8
46428034750,0x389,0x07,write8
46428087375,0x388,0xc5,write8
46428185125,0x389,0x0e,write8
46428237000,0x388,0x2a,write8
46428334625,0x389,0xe6,write8
46428386125,0x388,0x4a,write8
46428483750,0x389,0xe7,write8
46428535250,0x388,0x6a,write8
46428632875,0x389,0x80,write8
46428684375,0x388,0x8a,write8
46428782000,0x389,0x01,write8
46428833500,0x388,0xea,write8
46428931125,0x389,0x00,write8
46428983125,0x388,0x2d,write8
46429080875,0x389,0xe4,write8
46429132375,0x388,0x4d,write8
46429230000,0x389,0x8d,write8
46429281750,0x388,0x6d,write8
46429379750,0x389,0xf5,write8
46429431500,0x388,0x8d,write8
46429529500,0x389,0x07,write8
46429581250,0x388,0xed,write8
46429679250,0x389,0x00,write8
46429735625,0x388,0xa5,write8
46429833625,0x389,0x00,write8
46429885125,0x388,0xb5,write8
46429983125,0x389,0x2b,write8
46430043875,0x388,0xb6,write8
46430141875,0x389,0x0a,write8
46430194625,0x388,0xc6,write8
46430292625,0x389,0x0a,write8
46430344750,0x388,0x30,write8
46430442750,0x389,0x2a,write8
46430494375,0x388,0x50,write8
46430592500,0x389,0x28,write8
46430644125,0x388,0x70,write8
46430742125,0x389,0xe6,write8
46430793875,0x388,0x90,write8
46430891875,0x389,0xd7,write8
46430943625,0x388,0xf0,write8
46431041750,0x389,0x00,write8
46431093875,0x388,0x33,write8
46431191875,0x389,0x22,write8
46431243625,0x388,0x53,write8
46431341625,0x389,0x06,write8
46431393375,0x388,0x73,write8
46431491375,0x389,0xf6,write8
46431543000,0x388,0x93,write8
46431641125,0x389,0xf7,write8
46431692750,0x388,0xf3,write8
46431790750,0x389,0x00,write8
46431847750,0x388,0xa6,write8
46431945750,0x389,0x85,write8
46431997375,0x388,0xb6,write8
46432095500,0x389,0x2e,write8
46432156625,0x388,0xb7,write8
46432254625,0x389,0x06,write8
46432307250,0x388,0xc7,write8
46432405375,0x389,0x08,write8
46432457375,0x388,0x31,write8
46432555375,0x389,0x20,write8
46432607125,0x388,0x51,write8
46432705125,0x389,0x24,write8
46432756875,0x388,0x71,write8
46432854875,0x389,0x62,write8
46432906500,0x388,0x91,write8
46433004625,0x389,0x75,write8
46433056375,0x388,0xf1,write8
46433154375,0x389,0x01,write8
46433206625,0x388,0x34,write8
46433304625,0x389,0x22,write8
46433356250,0x388,0x54,write8
46433454375,0x389,0x02,write8
46433506000,0x388,0x74,write8
46433604000,0x389,0xa8,write8
46433655750,0x388,0x94,write8
46433753750,0x389,0xf5,write8
46433805500,0x388,0xf4,write8
46433903500,0x389,0x00,write8
46433959750,0x388,0xa7,write8
46434058000,0x389,0x5e,write8
46434109500,0x388,0xb7,write8
46434207500,0x389,0x2b,write8
46434269125,0x388,0xb8,write8
46434367125,0x389,0x12,write8
46434419875,0x388,0xc8,write8
46434517875,0x389,0x00,write8
46434570000,0x388,0x32,write8
46434668000,0x389,0x20,write8
46434719625,0x388,0x52,write8
46434817625,0x389,0x00,write8
46434869375,0x388,0x72,write8
46434967375,0x389,0xfa,write8
46435019250,0x388,0x92,write8
46435117250,0x389,0x6a,write8
46435169000,0x388,0xf2,write8
46435267000,0x389,0x00,write8
46435319125,0x388,0x35,write8
46435417125,0x389,0x26,write8
46435468875,0x388,0x55,write8
46435566875,0x389,0x07,write8
46435618625,0x388,0x75,write8
46435716625,0x389,0xaa,write8
46435768250,0x388,0x95,write8
46435866250,0x389,0xfa,write8
46435918000,0x388,0xf5,write8
46436016125,0x389,0x00,write8
46436073750,0x388,0xa8,write8
46436171750,0x389,0x00,write8
46436223375,0x388,0xb8,write8
46436321375,0x389,0x32,write8
46436389125,0x388,0xb1,write8
46436487125,0x389,0x0a,write8
46451145875,0x388,0xb4,write8
46451243875,0x389,0x0a,write8
46453255750,0x388,0xb3,write8
46453353750,0x389,0x0a,write8
46457480625,0x388,0xb2,write8
46457578250,0x389,0x0b,write8
46474386375,0x388,0xb8,write8
46474484375,0x389,0x12,write8
46501897000,0x388,0xb6,write8
46501995000,0x389,0x0e,write8
46503965500,0x388,0xb7,write8
46504063750,0x389,0x0b,write8
46544111500,0x388,0xb5,write8
46544209500,0x389,0x0b,write8
46588475500,0x388,0xb0,write8
46588573500,0x389,0x12,write8
46599044125,0x388,0xb0,write8
46599141750,0x389,0x12,write8
46599194250,0x388,0xc0,write8
46599292000,0x389,0x0e,write8
46599343875,0x388,0x20,write8
46599441625,0x389,0x21,write8
46599493125,0x388,0x40,write8
46599590750,0x389,0xcd,write8
46599642250,0x388,0x60,write8
46599739875,0x389,0x98,write8
46599791375,0x388,0x80,write8
46599889000,0x389,0x3f,write8
46599940500,0x388,0xe0,write8
46600038250,0x389,0x00,write8
46600090250,0x388,0x23,write8
46600187875,0x389,0x21,write8
46600239375,0x388,0x43,write8
46600337000,0x389,0x02,write8
46600388500,0x388,0x63,write8
46600486375,0x389,0x65,write8
46600538125,0x388,0x83,write8
46600636125,0x389,0x2a,write8
46600687750,0x388,0xe3,write8
46600785750,0x389,0x00,write8
46600843375,0x388,0xa0,write8
46600941375,0x389,0x00,write8
46600993000,0x388,0xb0,write8
46601091125,0x389,0x33,write8
46601149250,0x388,0xb1,write8
46601247250,0x389,0x0a,write8
46601299875,0x388,0xc1,write8
46601398000,0x389,0x0a,write8
46601450000,0x388,0x21,write8
46601548000,0x389,0x2a,write8
46601599750,0x388,0x41,write8
46601697750,0x389,0x28,write8
46601749500,0x388,0x61,write8
46601847500,0x389,0xe6,write8
46601899125,0x388,0x81,write8
46601997125,0x389,0xd7,write8
46602049000,0x388,0xe1,write8
46602147000,0x389,0x00,write8
46602199250,0x388,0x24,write8
46602297250,0x389,0x22,write8
46602348875,0x388,0x44,write8
46602447000,0x389,0x06,write8
46602498625,0x388,0x64,write8
46602596625,0x389,0xf6,write8
46602648375,0x388,0x84,write8
46602746375,0x389,0xf7,write8
46602798125,0x388,0xe4,write8
46602896125,0x389,0x00,write8
46602953000,0x388,0xa1,write8
46603051250,0x389,0x00,write8
46603102750,0x388,0xb1,write8
46603200750,0x389,0x2f,write8
46603259375,0x388,0xb2,write8
46603357375,0x389,0x0b,write8
46603410125,0x388,0xc2,write8
46603508125,0x389,0x0e,write8
46603560250,0x388,0x22,write8
46603658250,0x389,0xe6,write8
46603709875,0x388,0x42,write8
46603807875,0x389,0xe7,write8
46603859625,0x388,0x62,write8
46603957625,0x389,0x80,write8
46604009500,0x388,0x82,write8
46604107500,0x389,0x01,write8
46604159125,0x388,0xe2,write8
46604257250,0x389,0x00,write8
46604309375,0x388,0x25,write8
46604407375,0x389,0xe4,write8
46604459125,0x388,0x45,write8
46604557125,0x389,0x8d,write8
46604608875,0x388,0x65,write8
46604706875,0x389,0xf5,write8
46604758500,0x388,0x85,write8
46604856500,0x389,0x07,write8
46604908250,0x388,0xe5,write8
46605006375,0x389,0x00,write8
46605063375,0x388,0xa2,write8
46605161375,0x389,0x85,write8
46605213000,0x388,0xb2,write8
46605311000,0x389,0x2e,write8
46605370125,0x388,0xb3,write8
46605468125,0x389,0x0a,write8
46605520750,0x388,0xc3,write8
46605618750,0x389,0x0a,write8
46605670875,0x388,0x28,write8
46605768875,0x389,0x28,write8
46605820625,0x388,0x48,write8
46605918625,0x389,0x2b,write8
46605970250,0x388,0x68,write8
46606068500,0x389,0xe6,write8
46606120125,0x388,0x88,write8
46606218125,0x389,0x97,write8
46606269875,0x388,0xe8,write8
46606367875,0x389,0x02,write8
46606420125,0x388,0x2b,write8
46606518125,0x389,0x22,write8
46606569750,0x388,0x4b,write8
46606667750,0x389,0x08,write8
46606719500,0x388,0x6b,write8
46606817500,0x389,0xf6,write8
46606869250,0x388,0x8b,write8
46606967250,0x389,0xf7,write8
46607019000,0x388,0xeb,write8
46607117125,0x389,0x00,write8
46607173375,0x388,0xa3,write8
46607271375,0x389,0x00,write8
46607323000,0x388,0xb3,write8
46607421000,0x389,0x2a,write8
46607480625,0x388,0xb4,write8
46607578625,0x389,0x0a,write8
46607631375,0x388,0xc4,write8
46607729375,0x389,0x0a,write8
46607781375,0x388,0x29,write8
46607879500,0x389,0x28,write8
46607931125,0x388,0x49,write8
46608029250,0x389,0x2b,write8
46608081000,0x388,0x69,write8
46608179000,0x389,0xe6,write8
46608230750,0x388,0x89,write8
46608328750,0x389,0x97,write8
46608380375,0x388,0xe9,write8
46608478375,0x389,0x02,write8
46608530625,0x388,0x2c,write8
46608628625,0x389,0x22,write8
46608680375,0x388,0x4c,write8
46608778375,0x389,0x08,write8
46608830000,0x388,0x6c,write8
46608928125,0x389,0xf6,write8
46608979750,0x388,0x8c,write8
46609077875,0x389,0xf7,write8
46609129625,0x388,0xec,write8
46609227625,0x389,0x00,write8
46609284000,0x388,0xa4,write8
46609382000,0x389,0x85,write8
46609433500,0x388,0xb4,write8
46609531625,0x389,0x2a,write8
46609591500,0x388,0xb5,write8
46609689625,0x389,0x0b,write8
46609742375,0x388,0xc5,write8
46609840375,0x389,0x0a,write8
46609892500,0x388,0x2a,write8
46609990500,0x389,0x28,write8
46610042375,0x388,0x4a,write8
46610140375,0x389,0x2b,write8
46610192000,0x388,0x6a,write8
46610290000,0x389,0xe6,write8
46610341750,0x388,0x8a,write8
46610439750,0x389,0x97,write8
46610491500,0x388,0xea,write8
46610589500,0x389,0x02,write8
46610641625,0x388,0x2d,write8
46610739750,0x389,0x22,write8
46610791375,0x388,0x4d,write8
46610889375,0x389,0x08,write8
46610941125,0x388,0x6d,write8
46611039250,0x389,0xf6,write8
46611091000,0x388,0x8d,write8
46611189000,0x389,0xf7,write8
46611240625,0x388,0xed,write8
46611338625,0x389,0x00,write8
46611395000,0x388,0xa5,write8
46611493000,0x389,0x00,write8
46611544625,0x388,0xb5,write8
46611642625,0x389,0x2b,write8
46611703125,0x388,0xb6,write8
46611801250,0x389,0x0e,write8
46611854000,0x388,0xc6,write8
46611952000,0x389,0x00,write8
46612004125,0x388,0x30,write8
46612102125,0x389,0x20,write8
46612153875,0x388,0x50,write8
46612251875,0x389,0x00,write8
46612303625,0x388,0x70,write8
46612401625,0x389,0xfa,write8
46612453250,0x388,0x90,write8
46612551375,0x389,0x6a,write8
46612603000,0x388,0xf0,write8
46612701000,0x389,0x00,write8
46612753250,0x388,0x33,write8
46612851250,0x389,0x26,write8
46612903000,0x388,0x53,write8
46613001125,0x389,0x07,write8
46613052750,0x388,0x73,write8
46613150750,0x389,0xaa,write8
46613202500,0x388,0x93,write8
46613300125,0x389,0xfa,write8
46613351625,0x388,0xf3,write8
46613449250,0x389,0x00,write8
46613506000,0x388,0xa6,write8
46613603750,0x389,0x85,write8
46613655250,0x388,0xb6,write8
46613752875,0x389,0x2e,write8
46613813625,0x388,0xb7,write8
46613911375,0x389,0x0b,write8
46613963875,0x388,0xc7,write8
46614061625,0x389,0x08,write8
46614113500,0x388,0x31,write8
46614211125,0x389,0x20,write8
46614262625,0x388,0x51,write8
46614360250,0x389,0x24,write8
46614411750,0x388,0x71,write8
46614509375,0x389,0x62,write8
46614560875,0x388,0x91,write8
46614658500,0x389,0x75,write8
46614710000,0x388,0xf1,write8
46614808125,0x389,0x01,write8
46614860250,0x388,0x34,write8
46614958250,0x389,0x22,write8
46615010125,0x388,0x54,write8
46615108125,0x389,0x02,write8
46615159875,0x388,0x74,write8
46615257875,0x389,0xa8,write8
46615309500,0x388,0x94,write8
46615407500,0x389,0xf5,write8
46615459250,0x388,0xf4,write8
46615557250,0x389,0x00,write8
46615613625,0x388,0xa7,write8
46615711625,0x389,0x5e,write8
46615763250,0x388,0xb7,write8
46615861250,0x389,0x2b,write8
46615922750,0x388,0xb8,write8
46616021000,0x389,0x12,write8
46616073625,0x388,0xc8,write8
46616171625,0x389,0x00,write8
46616223750,0x388,0x32,write8
46616321750,0x389,0x00,write8
46616373500,0x388,0x52,write8
46616471500,0x389,0x0c,write8
46616523250,0x388,0x72,write8
46616621250,0x389,0xc8,write8
46616672875,0x388,0x92,write8
46616770875,0x389,0x4c,write8
46616822625,0x388,0xf2,write8
46616920625,0x389,0x00,write8
46616972875,0x388,0x35,write8
46617071000,0x389,0x20,write8
46617122625,0x388,0x55,write8
46617220625,0x389,0x00,write8
46617272375,0x388,0x75,write8
46617370375,0x389,0xd6,write8
46617422125,0x388,0x95,write8
46617520125,0x389,0xff,write8
46617571875,0x388,0xf5,write8
46617669875,0x389,0x00,write8
46617725500,0x388,0xa8,write8
46617823500,0x389,0x90,write8
46617875125,0x388,0xb8,write8
46617973125,0x389,0x27,write8
46626513000,0x388,0xb7,write8
46626611000,0x389,0x0b,write8
46630740250,0x388,0xb7,write8
46630838250,0x389,0x0b,write8
46630891000,0x388,0xc7,write8
46630989000,0x389,0x0a,write8
46631041125,0x388,0x31,write8
46631139125,0x389,0x22,write8
46631190875,0x388,0x51,write8
46631288875,0x389,0x19,write8
46631340625,0x388,0x71,write8
46631438625,0x389,0xc6,write8
46631490375,0x388,0x91,write8
46631588375,0x389,0x77,write8
46631640000,0x388,0xf1,write8
46631738000,0x389,0x00,write8
46631790250,0x388,0x34,write8
46631888250,0x389,0x22,write8
46631940000,0x388,0x54,write8
46632038125,0x389,0x40,write8
46632089750,0x388,0x74,write8
46632187750,0x389,0xf4,write8
46632239500,0x388,0x94,write8
46632337500,0x389,0xf7,write8
46632389250,0x388,0xf4,write8
46632487250,0x389,0x00,write8
46632543000,0x388,0xa7,write8
46632641000,0x389,0x00,write8
46632692500,0x388,0xb7,write8
46632790500,0x389,0x26,write8
46645524125,0x388,0xb4,write8
46645622125,0x389,0x0a,write8
46647639375,0x388,0xb3,write8
46647737375,0x389,0x0a,write8
46647795750,0x388,0xb5,write8
46647893750,0x389,0x0b,write8
46656093125,0x388,0xb8,write8
46656190750,0x389,0x07,write8
46656258000,0x388,0xb6,write8
46656355625,0x389,0x0e,write8
46692005125,0x388,0xb1,write8
46692103125,0x389,0x0f,write8
46765956625,0x388,0xb0,write8
46766054750,0x389,0x13,write8
46776521750,0x388,0xb7,write8
46776619750,0x389,0x06,write8
46780745375,0x388,0xb0,write8
46780843500,0x389,0x13,write8
46780896125,0x388,0xc0,write8
46780994125,0x389,0x0e,write8
46781046375,0x388,0x20,write8
46781144375,0x389,0x21,write8
46781196125,0x388,0x40,write8
46781294125,0x389,0xcd,write8
46781345750,0x388,0x60,write8
46781443750,0x389,0x98,write8
46781495500,0x388,0x80,write8
46781593500,0x389,0x3f,write8
46781645250,0x388,0xe0,write8
46781743250,0x389,0x00,write8
46781795375,0x388,0x23,write8
46781893500,0x389,0x21,write8
46781945125,0x388,0x43,write8
46782043250,0x389,0x02,write8
46782095000,0x388,0x63,write8
46782193000,0x389,0x65,write8
46782244750,0x388,0x83,write8
46782342750,0x389,0x2a,write8
46782394375,0x388,0xe3,write8
46782492375,0x389,0x00,write8
46782550000,0x388,0xa0,write8
46782648000,0x389,0xab,write8
46782699625,0x388,0xb0,write8
46782797625,0x389,0x32,write8
46782855750,0x388,0xb1,write8
46782953750,0x389,0x0f,write8
46783006625,0x388,0xc1,write8
46783104625,0x389,0x0e,write8
46783156625,0x388,0x21,write8
46783254625,0x389,0xe6,write8
46783306375,0x388,0x41,write8
46783404375,0x389,0xe7,write8
46783456125,0x388,0x61,write8
46783554125,0x389,0x80,write8
46783605750,0x388,0x81,write8
46783703875,0x389,0x01,write8
46783755500,0x388,0xe1,write8
46783853500,0x389,0x00,write8
46783905750,0x388,0x24,write8
46784003875,0x389,0xe4,write8
46784055625,0x388,0x44,write8
46784153625,0x389,0x8d,write8
46784205250,0x388,0x64,write8
46784303250,0x389,0xf5,write8
46784355000,0x388,0x84,write8
46784452875,0x389,0x07,write8
46784504375,0x388,0xe4,write8
46784602000,0x389,0x00,write8
46784658750,0x388,0xa1,write8
46784756375,0x389,0x3f,write8
46784807875,0x388,0xb1,write8
46784905625,0x389,0x2e,write8
46784964500,0x388,0xb3,write8
46785062250,0x389,0x0a,write8
46785114750,0x388,0xc3,write8
46785212375,0x389,0x0e,write8
46785264250,0x388,0x28,write8
46785361875,0x389,0xe6,write8
46785413375,0x388,0x48,write8
46785511000,0x389,0xe7,write8
46785562500,0x388,0x68,write8
46785660125,0x389,0x80,write8
46785711625,0x388,0x88,write8
46785809250,0x389,0x01,write8
46785860750,0x388,0xe8,write8
46785958500,0x389,0x00,write8
46786010875,0x388,0x2b,write8
46786108875,0x389,0xe4,write8
46786160625,0x388,0x4b,write8
46786258625,0x389,0x8d,write8
46786310375,0x388,0x6b,write8
46786408375,0x389,0xf5,write8
46786460000,0x388,0x8b,write8
46786558000,0x389,0x07,write8
46786609750,0x388,0xeb,write8
46786707750,0x389,0x00,write8
46786764125,0x388,0xa3,write8
46786862125,0x389,0x3f,write8
46786913750,0x388,0xb3,write8
46787011875,0x389,0x2a,write8
46787071375,0x388,0xb4,write8
46787169500,0x389,0x0a,write8
46787222125,0x388,0xc4,write8
46787320125,0x389,0x0a,write8
46787372250,0x388,0x29,write8
46787470250,0x389,0x2a,write8
46787522000,0x388,0x49,write8
46787620000,0x389,0x28,write8
46787671625,0x388,0x69,write8
46787769625,0x389,0xe6,write8
46787821375,0x388,0x89,write8
46787919375,0x389,0xd7,write8
46787971125,0x388,0xe9,write8
46788069250,0x389,0x00,write8
46788121500,0x388,0x2c,write8
46788219500,0x389,0x22,write8
46788271125,0x388,0x4c,write8
46788369125,0x389,0x06,write8
46788420875,0x388,0x6c,write8
46788518875,0x389,0xf6,write8
46788570625,0x388,0x8c,write8
46788668625,0x389,0xf7,write8
46788720250,0x388,0xec,write8
46788818250,0x389,0x00,write8
46788875250,0x388,0xa4,write8
46788973250,0x389,0xab,write8
46789025000,0x388,0xb4,write8
46789123000,0x389,0x2e,write8
46789183000,0x388,0xb5,write8
46789281125,0x389,0x0b,write8
46789333875,0x388,0xc5,write8
46789431875,0x389,0x0a,write8
46789483875,0x388,0x2a,write8
46789581875,0x389,0x28,write8
46789633625,0x388,0x4a,write8
46789731625,0x389,0x2b,write8
46789783375,0x388,0x6a,write8
46789881375,0x389,0xe6,write8
46789933125,0x388,0x8a,write8
46790031250,0x389,0x97,write8
46790082875,0x388,0xea,write8
46790180875,0x389,0x02,write8
46790233125,0x388,0x2d,write8
46790331125,0x389,0x22,write8
46790382875,0x388,0x4d,write8
46790480875,0x389,0x08,write8
46790532500,0x388,0x6d,write8
46790630500,0x389,0xf6,write8
46790682250,0x388,0x8d,write8
46790780250,0x389,0xf7,write8
46790832000,0x388,0xed,write8
46790930000,0x389,0x00,write8
46790987625,0x388,0xa5,write8
46791085750,0x389,0x3f,write8
46791137250,0x388,0xb5,write8
46791235375,0x389,0x32,write8
46791295750,0x388,0xb6,write8
46791394000,0x389,0x0e,write8
46791446625,0x388,0xc6,write8
46791544625,0x389,0x00,write8
46791596750,0x388,0x30,write8
46791694750,0x389,0x00,write8
46791746500,0x388,0x50,write8
46791844500,0x389,0x0c,write8
46791896125,0x388,0x70,write8
46791994125,0x389,0xc8,write8
46792046000,0x388,0x90,write8
46792144000,0x389,0x4c,write8
46792195750,0x388,0xf0,write8
46792293750,0x389,0x00,write8
46792345875,0x388,0x33,write8
46792444000,0x389,0x20,write8
46792495625,0x388,0x53,write8
46792593625,0x389,0x00,write8
46792645375,0x388,0x73,write8
46792743375,0x389,0xd6,write8
46792795125,0x388,0x93,write8
46792893125,0x389,0xff,write8
46792944750,0x388,0xf3,write8
46793042875,0x389,0x00,write8
46793098625,0x388,0xa6,write8
46793196625,0x389,0x90,write8
46793248250,0x388,0xb6,write8
46793346250,0x389,0x27,write8
46793407250,0x388,0xb7,write8
46793505375,0x389,0x06,write8
46793558125,0x388,0xc7,write8
46793656125,0x389,0x08,write8
46793708125,0x388,0x31,write8
46793806125,0x389,0x20,write8
46793857875,0x388,0x51,write8
46793955875,0x389,0x24,write8
46794007750,0x388,0x71,write8
46794105750,0x389,0x62,write8
46794157375,0x388,0x91,write8
46794255500,0x389,0x75,write8
46794307125,0x388,0xf1,write8
46794405125,0x389,0x01,write8
46794457375,0x388,0x34,write8
46794555375,0x389,0x22,write8
46794607125,0x388,0x54,write8
46794705125,0x389,0x02,write8
46794756750,0x388,0x74,write8
46794854750,0x389,0xa8,write8
46794906500,0x388,0x94,write8
46795004625,0x389,0xf5,write8
46795056375,0x388,0xf4,write8
46795154375,0x389,0x00,write8
46795210750,0x388,0xa7,write8
46795308750,0x389,0x85,write8
46795360250,0x388,0xb7,write8
46795458250,0x389,0x2a,write8
46810327250,0x388,0xb2,write8
46810425250,0x389,0x0e,write8
46816664750,0x388,0xb2,write8
46816762750,0x389,0x0e,write8
46816815500,0x388,0xc2,write8
46816913500,0x389,0x0a,write8
46816965500,0x388,0x22,write8
46817063625,0x389,0x22,write8
46817115375,0x388,0x42,write8
46817213375,0x389,0x19,write8
46817265125,0x388,0x62,write8
46817363125,0x389,0xc6,write8
46817414750,0x388,0x82,write8
46817512750,0x389,0x77,write8
46817564500,0x388,0xe2,write8
46817662500,0x389,0x00,write8
46817714750,0x388,0x25,write8
46817812750,0x389,0x22,write8
46817864500,0x388,0x45,write8
46817962500,0x389,0x40,write8
46818014250,0x388,0x65,write8
46818112250,0x389,0xf4,write8
46818164000,0x388,0x85,write8
46818262000,0x389,0xf7,write8
46818313750,0x388,0xe5,write8
46818411750,0x389,0x00,write8
46818467375,0x388,0xa2,write8
46818565500,0x389,0x3f,write8
46818617000,0x388,0xb2,write8
46818715000,0x389,0x26,write8
46829342125,0x388,0xb6,write8
46829440125,0x389,0x07,write8
46829498500,0x388,0xb5,write8
46829596500,0x389,0x12,write8
46865305875,0x388,0xb7,write8
46865404000,0x389,0x0a,write8
46869487625,0x388,0xb4,write8
46869585625,0x389,0x0e,write8
46907517375,0x388,0xb1,write8
46907615375,0x389,0x0e,write8
46915969750,0x388,0xb3,write8
46916067875,0x389,0x0a,write8
46956111375,0x388,0xb1,write8
46956209000,0x389,0x0e,write8
46956261500,0x388,0xc1,write8
46956359125,0x389,0x0e,write8
46956411000,0x388,0x21,write8
46956508625,0x389,0xe6,write8
46956560125,0x388,0x41,write8
46956657750,0x389,0xe7,write8
46956709250,0x388,0x61,write8
46956806875,0x389,0x80,write8
46956858375,0x388,0x81,write8
46956956000,0x389,0x01,write8
46957007625,0x388,0xe1,write8
46957105250,0x389,0x00,write8
46957157250,0x388,0x24,write8
46957255375,0x389,0xe4,write8
46957307125,0x388,0x44,write8
46957405125,0x389,0x8d,write8
46957456750,0x388,0x64,write8
46957554750,0x389,0xf5,write8
46957606500,0x388,0x84,write8
46957704500,0x389,0x07,write8
46957756250,0x388,0xe4,write8
46957854250,0x389,0x00,write8
46957910625,0x388,0xa1,write8
46958008750,0x389,0xab,write8
46958060250,0x388,0xb1,write8
46958158250,0x389,0x2a,write8
46958217375,0x388,0xb3,write8
46958315375,0x389,0x0a,write8
46958368125,0x388,0xc3,write8
46958466125,0x389,0x00,write8
46958518250,0x388,0x28,write8
46958616250,0x389,0x20,write8
46958667875,0x388,0x48,write8
46958766000,0x389,0x00,write8
46958817625,0x388,0x68,write8
46958915625,0x389,0xfa,write8
46958967375,0x388,0x88,write8
46959065500,0x389,0x6a,write8
46959117250,0x388,0xe8,write8
46959215250,0x389,0x00,write8
46959267375,0x388,0x2b,write8
46959365375,0x389,0x26,write8
46959417125,0x388,0x4b,write8
46959515125,0x389,0x07,write8
46959566875,0x388,0x6b,write8
46959664875,0x389,0xaa,write8
46959716500,0x388,0x8b,write8
46959814625,0x389,0xfa,write8
46959866250,0x388,0xeb,write8
46959964250,0x389,0x00,write8
46960022000,0x388,0xa3,write8
46960120000,0x389,0x00,write8
46960171625,0x388,0xb3,write8
46960269625,0x389,0x32,write8
46979351500,0x388,0xb2,write8
46979449500,0x389,0x06,write8
46983576125,0x388,0xb0,write8
46983674125,0x389,0x12,write8
47000480375,0x388,0xb3,write8
47000578375,0x389,0x12,write8
47021607750,0x388,0xb1,write8
47021705750,0x389,0x0a,write8
47123025250,0x388,0xb0,write8
47123123250,0x389,0x12,write8
47123175875,0x388,0xc0,write8
47123273875,0x389,0x0e,write8
47123326000,0x388,0x20,write8
47123424000,0x389,0x21,write8
47123475750,0x388,0x40,write8
47123573750,0x389,0xcd,write8
47123625375,0x388,0x60,write8
47123723500,0x389,0x98,write8
47123775125,0x388,0x80,write8
47123873125,0x389,0x3f,write8
47123924875,0x388,0xe0,write8
47124023000,0x389,0x00,write8
47124075250,0x388,0x23,write8
47124173250,0x389,0x21,write8
47124224875,0x388,0x43,write8
47124322875,0x389,0x02,write8
47124374625,0x388,0x63,write8
47124472625,0x389,0x65,write8
47124524375,0x388,0x83,write8
47124622375,0x389,0x2a,write8
47124674000,0x388,0xe3,write8
47124772125,0x389,0x00,write8
47124829625,0x388,0xa0,write8
47124927625,0x389,0xab,write8
47124979250,0x388,0xb0,write8
47125077375,0x389,0x32,write8
47125135500,0x388,0xb1,write8
47125233500,0x389,0x0a,write8
47125286250,0x388,0xc1,write8
47125384250,0x389,0x0e,write8
47125436250,0x388,0x21,write8
47125534375,0x389,0xe6,write8
47125586000,0x388,0x41,write8
47125684000,0x389,0xe7,write8
47125735750,0x388,0x61,write8
47125833750,0x389,0x80,write8
47125885500,0x388,0x81,write8
47125983500,0x389,0x01,write8
47126035250,0x388,0xe1,write8
47126133250,0x389,0x00,write8
47126185500,0x388,0x24,write8
47126283500,0x389,0xe4,write8
47126335250,0x388,0x44,write8
47126433250,0x389,0x8d,write8
47126484875,0x388,0x64,write8
47126583000,0x389,0xf5,write8
47126634625,0x388,0x84,write8
47126732625,0x389,0x07,write8
47126784375,0x388,0xe4,write8
47126882250,0x389,0x00,write8
47126939000,0x388,0xa1,write8
47127036750,0x389,0x3f,write8
47127088125,0x388,0xb1,write8
47127185750,0x389,0x2e,write8
47127244250,0x388,0xb2,write8
47127342000,0x389,0x06,write8
47127394500,0x388,0xc2,write8
47127492125,0x389,0x0e,write8
47127544000,0x388,0x22,write8
47127641625,0x389,0xe6,write8
47127693125,0x388,0x42,write8
47127790750,0x389,0xe7,write8
47127842250,0x388,0x62,write8
47127939875,0x389,0x80,write8
47127991375,0x388,0x82,write8
47128089125,0x389,0x01,write8
47128140625,0x388,0xe2,write8
47128238250,0x389,0x00,write8
47128290250,0x388,0x25,write8
47128388000,0x389,0xe4,write8
47128439750,0x388,0x45,write8
47128537750,0x389,0x8d,write8
47128589500,0x388,0x65,write8
47128687500,0x389,0xf5,write8
47128739125,0x388,0x85,write8
47128837125,0x389,0x07,write8
47128888875,0x388,0xe5,write8
47128986875,0x389,0x00,write8
47129043375,0x388,0xa2,write8
47129141375,0x389,0x3f,write8
47129193000,0x388,0xb2,write8
47129291000,0x389,0x2a,write8
47129350000,0x388,0xb3,write8
47129448125,0x389,0x12,write8
47129500750,0x388,0xc3,write8
47129598750,0x389,0x0e,write8
47129650875,0x388,0x28,write8
47129748875,0x389,0xe6,write8
47129800625,0x388,0x48,write8
47129898625,0x389,0xe7,write8
47129950375,0x388,0x68,write8
47130048500,0x389,0x80,write8
47130100125,0x388,0x88,write8
47130198125,0x389,0x01,write8
47130249875,0x388,0xe8,write8
47130347875,0x389,0x00,write8
47130400125,0x388,0x2b,write8
47130498125,0x389,0xe4,write8
47130549750,0x388,0x4b,write8
47130647750,0x389,0x8d,write8
47130699500,0x388,0x6b,write8
47130797500,0x389,0xf5,write8
47130849250,0x388,0x8b,write8
47130947250,0x389,0x07,write8
47130999000,0x388,0xeb,write8
47131097125,0x389,0x00,write8
47131153375,0x388,0xa3,write8
47131251375,0x389,0x5e,write8
47131303000,0x388,0xb3,write8
47131401000,0x389,0x2b,write8
47131460500,0x388,0xb4,write8
47131558625,0x389,0x0e,write8
47131611375,0x388,0xc4,write8
47131709375,0x389,0x0a,write8
47131761500,0x388,0x29,write8
47131859500,0x389,0x2a,write8
47131911125,0x388,0x49,write8
47132009250,0x389,0x28,write8
47132061000,0x388,0x69,write8
47132159000,0x389,0xe6,write8
47132210750,0x388,0x89,write8
47132308750,0x389,0xd7,write8
47132360375,0x388,0xe9,write8
47132458375,0x389,0x00,write8
47132510625,0x388,0x2c,write8
47132608625,0x389,0x22,write8
47132660375,0x388,0x4c,write8
47132758375,0x389,0x06,write8
47132810125,0x388,0x6c,write8
47132908125,0x389,0xf6,write8
47132959750,0x388,0x8c,write8
47133057875,0x389,0xf7,write8
47133109625,0x388,0xec,write8
47133207625,0x389,0x00,write8
47133264625,0x388,0xa4,write8
47133362625,0x389,0xab,write8
47133414250,0x388,0xb4,write8
47133512250,0x389,0x2e,write8
47133572125,0x388,0xb5,write8
47133670375,0x389,0x12,write8
47133723000,0x388,0xc5,write8
47133821000,0x389,0x0a,write8
47133873125,0x388,0x2a,write8
47133971125,0x389,0x28,write8
47134023000,0x388,0x4a,write8
47134121000,0x389,0x2b,write8
47134172625,0x388,0x6a,write8
47134270625,0x389,0xe6,write8
47134322375,0x388,0x8a,write8
47134420375,0x389,0x97,write8
47134472125,0x388,0xea,write8
47134570125,0x389,0x02,write8
47134622375,0x388,0x2d,write8
47134720375,0x389,0x22,write8
47134772000,0x388,0x4d,write8
47134870000,0x389,0x08,write8
47134921750,0x388,0x6d,write8
47135019875,0x389,0xf6,write8
47135071625,0x388,0x8d,write8
47135169625,0x389,0xf7,write8
47135221250,0x388,0xed,write8
47135319250,0x389,0x00,write8
47135375625,0x388,0xa5,write8
47135473625,0x389,0x3f,write8
47135525250,0x388,0xb5,write8
47135623250,0x389,0x2a,write8
47135683750,0x388,0xb6,write8
47135781875,0x389,0x07,write8
47135834625,0x388,0xc6,write8
47135932625,0x389,0x0a,write8
47135984625,0x388,0x30,write8
47136082750,0x389,0x28,write8
47136134500,0x388,0x50,write8
47136232500,0x389,0x2b,write8
47136284250,0x388,0x70,write8
47136382250,0x389,0xe6,write8
47136434000,0x388,0x90,write8
47136532000,0x389,0x97,write8
47136583625,0x388,0xf0,write8
47136681625,0x389,0x02,write8
47136733875,0x388,0x33,write8
47136831875,0x389,0x22,write8
47136883625,0x388,0x53,write8
47136981625,0x389,0x08,write8
47137033375,0x388,0x73,write8
47137131375,0x389,0xf6,write8
47137183125,0x388,0x93,write8
47137281125,0x389,0xf7,write8
47137332875,0x388,0xf3,write8
47137430875,0x389,0x00,write8
47137487250,0x388,0xa6,write8
47137585250,0x389,0xab,write8
47137636750,0x388,0xb6,write8
47137734750,0x389,0x2a,write8
47137795750,0x388,0xb7,write8
47137893875,0x389,0x0a,write8
47137946625,0x388,0xc7,write8
47138044750,0x389,0x00,write8
47138096875,0x388,0x31,write8
47138194875,0x389,0x20,write8
47138246625,0x388,0x51,write8
47138344625,0x389,0x00,write8
47138396250,0x388,0x71,write8
47138494250,0x389,0xfa,write8
47138546000,0x388,0x91,write8
47138644000,0x389,0x6a,write8
47138695750,0x388,0xf1,write8
47138793750,0x389,0x00,write8
47138845875,0x388,0x34,write8
47138944000,0x389,0x26,write8
47138995625,0x388,0x54,write8
47139093750,0x389,0x07,write8
47139145500,0x388,0x74,write8
47139243500,0x389,0xaa,write8
47139295250,0x388,0x94,write8
47139393250,0x389,0xfa,write8
47139444875,0x388,0xf4,write8
47139542875,0x389,0x00,write8
47139599875,0x388,0xa7,write8
47139697875,0x389,0x85,write8
47139749500,0x388,0xb7,write8
47139847500,0x389,0x2e,write8
47139909000,0x388,0xb8,write8
47140007250,0x389,0x07,write8
47140060000,0x388,0xc8,write8
47140158000,0x389,0x08,write8
47140210000,0x388,0x32,write8
47140308000,0x389,0x20,write8
47140359750,0x388,0x52,write8
47140457750,0x389,0x24,write8
47140509500,0x388,0x72,write8
47140607500,0x389,0x62,write8
47140659250,0x388,0x92,write8
47140757250,0x389,0x75,write8
47140808875,0x388,0xf2,write8
47140906875,0x389,0x01,write8
47140959125,0x388,0x35,write8
47141057250,0x389,0x22,write8
47141109000,0x388,0x55,write8
47141206625,0x389,0x02,write8
47141258125,0x388,0x75,write8
47141355750,0x389,0xa8,write8
47141407250,0x388,0x95,write8
47141505000,0x389,0xf5,write8
47141556625,0x388,0xf5,write8
47141654250,0x389,0x00,write8
47141710375,0x388,0xa8,write8
47141808000,0x389,0x85,write8
47141859375,0x388,0xb8,write8
47141957000,0x389,0x2a,write8
47152651500,0x388,0xb6,write8
47152749500,0x389,0x0a,write8
47154718750,0x388,0xb5,write8
47154816750,0x389,0x0a,write8
47173737875,0x388,0xb7,write8
47173836000,0x389,0x0e,write8
47203316000,0x388,0xb4,write8
47203414000,0x389,0x0e,write8
47205428250,0x388,0xb8,write8
47205526250,0x389,0x0a,write8
47258249500,0x388,0xb3,write8
47258347500,0x389,0x0b,write8
47285712000,0x388,0xb0,write8
47285810000,0x389,0x12,write8
47300506625,0x388,0xb0,write8
47300604625,0x389,0x12,write8
47300657250,0x388,0xc0,write8
47300755375,0x389,0x0a,write8
47300807375,0x388,0x20,write8
47300905375,0x389,0x28,write8
47300957125,0x388,0x40,write8
47301055250,0x389,0x2b,write8
47301107000,0x388,0x60,write8
47301205000,0x389,0xe6,write8
47301256625,0x388,0x80,write8
47301354625,0x389,0x97,write8
47301406375,0x388,0xe0,write8
47301504375,0x389,0x02,write8
47301556625,0x388,0x23,write8
47301654625,0x389,0x22,write8
47301706250,0x388,0x43,write8
47301804375,0x389,0x08,write8
47301856000,0x388,0x63,write8
47301954000,0x389,0xf6,write8
47302005875,0x388,0x83,write8
47302103875,0x389,0xf7,write8
47302155625,0x388,0xe3,write8
47302253625,0x389,0x00,write8
47302309875,0x388,0xa0,write8
47302408000,0x389,0x3f,write8
47302459500,0x388,0xb0,write8
47302557500,0x389,0x2a,write8
47302616625,0x388,0xb3,write8
47302714625,0x389,0x0b,write8
47302767375,0x388,0xc3,write8
47302865375,0x389,0x0a,write8
47302917500,0x388,0x28,write8
47303015625,0x389,0x28,write8
47303067250,0x388,0x48,write8
47303165250,0x389,0x2b,write8
47303217000,0x388,0x68,write8
47303315000,0x389,0xe6,write8
47303366750,0x388,0x88,write8
47303464750,0x389,0x97,write8
47303516375,0x388,0xe8,write8
47303614500,0x389,0x02,write8
47303666625,0x388,0x2b,write8
47303764625,0x389,0x22,write8
47303816375,0x388,0x4b,write8
47303914375,0x389,0x08,write8
47303966125,0x388,0x6b,write8
47304064250,0x389,0xf6,write8
47304115875,0x388,0x8b,write8
47304213875,0x389,0xf7,write8
47304265625,0x388,0xeb,write8
47304363625,0x389,0x00,write8
47304420000,0x388,0xa3,write8
47304518000,0x389,0xab,write8
47304569625,0x388,0xb3,write8
47304667625,0x389,0x2a,write8
47304727250,0x388,0xb4,write8
47304825250,0x389,0x0e,write8
47304877875,0x388,0xc4,write8
47304975875,0x389,0x0e,write8
47305028125,0x388,0x29,write8
47305126125,0x389,0xe6,write8
47305177875,0x388,0x49,write8
47305275875,0x389,0xe7,write8
47305327500,0x388,0x69,write8
47305425625,0x389,0x80,write8
47305477250,0x388,0x89,write8
47305575250,0x389,0x01,write8
47305627000,0x388,0xe9,write8
47305725000,0x389,0x00,write8
47305777250,0x388,0x2c,write8
47305875250,0x389,0xe4,write8
47305926875,0x388,0x4c,write8
47306025000,0x389,0x8d,write8
47306076750,0x388,0x6c,write8
47306174750,0x389,0xf5,write8
47306226500,0x388,0x8c,write8
47306324500,0x389,0x07,write8
47306376125,0x388,0xec,write8
47306474250,0x389,0x00,write8
47306530500,0x388,0xa4,write8
47306628500,0x389,0xab,write8
47306680125,0x388,0xb4,write8
47306778125,0x389,0x2a,write8
47306838250,0x388,0xb5,write8
47306936250,0x389,0x0a,write8
47306989000,0x388,0xc5,write8
47307087125,0x389,0x00,write8
47307139125,0x388,0x2a,write8
47307237250,0x389,0x00,write8
47307288875,0x388,0x4a,write8
47307386875,0x389,0x0c,write8
47307438625,0x388,0x6a,write8
47307536625,0x389,0xc8,write8
47307588375,0x388,0x8a,write8
47307686375,0x389,0x4c,write8
47307738000,0x388,0xea,write8
47307836000,0x389,0x00,write8
47307888250,0x388,0x2d,write8
47307986250,0x389,0x20,write8
47308038125,0x388,0x4d,write8
47308136125,0x389,0x00,write8
47308187750,0x388,0x6d,write8
47308285875,0x389,0xd6,write8
47308337500,0x388,0x8d,write8
47308435500,0x389,0xff,write8
47308487250,0x388,0xed,write8
47308585250,0x389,0x00,write8
47308641000,0x388,0xa5,write8
47308739000,0x389,0x90,write8
47308790500,0x388,0xb5,write8
47308888500,0x389,0x27,write8
47308949125,0x388,0xb6,write8
47309047250,0x389,0x0a,write8
47309100000,0x388,0xc6,write8
47309198000,0x389,0x08,write8
47309250125,0x388,0x30,write8
47309348125,0x389,0x20,write8
47309399875,0x388,0x50,write8
47309497875,0x389,0x24,write8
47309549500,0x388,0x70,write8
47309647500,0x389,0x62,write8
47309699250,0x388,0x90,write8
47309797250,0x389,0x75,write8
47309849000,0x388,0xf0,write8
47309947000,0x389,0x01,write8
47309999125,0x388,0x33,write8
47310097250,0x389,0x22,write8
47310148875,0x388,0x53,write8
47310246875,0x389,0x02,write8
47310298625,0x388,0x73,write8
47310396625,0x389,0xa8,write8
47310448375,0x388,0x93,write8
47310546375,0x389,0xf5,write8
47310598000,0x388,0xf3,write8
47310696000,0x389,0x00,write8
47310752375,0x388,0xa6,write8
47310850375,0x389,0x85,write8
47310902000,0x388,0xb6,write8
47311000000,0x389,0x2a,write8
47311061250,0x388,0xb7,write8
47311159250,0x389,0x0e,write8
47311212000,0x388,0xc7,write8
47311310000,0x389,0x00,write8
47311362000,0x388,0x31,write8
47311460000,0x389,0x20,write8
47311511750,0x388,0x51,write8
47311609750,0x389,0x00,write8
47311661500,0x388,0x71,write8
47311759500,0x389,0xfa,write8
47311811125,0x388,0x91,write8
47311909250,0x389,0x6a,write8
47311960875,0x388,0xf1,write8
47312059000,0x389,0x00,write8
47312111250,0x388,0x34,write8
47312209250,0x389,0x26,write8
47312261000,0x388,0x54,write8
47312358875,0x389,0x07,write8
47312410375,0x388,0x74,write8
47312508000,0x389,0xaa,write8
47312559500,0x388,0x94,write8
47312657125,0x389,0xfa,write8
47312708750,0x388,0xf4,write8
47312806500,0x389,0x00,write8
47312863250,0x388,0xa7,write8
47312960875,0x389,0x85,write8
47313012375,0x388,0xb7,write8
47313110000,0x389,0x2e,write8
47313171375,0x388,0xb8,write8
47313269000,0x389,0x0a,write8
47313321500,0x388,0xc8,write8
47313419125,0x389,0x00,write8
47313471000,0x388,0x32,write8
47313568625,0x389,0x20,write8
47313620125,0x388,0x52,write8
47313717750,0x389,0x00,write8
47313769250,0x388,0x72,write8
47313866875,0x389,0xfa,write8
47313918750,0x388,0x92,write8
47314016875,0x389,0x6a,write8
47314068625,0x388,0xf2,write8
47314166625,0x389,0x00,write8
47314218750,0x388,0x35,write8
47314316750,0x389,0x26,write8
47314368500,0x388,0x55,write8
47314466500,0x389,0x07,write8
47314518250,0x388,0x75,write8
47314616250,0x389,0xaa,write8
47314667875,0x388,0x95,write8
47314765875,0x389,0xfa,write8
47314817625,0x388,0xf5,write8
47314915625,0x389,0x00,write8
47314973250,0x388,0xa8,write8
47315071375,0x389,0x00,write8
47315123000,0x388,0xb8,write8
47315221000,0x389,0x32,write8
47344875625,0x388,0xb3,write8
47344973625,0x389,0x0a,write8
47346984250,0x388,0xb0,write8
47347082375,0x389,0x0a,write8
47351210500,0x388,0xb1,write8
47351308500,0x389,0x0e,write8
47353328125,0x388,0xb5,write8
47353426125,0x389,0x07,write8
47353485500,0x388,0xb7,write8
47353583500,0x389,0x0e,write8
47353643375,0x388,0xb8,write8
47353741375,0x389,0x12,write8
47355436875,0x388,0xb2,write8
47355534625,0x389,0x0a,write8
47387134125,0x388,0xb6,write8
47387232125,0x389,0x0a,write8
47439951500,0x388,0xb4,write8
47440049625,0x389,0x0a,write8
47480097375,0x388,0xb0,write8
47480195375,0x389,0x0a,write8
47480248125,0x388,0xc0,write8
47480346125,0x389,0x0e,write8
47480398250,0x388,0x20,write8
47480496250,0x389,0x21,write8
47480547875,0x388,0x40,write8
47480646000,0x389,0xcd,write8
47480697625,0x388,0x60,write8
47480795625,0x389,0x98,write8
47480847375,0x388,0x80,write8
47480945375,0x389,0x3f,write8
47480997125,0x388,0xe0,write8
47481095250,0x389,0x00,write8
47481147375,0x388,0x23,write8
47481245375,0x389,0x21,write8
47481297125,0x388,0x43,write8
47481395125,0x389,0x02,write8
47481446875,0x388,0x63,write8
47481544875,0x389,0x65,write8
47481596500,0x388,0x83,write8
47481694625,0x389,0x2a,write8
47481746250,0x388,0xe3,write8
47481844250,0x389,0x00,write8
47481901875,0x388,0xa0,write8
47481999875,0x389,0x85,write8
47482051625,0x388,0xb0,write8
47482149625,0x389,0x32,write8
47482207750,0x388,0xb1,write8
47482305750,0x389,0x0e,write8
47482358375,0x388,0xc1,write8
47482456375,0x389,0x0a,write8
47482508500,0x388,0x21,write8
47482606500,0x389,0x22,write8
47482658250,0x388,0x41,write8
47482756250,0x389,0x19,write8
47482808000,0x388,0x61,write8
47482906000,0x389,0xc6,write8
47482957625,0x388,0x81,write8
47483055750,0x389,0x77,write8
47483107500,0x388,0xe1,write8
47483205500,0x389,0x00,write8
47483257750,0x388,0x24,write8
47483355750,0x389,0x22,write8
47483407375,0x388,0x44,write8
47483505375,0x389,0x40,write8
47483557125,0x388,0x64,write8
47483654750,0x389,0xf4,write8
47483706250,0x388,0x84,write8
47483803875,0x389,0xf7,write8
47483855375,0x388,0xe4,write8
47483953125,0x389,0x00,write8
47484008250,0x388,0xa1,write8
47484105875,0x389,0x5e,write8
47484157250,0x388,0xb1,write8
47484254875,0x389,0x23,write8
47484313250,0x388,0xb2,write8
47484410875,0x389,0x0a,write8
47484463375,0x388,0xc2,write8
47484561000,0x389,0x0a,write8
47484612875,0x388,0x22,write8
47484710500,0x389,0x28,write8
47484762000,0x388,0x42,write8
47484859625,0x389,0x2b,write8
47484911125,0x388,0x62,write8
47485008875,0x389,0xe6,write8
47485060375,0x388,0x82,write8
47485158500,0x389,0x97,write8
47485210125,0x388,0xe2,write8
47485308125,0x389,0x02,write8
47485360375,0x388,0x25,write8
47485458375,0x389,0x22,write8
47485510125,0x388,0x45,write8
47485608125,0x389,0x08,write8
47485659750,0x388,0x65,write8
47485757750,0x389,0xf6,write8
47485809500,0x388,0x85,write8
47485907500,0x389,0xf7,write8
47485959250,0x388,0xe5,write8
47486057375,0x389,0x00,write8
47486113125,0x388,0xa2,write8
47486211125,0x389,0x5e,write8
47486262625,0x388,0xb2,write8
47486360625,0x389,0x27,write8
47486419625,0x388,0xb3,write8
47486517750,0x389,0x0a,write8
47486570500,0x388,0xc3,write8
47486668500,0x389,0x0e,write8
47486720625,0x388,0x28,write8
47486818625,0x389,0xe6,write8
47486870250,0x388,0x48,write8
47486968250,0x389,0xe7,write8
47487020125,0x388,0x68,write8
47487118125,0x389,0x80,write8
47487169875,0x388,0x88,write8
47487267875,0x389,0x01,write8
47487319625,0x388,0xe8,write8
47487417625,0x389,0x00,write8
47487469750,0x388,0x2b,write8
47487567750,0x389,0xe4,write8
47487619500,0x388,0x4b,write8
47487717500,0x389,0x8d,write8
47487769250,0x388,0x6b,write8
47487867250,0x389,0xf5,write8
47487918875,0x388,0x8b,write8
47488017000,0x389,0x07,write8
47488068750,0x388,0xeb,write8
47488166750,0x389,0x00,write8
47488223750,0x388,0xa3,write8
47488321750,0x389,0x00,write8
47488373375,0x388,0xb3,write8
47488471375,0x389,0x2e,write8
47488530875,0x388,0xb4,write8
47488629000,0x389,0x0a,write8
47488681625,0x388,0xc4,write8
47488779625,0x389,0x0e,write8
47488831750,0x388,0x29,write8
47488929750,0x389,0xe6,write8
47488981500,0x388,0x49,write8
47489079625,0x389,0xe7,write8
47489131375,0x388,0x69,write8
47489229375,0x389,0x80,write8
47489281000,0x388,0x89,write8
47489379000,0x389,0x01,write8
47489430750,0x388,0xe9,write8
47489528750,0x389,0x00,write8
47489581000,0x388,0x2c,write8
47489679000,0x389,0xe4,write8
47489730625,0x388,0x4c,write8
47489828625,0x389,0x8d,write8
47489880375,0x388,0x6c,write8
47489978375,0x389,0xf5,write8
47490030250,0x388,0x8c,write8
47490128250,0x389,0x07,write8
47490180000,0x388,0xec,write8
47490278000,0x389,0x00,write8
47490333625,0x388,0xa4,write8
47490431625,0x389,0x5e,write8
47490483250,0x388,0xb4,write8
47490581250,0x389,0x27,write8
47490641250,0x388,0xb5,write8
47490739375,0x389,0x07,write8
47490792125,0x388,0xc5,write8
47490890125,0x389,0x0a,write8
47490942250,0x388,0x2a,write8
47491040375,0x389,0x2a,write8
47491092000,0x388,0x4a,write8
47491190000,0x389,0x28,write8
47491241750,0x388,0x6a,write8
47491339750,0x389,0xe6,write8
47491391500,0x388,0x8a,write8
47491489500,0x389,0xd7,write8
47491541125,0x388,0xea,write8
47491639125,0x389,0x00,write8
47491691375,0x388,0x2d,write8
47491789375,0x389,0x22,write8
47491841125,0x388,0x4d,write8
47491939125,0x389,0x06,write8
47491990875,0x388,0x6d,write8
47492089000,0x389,0xf6,write8
47492140625,0x388,0x8d,write8
47492238625,0x389,0xf7,write8
47492290375,0x388,0xed,write8
47492388375,0x389,0x00,write8
47492445375,0x388,0xa5,write8
47492543375,0x389,0x85,write8
47492595000,0x388,0xb5,write8
47492693000,0x389,0x2e,write8
47492753500,0x388,0xb6,write8
47492851625,0x389,0x0a,write8
47492904250,0x388,0xc6,write8
47493002375,0x389,0x00,write8
47493054500,0x388,0x30,write8
47493152500,0x389,0x00,write8
47493204250,0x388,0x50,write8
47493302250,0x389,0x0c,write8
47493353875,0x388,0x70,write8
47493451875,0x389,0xc8,write8
47493503625,0x388,0x90,write8
47493601625,0x389,0x4c,write8
47493653375,0x388,0xf0,write8
47493751375,0x389,0x00,write8
47493803625,0x388,0x33,write8
47493901625,0x389,0x20,write8
47493953250,0x388,0x53,write8
47494051375,0x389,0x00,write8
47494103125,0x388,0x73,write8
47494201125,0x389,0xd6,write8
47494252875,0x388,0x93,write8
47494350875,0x389,0xff,write8
47494402500,0x388,0xf3,write8
47494500500,0x389,0x00,write8
47494556250,0x388,0xa6,write8
47494654250,0x389,0x90,write8
47494705875,0x388,0xb6,write8
47494803875,0x389,0x27,write8
47494874375,0x388,0xb7,write8
47494972375,0x389,0x0e,write8
47495025250,0x388,0xc7,write8
47495123250,0x389,0x0a,write8
47495175375,0x388,0x31,write8
47495273375,0x389,0x28,write8
47495325000,0x388,0x51,write8
47495423125,0x389,0x2b,write8
47495474750,0x388,0x71,write8
47495572750,0x389,0xe6,write8
47495624500,0x388,0x91,write8
47495722500,0x389,0x97,write8
47495774250,0x388,0xf1,write8
47495872250,0x389,0x02,write8
47495924375,0x388,0x34,write8
47496022500,0x389,0x22,write8
47496074250,0x388,0x54,write8
47496172250,0x389,0x08,write8
47496224000,0x388,0x74,write8
47496322000,0x389,0xf6,write8
47496373625,0x388,0x94,write8
47496471750,0x389,0xf7,write8
47496523375,0x388,0xf4,write8
47496621375,0x389,0x00,write8
47496679000,0x388,0xa7,write8
47496777000,0x389,0x00,write8
47496828625,0x388,0xb7,write8
47496926625,0x389,0x32,write8
47496995750,0x388,0xb2,write8
47497093875,0x389,0x07,write8
47532919875,0x388,0xb6,write8
47533018000,0x389,0x07,write8
47535030500,0x388,0xb7,write8
47535128500,0x389,0x12,write8
47647054875,0x388,0xb4,write8
47647152875,0x389,0x07,write8
47649121625,0x388,0xb3,write8
47649219625,0x389,0x0e,write8
47655464000,0x388,0xb2,write8
47655561625,0x389,0x07,write8
47655614125,0x388,0xc2,write8
47655711750,0x389,0x0a,write8
47655763625,0x388,0x22,write8
47655861250,0x389,0x28,write8
47655912750,0x388,0x42,write8
47656010500,0x389,0x2b,write8
47656062000,0x388,0x62,write8
47656159625,0x389,0xe6,write8
47656211125,0x388,0x82,write8
47656308875,0x389,0x97,write8
47656360625,0x388,0xe2,write8
47656458625,0x389,0x02,write8
47656510875,0x388,0x25,write8
47656608875,0x389,0x22,write8
47656660500,0x388,0x45,write8
47656758625,0x389,0x08,write8
47656810250,0x388,0x65,write8
47656908250,0x389,0xf6,write8
47656960000,0x388,0x85,write8
47657058125,0x389,0xf7,write8
47657109875,0x388,0xe5,write8
47657207875,0x389,0x00,write8
47657264125,0x388,0xa2,write8
47657362250,0x389,0x5e,write8
47657413750,0x388,0xb2,write8
47657511750,0x389,0x2b,write8
47657570875,0x388,0xb3,write8
47657668875,0x389,0x0e,write8
47657721625,0x388,0xc3,write8
47657819625,0x389,0x08,write8
47657871750,0x388,0x28,write8
47657969750,0x389,0x20,write8
47658021500,0x388,0x48,write8
47658119500,0x389,0x24,write8
47658171250,0x388,0x68,write8
47658269250,0x389,0x62,write8
47658321000,0x388,0x88,write8
47658419000,0x389,0x75,write8
47658470625,0x388,0xe8,write8
47658568750,0x389,0x01,write8
47658620875,0x388,0x2b,write8
47658718875,0x389,0x22,write8
47658770625,0x388,0x4b,write8
47658868625,0x389,0x02,write8
47658920375,0x388,0x6b,write8
47659018500,0x389,0xa8,write8
47659070125,0x388,0x8b,write8
47659168125,0x389,0xf5,write8
47659219875,0x388,0xeb,write8
47659317875,0x389,0x00,write8
47659374250,0x388,0xa3,write8
47659472250,0x389,0x5e,write8
47659523875,0x388,0xb3,write8
47659621875,0x389,0x2b,write8
47663910500,0x388,0xb1,write8
47664008625,0x389,0x03,write8
47695607000,0x388,0xb3,write8
47695705000,0x389,0x0b,write8
47716777000,0x388,0xb2,write8
47716875000,0x389,0x0b,write8
47742090250,0x388,0xb5,write8
47742188250,0x389,0x0e,write8
47822377625,0x388,0xb1,write8
47822475750,0x389,0x03,write8
47822528375,0x388,0xc1,write8
47822626375,0x389,0x0a,write8
47822678500,0x388,0x21,write8
47822776500,0x389,0x28,write8
47822828250,0x388,0x41,write8
47822926250,0x389,0x2b,write8
47822977875,0x388,0x61,write8
47823076000,0x389,0xe6,write8
47823127750,0x388,0x81,write8
47823225750,0x389,0x97,write8
47823277500,0x388,0xe1,write8
47823375500,0x389,0x02,write8
47823427625,0x388,0x24,write8
47823525750,0x389,0x22,write8
47823577375,0x388,0x44,write8
47823675375,0x389,0x08,write8
47823727125,0x388,0x64,write8
47823825125,0x389,0xf6,write8
47823876875,0x388,0x84,write8
47823974875,0x389,0xf7,write8
47824026500,0x388,0xe4,write8
47824124500,0x389,0x00,write8
47824181500,0x388,0xa1,write8
47824279500,0x389,0x00,write8
47824331125,0x388,0xb1,write8
47824429125,0x389,0x2e,write8
47824487750,0x388,0xb2,write8
47824585750,0x389,0x0b,write8
47824638500,0x388,0xc2,write8
47824736500,0x389,0x0e,write8
47824788500,0x388,0x22,write8
47824886500,0x389,0xe6,write8
47824938250,0x388,0x42,write8
47825036375,0x389,0xe7,write8
47825088125,0x388,0x62,write8
47825186125,0x389,0x80,write8
47825237750,0x388,0x82,write8
47825335875,0x389,0x01,write8
47825387500,0x388,0xe2,write8
47825485500,0x389,0x00,write8
47825537750,0x388,0x25,write8
47825635750,0x389,0xe4,write8
47825687500,0x388,0x45,write8
47825785500,0x389,0x8d,write8
47825837125,0x388,0x65,write8
47825935125,0x389,0xf5,write8
47825986875,0x388,0x85,write8
47826084625,0x389,0x07,write8
47826136125,0x388,0xe5,write8
47826233750,0x389,0x00,write8
47826290500,0x388,0xa2,write8
47826388250,0x389,0x00,write8
47826439750,0x388,0xb2,write8
47826537375,0x389,0x2e,write8
47826596250,0x388,0xb3,write8
47826693875,0x389,0x0b,write8
47826746375,0x388,0xc3,write8
47826844000,0x389,0x0e,write8
47826895875,0x388,0x28,write8
47826993500,0x389,0xe6,write8
47827045125,0x388,0x48,write8
47827142750,0x389,0xe7,write8
47827194250,0x388,0x68,write8
47827291875,0x389,0x80,write8
47827343375,0x388,0x88,write8
47827441000,0x389,0x01,write8
47827492500,0x388,0xe8,write8
47827590500,0x389,0x00,write8
47827642750,0x388,0x2b,write8
47827740750,0x389,0xe4,write8
47827792500,0x388,0x4b,write8
47827890500,0x389,0x8d,write8
47827942250,0x388,0x6b,write8
47828040375,0x389,0xf5,write8
47828092000,0x388,0x8b,write8
47828190000,0x389,0x07,write8
47828241750,0x388,0xeb,write8
47828339750,0x389,0x00,write8
47828396125,0x388,0xa3,write8
47828494125,0x389,0x5e,write8
47828545750,0x388,0xb3,write8
47828643750,0x389,0x2b,write8
47828703250,0x388,0xb4,write8
47828801375,0x389,0x07,write8
47828854000,0x388,0xc4,write8
47828952000,0x389,0x0e,write8
47829004250,0x388,0x29,write8
47829102250,0x389,0xe6,write8
47829154000,0x388,0x49,write8
47829252000,0x389,0xe7,write8
47829303625,0x388,0x69,write8
47829401625,0x389,0x80,write8
47829453375,0x388,0x89,write8
47829551375,0x389,0x01,write8
47829603125,0x388,0xe9,write8
47829701125,0x389,0x00,write8
47829753375,0x388,0x2c,write8
47829851375,0x389,0xe4,write8
47829903000,0x388,0x4c,write8
47830001125,0x389,0x8d,write8
47830052875,0x388,0x6c,write8
47830150875,0x389,0xf5,write8
47830202625,0x388,0x8c,write8
47830300625,0x389,0x07,write8
47830352250,0x388,0xec,write8
47830450250,0x389,0x00,write8
47830506625,0x388,0xa4,write8
47830604625,0x389,0x85,write8
47830656250,0x388,0xb4,write8
47830754250,0x389,0x2a,write8
47830814375,0x388,0xb5,write8
47830912375,0x389,0x0e,write8
47830965125,0x388,0xc5,write8
47831063250,0x389,0x08,write8
47831115250,0x388,0x2a,write8
47831213250,0x389,0x20,write8
47831265000,0x388,0x4a,write8
47831363000,0x389,0x24,write8
47831414750,0x388,0x6a,write8
47831512750,0x389,0x62,write8
47831564500,0x388,0x8a,write8
47831662500,0x389,0x75,write8
47831714125,0x388,0xea,write8
47831812125,0x389,0x01,write8
47831864375,0x388,0x2d,write8
47831962375,0x389,0x22,write8
47832014250,0x388,0x4d,write8
47832112250,0x389,0x02,write8
47832163875,0x388,0x6d,write8
47832261875,0x389,0xa8,write8
47832313625,0x388,0x8d,write8
47832411625,0x389,0xf5,write8
47832463375,0x388,0xed,write8
47832561375,0x389,0x00,write8
47832617750,0x388,0xa5,write8
47832715750,0x389,0x85,write8
47832767250,0x388,0xb5,write8
47832865250,0x389,0x2a,write8
47832925750,0x388,0xb6,write8
47833024000,0x389,0x07,write8
47833076750,0x388,0xc6,write8
47833174750,0x389,0x00,write8
47833226875,0x388,0x30,write8
47833324875,0x389,0x00,write8
47833376625,0x388,0x50,write8
47833474625,0x389,0x0c,write8
47833526250,0x388,0x70,write8
47833624250,0x389,0xc8,write8
47833676000,0x388,0x90,write8
47833774000,0x389,0x4c,write8
47833825750,0x388,0xf0,write8
47833923750,0x389,0x00,write8
47833975875,0x388,0x33,write8
47834074000,0x389,0x20,write8
47834125750,0x388,0x53,write8
47834223750,0x389,0x00,write8
47834275500,0x388,0x73,write8
47834373500,0x389,0xd6,write8
47834425250,0x388,0x93,write8
47834523250,0x389,0xff,write8
47834574875,0x388,0xf3,write8
47834672875,0x389,0x00,write8
47834728625,0x388,0xa6,write8
47834826625,0x389,0x90,write8
47834878250,0x388,0xb6,write8
47834976250,0x389,0x27,write8
47839283375,0x388,0xb7,write8
47839381500,0x389,0x12,write8
47839434125,0x388,0xc7,write8
47839532125,0x389,0x0a,write8
47839584250,0x388,0x31,write8
47839682250,0x389,0x22,write8
47839734000,0x388,0x51,write8
47839832000,0x389,0x19,write8
47839883625,0x388,0x71,write8
47839981625,0x389,0xc6,write8
47840033500,0x388,0x91,write8
47840131500,0x389,0x77,write8
47840183250,0x388,0xf1,write8
47840281125,0x389,0x00,write8
47840333125,0x388,0x34,write8
47840430750,0x389,0x22,write8
47840482250,0x388,0x54,write8
47840579875,0x389,0x40,write8
47840631500,0x388,0x74,write8
47840729250,0x389,0xf4,write8
47840780750,0x388,0x94,write8
47840878375,0x389,0xf7,write8
47840929875,0x388,0xf4,write8
47841027625,0x389,0x00,write8
47841082500,0x388,0xa7,write8
47841180125,0x389,0x5e,write8
47841231500,0x388,0xb7,write8
47841329125,0x389,0x23,write8
47862518250,0x388,0xb3,write8
47862616250,0x389,0x0b,write8
47870970125,0x388,0xb4,write8
47871068250,0x389,0x0a,write8
47873086625,0x388,0xb6,write8
47873184625,0x389,0x07,write8
47879419875,0x388,0xb1,write8
47879518000,0x389,0x0e,write8
47879573750,0x388,0xb0,write8
47879671750,0x389,0x12,write8
47881536250,0x388,0xb2,write8
47881634250,0x389,0x0e,write8
47906891875,0x388,0xb5,write8
47906989875,0x389,0x0a,write8
47921679625,0x388,0xb7,write8
47921777625,0x389,0x03,write8
47995672375,0x388,0xb0,write8
47995770375,0x389,0x12,write8
47995823125,0x388,0xc0,write8
47995921125,0x389,0x0a,write8
47995973125,0x388,0x20,write8
47996071250,0x389,0x28,write8
47996123000,0x388,0x40,write8
47996221000,0x389,0x2b,write8
47996272750,0x388,0x60,write8
47996370750,0x389,0xe6,write8
47996422375,0x388,0x80,write8
47996520500,0x389,0x97,write8
47996572125,0x388,0xe0,write8
47996670125,0x389,0x02,write8
47996722375,0x388,0x23,write8
47996820375,0x389,0x22,write8
47996872125,0x388,0x43,write8
47996970125,0x389,0x08,write8
47997021875,0x388,0x63,write8
47997119875,0x389,0xf6,write8
47997171625,0x388,0x83,write8
47997269375,0x389,0xf7,write8
47997320875,0x388,0xe3,write8
47997418500,0x389,0x00,write8
47997474625,0x388,0xa0,write8
47997572375,0x389,0x85,write8
47997623750,0x388,0xb0,write8
47997721500,0x389,0x2a,write8
47997779375,0x388,0xb1,write8
47997877000,0x389,0x0e,write8
47997929500,0x388,0xc1,write8
47998027250,0x389,0x0a,write8
47998079125,0x388,0x21,write8
47998176750,0x389,0x28,write8
47998228250,0x388,0x41,write8
47998325875,0x389,0x2b,write8
47998377375,0x388,0x61,write8
47998475000,0x389,0xe6,write8
47998526500,0x388,0x81,write8
47998624125,0x389,0x97,write8
47998675625,0x388,0xe1,write8
47998773500,0x389,0x02,write8
47998825750,0x388,0x24,write8
47998923750,0x389,0x22,write8
47998975500,0x388,0x44,write8
47999073625,0x389,0x08,write8
47999125250,0x388,0x64,write8
47999223375,0x389,0xf6,write8
47999275000,0x388,0x84,write8
47999373000,0x389,0xf7,write8
47999424750,0x388,0xe4,write8
47999522750,0x389,0x00,write8
47999579125,0x388,0xa1,write8
47999677125,0x389,0x5e,write8
47999728625,0x388,0xb1,write8
47999826750,0x389,0x2b,write8
47999885250,0x388,0xb2,write8
47999983250,0x389,0x0e,write8
48000036125,0x388,0xc2,write8
48000134125,0x389,0x0e,write8
48000186250,0x388,0x22,write8
48000284250,0x389,0xe6,write8
48000336000,0x388,0x42,write8
48000434000,0x389,0xe7,write8
48000485625,0x388,0x62,write8
48000583625,0x389,0x80,write8
48000635375,0x388,0x82,write8
48000733375,0x389,0x01,write8
48000785125,0x388,0xe2,write8
48000883125,0x389,0x00,write8
48000935250,0x388,0x25,write8
48001033500,0x389,0xe4,write8
48001085125,0x388,0x45,write8
48001183125,0x389,0x8d,write8
48001234875,0x388,0x65,write8
48001332875,0x389,0xf5,write8
48001384625,0x388,0x85,write8
48001482625,0x389,0x07,write8
48001534250,0x388,0xe5,write8
48001632250,0x389,0x00,write8
48001688625,0x388,0xa2,write8
48001786625,0x389,0x85,write8
48001838250,0x388,0xb2,write8
48001936250,0x389,0x2a,write8
48001995375,0x388,0xb3,write8
48002093500,0x389,0x0b,write8
48002146250,0x388,0xc3,write8
48002244250,0x389,0x0e,write8
48002296250,0x388,0x28,write8
48002394250,0x389,0xe6,write8
48002446000,0x388,0x48,write8
48002544000,0x389,0xe7,write8
48002595750,0x388,0x68,write8
48002693750,0x389,0x80,write8
48002745375,0x388,0x88,write8
48002843375,0x389,0x01,write8
48002895125,0x388,0xe8,write8
48002993125,0x389,0x00,write8
48003045500,0x388,0x2b,write8
48003143500,0x389,0xe4,write8
48003195250,0x388,0x4b,write8
48003293250,0x389,0x8d,write8
48003344875,0x388,0x6b,write8
48003442875,0x389,0xf5,write8
48003494625,0x388,0x8b,write8
48003592625,0x389,0x07,write8
48003644375,0x388,0xeb,write8
48003742375,0x389,0x00,write8
48003799375,0x388,0xa3,write8
48003897375,0x389,0x00,write8
48003948875,0x388,0xb3,write8
48004047000,0x389,0x2e,write8
48004106625,0x388,0xb4,write8
48004204625,0x389,0x0a,write8
48004257375,0x388,0xc4,write8
48004355375,0x389,0x0e,write8
48004407500,0x388,0x29,write8
48004505500,0x389,0xe6,write8
48004557125,0x388,0x49,write8
48004655125,0x389,0xe7,write8
48004706875,0x388,0x69,write8
48004804875,0x389,0x80,write8
48004856625,0x388,0x89,write8
48004954625,0x389,0x01,write8
48005006500,0x388,0xe9,write8
48005104500,0x389,0x00,write8
48005156625,0x388,0x2c,write8
48005254625,0x389,0xe4,write8
48005306375,0x388,0x4c,write8
48005404375,0x389,0x8d,write8
48005456125,0x388,0x6c,write8
48005554125,0x389,0xf5,write8
48005605750,0x388,0x8c,write8
48005703750,0x389,0x07,write8
48005755500,0x388,0xec,write8
48005853500,0x389,0x00,write8
48005909875,0x388,0xa4,write8
48006008000,0x389,0x5e,write8
48006059625,0x388,0xb4,write8
48006157625,0x389,0x2b,write8
48006217750,0x388,0xb5,write8
48006315750,0x389,0x0a,write8
48006368375,0x388,0xc5,write8
48006466375,0x389,0x00,write8
48006518500,0x388,0x2a,write8
48006616500,0x389,0x00,write8
48006668250,0x388,0x4a,write8
48006766250,0x389,0x0c,write8
48006818000,0x388,0x6a,write8
48006916000,0x389,0xc8,write8
48006967625,0x388,0x8a,write8
48007065750,0x389,0x4c,write8
48007117500,0x388,0xea,write8
48007215500,0x389,0x00,write8
48007267750,0x388,0x2d,write8
48007365750,0x389,0x20,write8
48007417375,0x388,0x4d,write8
48007515500,0x389,0x00,write8
48007567125,0x388,0x6d,write8
48007665125,0x389,0xd6,write8
48007716875,0x388,0x8d,write8
48007814875,0x389,0xff,write8
48007866625,0x388,0xed,write8
48007964625,0x389,0x00,write8
48008020375,0x388,0xa5,write8
48008118375,0x389,0x90,write8
48008170000,0x388,0xb5,write8
48008268000,0x389,0x27,write8
48008328625,0x388,0xb6,write8
48008426625,0x389,0x07,write8
48008479375,0x388,0xc6,write8
48008577375,0x389,0x08,write8
48008629500,0x388,0x30,write8
48008727500,0x389,0x20,write8
48008779125,0x388,0x50,write8
48008877125,0x389,0x24,write8
48008928875,0x388,0x70,write8
48009027000,0x389,0x62,write8
48009078750,0x388,0x90,write8
48009176750,0x389,0x75,write8
48009228375,0x388,0xf0,write8
48009326375,0x389,0x01,write8
48009378625,0x388,0x33,write8
48009476625,0x389,0x22,write8
48009528375,0x388,0x53,write8
48009626375,0x389,0x02,write8
48009678125,0x388,0x73,write8
48009776125,0x389,0xa8,write8
48009827750,0x388,0x93,write8
48009925750,0x389,0xf5,write8
48009977500,0x388,0xf3,write8
48010075625,0x389,0x00,write8
48010132000,0x388,0xa6,write8
48010230000,0x389,0x85,write8
48010281625,0x388,0xb6,write8
48010379625,0x389,0x2a,write8
48010440750,0x388,0xb7,write8
48010538750,0x389,0x03,write8
48010591375,0x388,0xc7,write8
48010689375,0x389,0x00,write8
48010741500,0x388,0x31,write8
48010839500,0x389,0x20,write8
48010891250,0x388,0x51,write8
48010989250,0x389,0x00,write8
48011041000,0x388,0x71,write8
48011139125,0x389,0xfa,write8
48011190750,0x388,0x91,write8
48011288750,0x389,0x6a,write8
48011340500,0x388,0xf1,write8
48011438500,0x389,0x00,write8
48011490625,0x388,0x34,write8
48011588250,0x389,0x26,write8
48011639750,0x388,0x54,write8
48011737375,0x389,0x07,write8
48011788875,0x388,0x74,write8
48011886625,0x389,0xaa,write8
48011938250,0x388,0x94,write8
48012036000,0x389,0xfa,write8
48012087500,0x388,0xf4,write8
48012185125,0x389,0x00,write8
48012241875,0x388,0xa7,write8
48012339500,0x389,0x85,write8
48012390875,0x388,0xb7,write8
48012488500,0x389,0x2e,write8
48016759500,0x388,0xb8,write8
48016857500,0x389,0x12,write8
48016910250,0x388,0xc8,write8
48017008375,0x389,0x0a,write8
48017060500,0x388,0x32,write8
48017158500,0x389,0x22,write8
48017210250,0x388,0x52,write8
48017308250,0x389,0x19,write8
48017359875,0x388,0x72,write8
48017457875,0x389,0xc6,write8
48017509625,0x388,0x92,write8
48017607625,0x389,0x77,write8
48017659375,0x388,0xf2,write8
48017757375,0x389,0x00,write8
48017809500,0x388,0x35,write8
48017907625,0x389,0x22,write8
48017959250,0x388,0x55,write8
48018057375,0x389,0x40,write8
48018109125,0x388,0x75,write8
48018207125,0x389,0xf4,write8
48018258875,0x388,0x95,write8
48018356875,0x389,0xf7,write8
48018408500,0x388,0xf5,write8
48018506500,0x389,0x00,write8
48018561625,0x388,0xa8,write8
48018659625,0x389,0x5e,write8
48018711250,0x388,0xb8,write8
48018809250,0x389,0x23,write8
48052677500,0x388,0xb5,write8
48052775500,0x389,0x07,write8
48052834875,0x388,0xb7,write8
48052932875,0x389,0x0e,write8
48082255125,0x388,0xb1,write8
48082353250,0x389,0x0b,write8
48107612125,0x388,0xb6,write8
48107710250,0x389,0x0a,write8
48120285625,0x388,0xb0,write8
48120383625,0x389,0x0a,write8
48120441750,0x388,0xb4,write8
48120539750,0x389,0x0b,write8
48126622750,0x388,0xb2,write8
48126720375,0x389,0x0a,write8
48128738500,0x388,0xb3,write8
48128836500,0x389,0x0e,write8
48177331250,0x388,0xb0,write8
48177429375,0x389,0x0a,write8
48177482000,0x388,0xc0,write8
48177580000,0x389,0x0a,write8
48177632125,0x388,0x20,write8
48177730125,0x389,0x28,write8
48177781875,0x388,0x40,write8
48177879875,0x389,0x2b,write8
48177931500,0x388,0x60,write8
48178029625,0x389,0xe6,write8
48178081375,0x388,0x80,write8
48178179375,0x389,0x97,write8
48178231125,0x388,0xe0,write8
48178329125,0x389,0x02,write8
48178381250,0x388,0x23,write8
48178479375,0x389,0x22,write8
48178531000,0x388,0x43,write8
48178629000,0x389,0x08,write8
48178680750,0x388,0x63,write8
48178778750,0x389,0xf6,write8
48178830500,0x388,0x83,write8
48178928500,0x389,0xf7,write8
48178980125,0x388,0xe3,write8
48179078250,0x389,0x00,write8
48179135250,0x388,0xa0,write8
48179233250,0x389,0x85,write8
48179284875,0x388,0xb0,write8
48179382875,0x389,0x2e,write8
48230153375,0x388,0xb0,write8
48230251375,0x389,0x0e,write8
48280907875,0x388,0xb8,write8
48281006000,0x389,0x03,write8
48342132625,0x388,0xb0,write8
48342230625,0x389,0x0e,write8
48342283250,0x388,0xc0,write8
48342381250,0x389,0x0a,write8
48342433375,0x388,0x20,write8
48342531375,0x389,0x28,write8
48342583125,0x388,0x40,write8
48342681125,0x389,0x2b,write8
48342732750,0x388,0x60,write8
48342830875,0x389,0xe6,write8
48342882500,0x388,0x80,write8
48342980500,0x389,0x97,write8
48343032375,0x388,0xe0,write8
48343130375,0x389,0x02,write8
48343182625,0x388,0x23,write8
48343280625,0x389,0x22,write8
48343332250,0x388,0x43,write8
48343430250,0x389,0x08,write8
48343482000,0x388,0x63,write8
48343580000,0x389,0xf6,write8
48343631750,0x388,0x83,write8
48343729750,0x389,0xf7,write8
48343781375,0x388,0xe3,write8
48343879500,0x389,0x00,write8
48343936375,0x388,0xa0,write8
48344034500,0x389,0x00,write8
48344086125,0x388,0xb0,write8
48344184125,0x389,0x2e,write8
48388613250,0x388,0xb0,write8
48388711250,0x389,0x0e,write8
48506934125,0x388,0xb0,write8
48507032250,0x389,0x0e,write8
48507084875,0x388,0xc0,write8
48507182875,0x389,0x0a,write8
48507235000,0x388,0x20,write8
48507333000,0x389,0x28,write8
48507384750,0x388,0x40,write8
48507482750,0x389,0x2b,write8
48507534500,0x388,0x60,write8
48507632500,0x389,0xe6,write8
48507684125,0x388,0x80,write8
48507782125,0x389,0x97,write8
48507833875,0x388,0xe0,write8
48507931875,0x389,0x02,write8
48507984125,0x388,0x23,write8
48508082250,0x389,0x22,write8
48508133875,0x388,0x43,write8
48508231875,0x389,0x08,write8
48508283625,0x388,0x63,write8
48508381625,0x389,0xf6,write8
48508433375,0x388,0x83,write8
48508531375,0x389,0xf7,write8
48508583125,0x388,0xe3,write8
48508681125,0x389,0x00,write8
48508737375,0x388,0xa0,write8
48508835375,0x389,0x5e,write8
48508887000,0x388,0xb0,write8
48508985000,0x389,0x2b,write8
48509043250,0x388,0xb1,write8
48509141250,0x389,0x0b,write8
48509194000,0x388,0xc1,write8
48509292000,0x389,0x0e,write8
48509344000,0x388,0x21,write8
48509442125,0x389,0xe6,write8
48509493750,0x388,0x41,write8
48509591750,0x389,0xe7,write8
48509643500,0x388,0x61,write8
48509741500,0x389,0x80,write8
48509793250,0x388,0x81,write8
48509891250,0x389,0x01,write8
48509942875,0x388,0xe1,write8
48510041000,0x389,0x00,write8
48510093250,0x388,0x24,write8
48510191250,0x389,0xe4,write8
48510243000,0x388,0x44,write8
48510341000,0x389,0x8d,write8
48510392625,0x388,0x64,write8
48510490750,0x389,0xf5,write8
48510542375,0x388,0x84,write8
48510640375,0x389,0x07,write8
48510692125,0x388,0xe4,write8
48510790125,0x389,0x00,write8
48510847125,0x388,0xa1,write8
48510944750,0x389,0x00,write8
48510996125,0x388,0xb1,write8
48511093875,0x389,0x2e,write8
48511152250,0x388,0xb2,write8
48511250000,0x389,0x0a,write8
48511302625,0x388,0xc2,write8
48511400250,0x389,0x0e,write8
48511452125,0x388,0x22,write8
48511549750,0x389,0xe6,write8
48511601250,0x388,0x42,write8
48511698875,0x389,0xe7,write8
48511750375,0x388,0x62,write8
48511848000,0x389,0x80,write8
48511899500,0x388,0x82,write8
48511997125,0x389,0x01,write8
48512048750,0x388,0xe2,write8
48512146375,0x389,0x00,write8
48512198375,0x388,0x25,write8
48512296000,0x389,0xe4,write8
48512347500,0x388,0x45,write8
48512445500,0x389,0x8d,write8
48512497250,0x388,0x65,write8
48512595250,0x389,0xf5,write8
48512646875,0x388,0x85,write8
48512745000,0x389,0x07,write8
48512796625,0x388,0xe5,write8
48512894625,0x389,0x00,write8
48512951000,0x388,0xa2,write8
48513049125,0x389,0x85,write8
48513100750,0x388,0xb2,write8
48513198750,0x389,0x2a,write8
48513257750,0x388,0xb3,write8
48513355875,0x389,0x0e,write8
48513408500,0x388,0xc3,write8
48513506500,0x389,0x0e,write8
48513558625,0x388,0x28,write8
48513656625,0x389,0xe6,write8
48513708375,0x388,0x48,write8
48513806375,0x389,0xe7,write8
48513858125,0x388,0x68,write8
48513956125,0x389,0x80,write8
48514007875,0x388,0x88,write8
48514105875,0x389,0x01,write8
48514157625,0x388,0xe8,write8
48514255625,0x389,0x00,write8
48514307875,0x388,0x2b,write8
48514405875,0x389,0xe4,write8
48514457500,0x388,0x4b,write8
48514555500,0x389,0x8d,write8
48514607250,0x388,0x6b,write8
48514705250,0x389,0xf5,write8
48514757000,0x388,0x8b,write8
48514855000,0x389,0x07,write8
48514906750,0x388,0xeb,write8
48515004750,0x389,0x00,write8
48515061000,0x388,0xa3,write8
48515159000,0x389,0x5e,write8
48515210625,0x388,0xb3,write8
48515308625,0x389,0x2b,write8
48515368125,0x388,0xb4,write8
48515466250,0x389,0x0b,write8
48515519000,0x388,0xc4,write8
48515617000,0x389,0x00,write8
48515669125,0x388,0x29,write8
48515767125,0x389,0x20,write8
48515818750,0x388,0x49,write8
48515916750,0x389,0x00,write8
48515968500,0x388,0x69,write8
48516066625,0x389,0xfa,write8
48516118375,0x388,0x89,write8
48516216375,0x389,0x6a,write8
48516268000,0x388,0xe9,write8
48516366000,0x389,0x00,write8
48516418250,0x388,0x2c,write8
48516516250,0x389,0x26,write8
48516568000,0x388,0x4c,write8
48516666000,0x389,0x07,write8
48516717750,0x388,0x6c,write8
48516815750,0x389,0xaa,write8
48516867375,0x388,0x8c,write8
48516965375,0x389,0xfa,write8
48517017250,0x388,0xec,write8
48517115250,0x389,0x00,write8
48517172250,0x388,0xa4,write8
48517270250,0x389,0x85,write8
48517321875,0x388,0xb4,write8
48517419875,0x389,0x2e,write8
48549193625,0x388,0xb3,write8
48549291625,0x389,0x0b,write8
48555529500,0x388,0xb4,write8
48555627500,0x389,0x0e,write8
48561869750,0x388,0xb2,write8
48561967750,0x389,0x0a,write8
48563979500,0x388,0xb1,write8
48564077625,0x389,0x0e,write8
48580881625,0x388,0xb0,write8
48580979625,0x389,0x0b,write8
48682299375,0x388,0xb0,write8
48682397000,0x389,0x0b,write8
48682449625,0x388,0xc0,write8
48682547375,0x389,0x0e,write8
48682599250,0x388,0x20,write8
48682696875,0x389,0xe6,write8
48682748375,0x388,0x40,write8
48682846000,0x389,0xe7,write8
48682897500,0x388,0x60,write8
48682995125,0x389,0x80,write8
48683046750,0x388,0x80,write8
48683144375,0x389,0x01,write8
48683195875,0x388,0xe0,write8
48683293500,0x389,0x00,write8
48683345500,0x388,0x23,write8
48683443125,0x389,0xe4,write8
48683494625,0x388,0x43,write8
48683592250,0x389,0x8d,write8
48683644125,0x388,0x63,write8
48683742125,0x389,0xf5,write8
48683793750,0x388,0x83,write8
48683891750,0x389,0x07,write8
48683943500,0x388,0xe3,write8
48684041625,0x389,0x00,write8
48684098625,0x388,0xa0,write8
48684196625,0x389,0x00,write8
48684248250,0x388,0xb0,write8
48684346250,0x389,0x2e,write8
48684404250,0x388,0xb1,write8
48684502375,0x389,0x0e,write8
48684555000,0x388,0xc1,write8
48684653000,0x389,0x0e,write8
48684705125,0x388,0x21,write8
48684803125,0x389,0xe6,write8
48684854875,0x388,0x41,write8
48684952875,0x389,0xe7,write8
48685004625,0x388,0x61,write8
48685102625,0x389,0x80,write8
48685154375,0x388,0x81,write8
48685252375,0x389,0x01,write8
48685304125,0x388,0xe1,write8
48685402125,0x389,0x00,write8
48685454250,0x388,0x24,write8
48685552375,0x389,0xe4,write8
48685604000,0x388,0x44,write8
48685702000,0x389,0x8d,write8
48685753750,0x388,0x64,write8
48685851750,0x389,0xf5,write8
48685903500,0x388,0x84,write8
48686001625,0x389,0x07,write8
48686053250,0x388,0xe4,write8
48686151250,0x389,0x00,write8
48686207625,0x388,0xa1,write8
48686305625,0x389,0x85,write8
48686357250,0x388,0xb1,write8
48686455250,0x389,0x2a,write8
48686513875,0x388,0xb2,write8
48686611875,0x389,0x0a,write8
48686664625,0x388,0xc2,write8
48686762625,0x389,0x0e,write8
48686814625,0x388,0x22,write8
48686912625,0x389,0xe6,write8
48686964375,0x388,0x42,write8
48687062500,0x389,0xe7,write8
48687114250,0x388,0x62,write8
48687212250,0x389,0x80,write8
48687263875,0x388,0x82,write8
48687362000,0x389,0x01,write8
48687413625,0x388,0xe2,write8
48687511625,0x389,0x00,write8
48687563875,0x388,0x25,write8
48687661875,0x389,0xe4,write8
48687713625,0x388,0x45,write8
48687811625,0x389,0x8d,write8
48687863250,0x388,0x65,write8
48687961250,0x389,0xf5,write8
48688013125,0x388,0x85,write8
48688111125,0x389,0x07,write8
48688162875,0x388,0xe5,write8
48688260875,0x389,0x00,write8
48688317250,0x388,0xa2,write8
48688415250,0x389,0x5e,write8
48688466750,0x388,0xb2,write8
48688564750,0x389,0x2b,write8
48688623750,0x388,0xb3,write8
48688721875,0x389,0x0b,write8
48688774625,0x388,0xc3,write8
48688872625,0x389,0x0a,write8
48688924750,0x388,0x28,write8
48689022875,0x389,0x28,write8
48689074500,0x388,0x48,write8
48689172500,0x389,0x2b,write8
48689224250,0x388,0x68,write8
48689322250,0x389,0xe6,write8
48689374000,0x388,0x88,write8
48689472000,0x389,0x97,write8
48689523750,0x388,0xe8,write8
48689621750,0x389,0x02,write8
48689673875,0x388,0x2b,write8
48689771875,0x389,0x22,write8
48689823625,0x388,0x4b,write8
48689921625,0x389,0x08,write8
48689973375,0x388,0x6b,write8
48690071500,0x389,0xf6,write8
48690123125,0x388,0x8b,write8
48690221125,0x389,0xf7,write8
48690272875,0x388,0xeb,write8
48690370875,0x389,0x00,write8
48690427250,0x388,0xa3,write8
48690525250,0x389,0x00,write8
48690576875,0x388,0xb3,write8
48690674875,0x389,0x2a,write8
48722446000,0x388,0xb3,write8
48722544000,0x389,0x0a,write8
48758360000,0x388,0xb0,write8
48758458000,0x389,0x0e,write8
48762586750,0x388,0xb2,write8
48762684750,0x389,0x0b,write8
48764744125,0x388,0xb1,write8
48764842125,0x389,0x0a,write8
48853442000,0x388,0xb0,write8
48853539625,0x389,0x0e,write8
48853592125,0x388,0xc0,write8
48853689875,0x389,0x0a,write8
48853741875,0x388,0x20,write8
48853839500,0x389,0x28,write8
48853891000,0x388,0x40,write8
48853988625,0x389,0x2b,write8
48854040250,0x388,0x60,write8
48854137875,0x389,0xe6,write8
48854189375,0x388,0x80,write8
48854287000,0x389,0x97,write8
48854338500,0x388,0xe0,write8
48854436125,0x389,0x02,write8
48854488125,0x388,0x23,write8
48854585750,0x389,0x22,write8
48854637250,0x388,0x43,write8
48854734875,0x389,0x08,write8
48854786375,0x388,0x63,write8
48854884375,0x389,0xf6,write8
48854936125,0x388,0x83,write8
48855034250,0x389,0xf7,write8
48855086000,0x388,0xe3,write8
48855184000,0x389,0x00,write8
48855239625,0x388,0xa0,write8
48855337750,0x389,0x00,write8
48855389250,0x388,0xb0,write8
48855487250,0x389,0x27,write8
48855545375,0x388,0xb1,write8
48855643375,0x389,0x0a,write8
48855696125,0x388,0xc1,write8
48855794125,0x389,0x00,write8
48855846250,0x388,0x21,write8
48855944250,0x389,0x20,write8
48855995875,0x388,0x41,write8
48856094000,0x389,0x00,write8
48856145750,0x388,0x61,write8
48856243750,0x389,0xfa,write8
48856295500,0x388,0x81,write8
48856393500,0x389,0x6a,write8
48856445125,0x388,0xe1,write8
48856543125,0x389,0x00,write8
48856595375,0x388,0x24,write8
48856693375,0x389,0x26,write8
48856745125,0x388,0x44,write8
48856843125,0x389,0x07,write8
48856894875,0x388,0x64,write8
48856992875,0x389,0xaa,write8
48857044625,0x388,0x84,write8
48857142625,0x389,0xfa,write8
48857194375,0x388,0xe4,write8
48857292375,0x389,0x00,write8
48857349375,0x388,0xa1,write8
48857447375,0x389,0x85,write8
48857499000,0x388,0xb1,write8
48857597000,0x389,0x2e,write8
48895697750,0x388,0xb1,write8
48895795750,0x389,0x0e,write8
48965418125,0x388,0xb0,write8
48965516125,0x389,0x07,write8
49022469125,0x388,0xb0,write8
49022567125,0x389,0x07,write8
49022619875,0x388,0xc0,write8
49022717875,0x389,0x0a,write8
49022769875,0x388,0x20,write8
49022868000,0x389,0x28,write8
49022919625,0x388,0x40,write8
49023017750,0x389,0x2b,write8
49023069500,0x388,0x60,write8
49023167500,0x389,0xe6,write8
49023219250,0x388,0x80,write8
49023317250,0x389,0x97,write8
49023368875,0x388,0xe0,write8
49023466875,0x389,0x02,write8
49023519125,0x388,0x23,write8
49023617125,0x389,0x22,write8
49023668875,0x388,0x43,write8
49023766875,0x389,0x08,write8
49023818500,0x388,0x63,write8
49023916625,0x389,0xf6,write8
49023968250,0x388,0x83,write8
49024066375,0x389,0xf7,write8
49024118125,0x388,0xe3,write8
49024216125,0x389,0x00,write8
49024272500,0x388,0xa0,write8
49024370500,0x389,0x00,write8
49024422000,0x388,0xb0,write8
49024520000,0x389,0x2b,write8
49024577875,0x388,0xb1,write8
49024675500,0x389,0x0e,write8
49024728000,0x388,0xc1,write8
49024825625,0x389,0x08,write8
49024877625,0x388,0x21,write8
49024975375,0x389,0x20,write8
49025027000,0x388,0x41,write8
49025124625,0x389,0x24,write8
49025176125,0x388,0x61,write8
49025273750,0x389,0x62,write8
49025325250,0x388,0x81,write8
49025422875,0x389,0x75,write8
49025474375,0x388,0xe1,write8
49025572000,0x389,0x01,write8
49025624000,0x388,0x24,write8
49025721625,0x389,0x22,write8
49025773125,0x388,0x44,write8
49025870750,0x389,0x02,write8
49025922250,0x388,0x64,write8
49026020000,0x389,0xa8,write8
49026071750,0x388,0x84,write8
49026169750,0x389,0xf5,write8
49026221500,0x388,0xe4,write8
49026319500,0x389,0x00,write8
49026375875,0x388,0xa1,write8
49026473875,0x389,0x85,write8
49026525500,0x388,0xb1,write8
49026623500,0x389,0x2a,write8
49045706375,0x388,0xb1,write8
49045804375,0x389,0x0a,write8
49111206625,0x388,0xb0,write8
49111304250,0x389,0x0b,write8
49183044625,0x388,0xb0,write8
49183142625,0x389,0x0b,write8
49183195375,0x388,0xc0,write8
49183293375,0x389,0x0a,write8
49183345500,0x388,0x20,write8
49183443500,0x389,0x22,write8
49183495125,0x388,0x40,write8
49183593125,0x389,0x19,write8
49183644875,0x388,0x60,write8
49183742875,0x389,0xc6,write8
49183794625,0x388,0x80,write8
49183892625,0x389,0x77,write8
49183944250,0x388,0xe0,write8
49184042375,0x389,0x00,write8
49184094625,0x388,0x23,write8
49184192625,0x389,0x22,write8
49184244375,0x388,0x43,write8
49184342375,0x389,0x40,write8
49184394125,0x388,0x63,write8
49184492125,0x389,0xf4,write8
49184543750,0x388,0x83,write8
49184641750,0x389,0xf7,write8
49184693500,0x388,0xe3,write8
49184791500,0x389,0x00,write8
49184846625,0x388,0xa0,write8
49184944625,0x389,0x00,write8
49184996250,0x388,0xb0,write8
49185094375,0x389,0x23,write8
49187270875,0x388,0xb1,write8
49187368875,0x389,0x0a,write8
49187421625,0x388,0xc1,write8
49187519625,0x389,0x0a,write8
49187571750,0x388,0x21,write8
49187669750,0x389,0x28,write8
49187721375,0x388,0x41,write8
49187819375,0x389,0x2b,write8
49187871125,0x388,0x61,write8
49187969125,0x389,0xe6,write8
49188021000,0x388,0x81,write8
49188119000,0x389,0x97,write8
49188170625,0x388,0xe1,write8
49188268625,0x389,0x02,write8
49188320875,0x388,0x24,write8
49188418875,0x389,0x22,write8
49188470625,0x388,0x44,write8
49188568625,0x389,0x08,write8
49188620375,0x388,0x64,write8
49188718375,0x389,0xf6,write8
49188770000,0x388,0x84,write8
49188868000,0x389,0xf7,write8
49188919750,0x388,0xe4,write8
49189017875,0x389,0x00,write8
49189074250,0x388,0xa1,write8
49189172250,0x389,0xc7,write8
49189223875,0x388,0xb1,write8
49189321875,0x389,0x2b,write8
49189380375,0x388,0xb2,write8
49189478500,0x389,0x0b,write8
49189531125,0x388,0xc2,write8
49189629125,0x389,0x0e,write8
49189681250,0x388,0x22,write8
49189779250,0x389,0xe6,write8
49189831000,0x388,0x42,write8
49189929000,0x389,0xe7,write8
49189980625,0x388,0x62,write8
49190078750,0x389,0x80,write8
49190130500,0x388,0x82,write8
49190228500,0x389,0x01,write8
49190280250,0x388,0xe2,write8
49190378250,0x389,0x00,write8
49190430500,0x388,0x25,write8
49190528500,0x389,0xe4,write8
49190580125,0x388,0x45,write8
49190678125,0x389,0x8d,write8
49190729875,0x388,0x65,write8
49190827875,0x389,0xf5,write8
49190879625,0x388,0x85,write8
49190977625,0x389,0x07,write8
49191029375,0x388,0xe5,write8
49191127375,0x389,0x00,write8
49191183750,0x388,0xa2,write8
49191281750,0x389,0x3f,write8
49191333375,0x388,0xb2,write8
49191431375,0x389,0x2a,write8
49191490500,0x388,0xb3,write8
49191588500,0x389,0x0a,write8
49191641250,0x388,0xc3,write8
49191739250,0x389,0x0e,write8
49191791250,0x388,0x28,write8
49191889250,0x389,0xe6,write8
49191941000,0x388,0x48,write8
49192039125,0x389,0xe7,write8
49192090875,0x388,0x68,write8
49192188875,0x389,0x80,write8
49192240500,0x388,0x88,write8
49192338625,0x389,0x01,write8
49192390250,0x388,0xe8,write8
49192488250,0x389,0x00,write8
49192540500,0x388,0x2b,write8
49192638500,0x389,0xe4,write8
49192690250,0x388,0x4b,write8
49192788250,0x389,0x8d,write8
49192839875,0x388,0x6b,write8
49192937875,0x389,0xf5,write8
49192989625,0x388,0x8b,write8
49193087750,0x389,0x07,write8
49193139500,0x388,0xeb,write8
49193237500,0x389,0x00,write8
49193293875,0x388,0xa3,write8
49193391875,0x389,0x00,write8
49193443375,0x388,0xb3,write8
49193541375,0x389,0x2b,write8
49193601000,0x388,0xb4,write8
49193699000,0x389,0x0e,write8
49193751750,0x388,0xc4,write8
49193849750,0x389,0x0e,write8
49193901875,0x388,0x29,write8
49193999875,0x389,0xe6,write8
49194051625,0x388,0x49,write8
49194149750,0x389,0xe7,write8
49194201375,0x388,0x69,write8
49194299375,0x389,0x80,write8
49194351125,0x388,0x89,write8
49194449125,0x389,0x01,write8
49194500875,0x388,0xe9,write8
49194598875,0x389,0x00,write8
49194651000,0x388,0x2c,write8
49194749000,0x389,0xe4,write8
49194800750,0x388,0x4c,write8
49194898750,0x389,0x8d,write8
49194950500,0x388,0x6c,write8
49195048625,0x389,0xf5,write8
49195100250,0x388,0x8c,write8
49195198375,0x389,0x07,write8
49195250000,0x388,0xec,write8
49195348000,0x389,0x00,write8
49195404375,0x388,0xa4,write8
49195502375,0x389,0xc7,write8
49195554000,0x388,0xb4,write8
49195652000,0x389,0x2b,write8
49195712125,0x388,0xb5,write8
49195809750,0x389,0x07,write8
49195862250,0x388,0xc5,write8
49195959875,0x389,0x08,write8
49196011875,0x388,0x2a,write8
49196109625,0x389,0x20,write8
49196161250,0x388,0x4a,write8
49196258875,0x389,0x24,write8
49196310375,0x388,0x6a,write8
49196408000,0x389,0x62,write8
49196459500,0x388,0x8a,write8
49196557125,0x389,0x75,write8
49196608625,0x388,0xea,write8
49196706250,0x389,0x01,write8
49196758250,0x388,0x2d,write8
49196855875,0x389,0x22,write8
49196907375,0x388,0x4d,write8
49197005125,0x389,0x02,write8
49197056625,0x388,0x6d,write8
49197154250,0x389,0xa8,write8
49197205750,0x388,0x8d,write8
49197303750,0x389,0xf5,write8
49197355375,0x388,0xed,write8
49197453500,0x389,0x00,write8
49197509750,0x388,0xa5,write8
49197607750,0x389,0x85,write8
49197659375,0x388,0xb5,write8
49197757375,0x389,0x2a,write8
49197817875,0x388,0xb6,write8
49197916000,0x389,0x0a,write8
49197968750,0x388,0xc6,write8
49198066875,0x389,0x00,write8
49198118875,0x388,0x30,write8
49198217000,0x389,0x00,write8
49198268625,0x388,0x50,write8
49198366625,0x389,0x0c,write8
49198418375,0x388,0x70,write8
49198516375,0x389,0xc8,write8
49198568125,0x388,0x90,write8
49198666125,0x389,0x4c,write8
49198717750,0x388,0xf0,write8
49198815750,0x389,0x00,write8
49198868000,0x388,0x33,write8
49198966000,0x389,0x20,write8
49199017875,0x388,0x53,write8
49199115875,0x389,0x00,write8
49199167500,0x388,0x73,write8
49199265625,0x389,0xd6,write8
49199317250,0x388,0x93,write8
49199415250,0x389,0xff,write8
49199467000,0x388,0xf3,write8
49199565000,0x389,0x00,write8
49199620750,0x388,0xa6,write8
49199718750,0x389,0x90,write8
49199770250,0x388,0xb6,write8
49199868375,0x389,0x27,write8
49199929250,0x388,0xb7,write8
49200027625,0x389,0x0e,write8
49200080250,0x388,0xc7,write8
49200178250,0x389,0x00,write8
49200230375,0x388,0x31,write8
49200328375,0x389,0x20,write8
49200380125,0x388,0x51,write8
49200478125,0x389,0x00,write8
49200529750,0x388,0x71,write8
49200627750,0x389,0xfa,write8
49200679500,0x388,0x91,write8
49200777500,0x389,0x6a,write8
49200829250,0x388,0xf1,write8
49200927250,0x389,0x00,write8
49200979375,0x388,0x34,write8
49201077625,0x389,0x26,write8
49201129250,0x388,0x54,write8
49201227250,0x389,0x07,write8
49201279000,0x388,0x74,write8
49201377000,0x389,0xaa,write8
49201428750,0x388,0x94,write8
49201526750,0x389,0xfa,write8
49201578375,0x388,0xf4,write8
49201676375,0x389,0x00,write8
49201733375,0x388,0xa7,write8
49201831375,0x389,0x85,write8
49201883000,0x388,0xb7,write8
49201981000,0x389,0x2e,write8
49223190625,0x388,0xb7,write8
49223288750,0x389,0x0e,write8
49237977250,0x388,0xb6,write8
49238075250,0x389,0x07,write8
49256993375,0x388,0xb2,write8
49257091500,0x389,0x0a,write8
49263329875,0x388,0xb3,write8
49263427875,0x389,0x0b,write8
49263484125,0x388,0xb1,write8
49263582250,0x389,0x0b,write8
49265446000,0x388,0xb4,write8
49265544000,0x389,0x0b,write8
49265602375,0x388,0xb5,write8
49265700375,0x389,0x0a,write8
49273895125,0x388,0xb0,write8
49273993125,0x389,0x03,write8
49352069000,0x388,0xb0,write8
49352167000,0x389,0x03,write8
49352219750,0x388,0xc0,write8
49352317750,0x389,0x0a,write8
49352369875,0x388,0x20,write8
49352467875,0x389,0x22,write8
49352519500,0x388,0x40,write8
49352617500,0x389,0x19,write8
49352669250,0x388,0x60,write8
49352766875,0x389,0xc6,write8
49352818375,0x388,0x80,write8
49352916000,0x389,0x77,write8
49352967500,0x388,0xe0,write8
49353065375,0x389,0x00,write8
49353117500,0x388,0x23,write8
49353215125,0x389,0x22,write8
49353266625,0x388,0x43,write8
49353364250,0x389,0x40,write8
49353415750,0x388,0x63,write8
49353513375,0x389,0xf4,write8
49353564875,0x388,0x83,write8
49353662500,0x389,0xf7,write8
49353714000,0x388,0xe3,write8
49353811625,0x389,0x00,write8
49353866500,0x388,0xa0,write8
49353964125,0x389,0x00,write8
49354015625,0x388,0xb0,write8
49354113250,0x389,0x23,write8
49356295125,0x388,0xb1,write8
49356393125,0x389,0x0b,write8
49356445875,0x388,0xc1,write8
49356543875,0x389,0x0a,write8
49356596000,0x388,0x21,write8
49356694000,0x389,0x28,write8
49356745625,0x388,0x41,write8
49356843625,0x389,0x2b,write8
49356895375,0x388,0x61,write8
49356993375,0x389,0xe6,write8
49357045250,0x388,0x81,write8
49357143250,0x389,0x97,write8
49357194875,0x388,0xe1,write8
49357292875,0x389,0x02,write8
49357345125,0x388,0x24,write8
49357443125,0x389,0x22,write8
49357494875,0x388,0x44,write8
49357592875,0x389,0x08,write8
49357644625,0x388,0x64,write8
49357742625,0x389,0xf6,write8
49357794250,0x388,0x84,write8
49357892250,0x389,0xf7,write8
49357944000,0x388,0xe4,write8
49358042125,0x389,0x00,write8
49358098500,0x388,0xa1,write8
49358196500,0x389,0x00,write8
49358248125,0x388,0xb1,write8
49358346125,0x389,0x2b,write8
49358404625,0x388,0xb2,write8
49358502750,0x389,0x0a,write8
49358555375,0x388,0xc2,write8
49358653375,0x389,0x0a,write8
49358705500,0x388,0x22,write8
49358803500,0x389,0x28,write8
49358855250,0x388,0x42,write8
49358953250,0x389,0x2b,write8
49359005000,0x388,0x62,write8
49359103000,0x389,0xe6,write8
49359154750,0x388,0x82,write8
49359252750,0x389,0x97,write8
49359304500,0x388,0xe2,write8
49359402500,0x389,0x02,write8
49359454750,0x388,0x25,write8
49359552750,0x389,0x22,write8
49359604375,0x388,0x45,write8
49359702375,0x389,0x08,write8
49359754125,0x388,0x65,write8
49359852125,0x389,0xf6,write8
49359903875,0x388,0x85,write8
49360002000,0x389,0xf7,write8
49360053625,0x388,0xe5,write8
49360151625,0x389,0x00,write8
49360208000,0x388,0xa2,write8
49360306000,0x389,0x3f,write8
49360357625,0x388,0xb2,write8
49360455625,0x389,0x2a,write8
49360514750,0x388,0xb3,write8
49360612750,0x389,0x0b,write8
49360665500,0x388,0xc3,write8
49360763500,0x389,0x0e,write8
49360815500,0x388,0x28,write8
49360913500,0x389,0xe6,write8
49360965250,0x388,0x48,write8
49361063375,0x389,0xe7,write8
49361115125,0x388,0x68,write8
49361213125,0x389,0x80,write8
49361264750,0x388,0x88,write8
49361362875,0x389,0x01,write8
49361414500,0x388,0xe8,write8
49361512500,0x389,0x00,write8
49361564750,0x388,0x2b,write8
49361662750,0x389,0xe4,write8
49361714500,0x388,0x4b,write8
49361812500,0x389,0x8d,write8
49361864125,0x388,0x6b,write8
49361962125,0x389,0xf5,write8
49362014000,0x388,0x8b,write8
49362112000,0x389,0x07,write8
49362163750,0x388,0xeb,write8
49362261750,0x389,0x00,write8
49362318125,0x388,0xa3,write8
49362416125,0x389,0x00,write8
49362467625,0x388,0xb3,write8
49362565625,0x389,0x2b,write8
49362625250,0x388,0xb4,write8
49362723250,0x389,0x0b,write8
49362776000,0x388,0xc4,write8
49362874000,0x389,0x0e,write8
49362926125,0x388,0x29,write8
49363024250,0x389,0xe6,write8
49363075875,0x388,0x49,write8
49363174000,0x389,0xe7,write8
49363225625,0x388,0x69,write8
49363323625,0x389,0x80,write8
49363375375,0x388,0x89,write8
49363473375,0x389,0x01,write8
49363525125,0x388,0xe9,write8
49363623125,0x389,0x00,write8
49363675250,0x388,0x2c,write8
49363773250,0x389,0xe4,write8
49363825000,0x388,0x4c,write8
49363923000,0x389,0x8d,write8
49363974750,0x388,0x6c,write8
49364072875,0x389,0xf5,write8
49364124500,0x388,0x8c,write8
49364222625,0x389,0x07,write8
49364274250,0x388,0xec,write8
49364372250,0x389,0x00,write8
49364428625,0x388,0xa4,write8
49364526625,0x389,0xc7,write8
49364578250,0x388,0xb4,write8
49364676250,0x389,0x2b,write8
49364736375,0x388,0xb5,write8
49364834375,0x389,0x0a,write8
49364887000,0x388,0xc5,write8
49364985125,0x389,0x0e,write8
49365037250,0x388,0x2a,write8
49365135250,0x389,0xe6,write8
49365187000,0x388,0x4a,write8
49365285000,0x389,0xe7,write8
49365336750,0x388,0x6a,write8
49365434750,0x389,0x80,write8
49365486375,0x388,0x8a,write8
49365584375,0x389,0x01,write8
49365636125,0x388,0xea,write8
49365734125,0x389,0x00,write8
49365786375,0x388,0x2d,write8
49365884375,0x389,0xe4,write8
49365936000,0x388,0x4d,write8
49366034250,0x389,0x8d,write8
49366085875,0x388,0x6d,write8
49366183875,0x389,0xf5,write8
49366235625,0x388,0x8d,write8
49366333625,0x389,0x07,write8
49366385375,0x388,0xed,write8
49366483375,0x389,0x00,write8
49366539625,0x388,0xa5,write8
49366637750,0x389,0x3f,write8
49366689250,0x388,0xb5,write8
49366787250,0x389,0x2a,write8
49366847875,0x388,0xb6,write8
49366945875,0x389,0x07,write8
49366998375,0x388,0xc6,write8
49367096125,0x389,0x00,write8
49367148000,0x388,0x30,write8
49367245625,0x389,0x20,write8
49367297250,0x388,0x50,write8
49367395000,0x389,0x00,write8
49367446500,0x388,0x70,write8
49367544125,0x389,0xfa,write8
49367595625,0x388,0x90,write8
49367693250,0x389,0x6a,write8
49367744750,0x388,0xf0,write8
49367842375,0x389,0x00,write8
49367894375,0x388,0x33,write8
49367992000,0x389,0x26,write8
49368043625,0x388,0x53,write8
49368141250,0x389,0x07,write8
49368192750,0x388,0x73,write8
49368290375,0x389,0xaa,write8
49368341875,0x388,0x93,write8
49368439500,0x389,0xfa,write8
49368491250,0x388,0xf3,write8
49368589250,0x389,0x00,write8
49368646250,0x388,0xa6,write8
49368744250,0x389,0x85,write8
49368795750,0x388,0xb6,write8
49368893875,0x389,0x2e,write8
49368954750,0x388,0xb7,write8
49369053125,0x389,0x0e,write8
49369105750,0x388,0xc7,write8
49369203750,0x389,0x00,write8
49369255875,0x388,0x31,write8
49369353875,0x389,0x00,write8
49369405625,0x388,0x51,write8
49369503625,0x389,0x0c,write8
49369555250,0x388,0x71,write8
49369653250,0x389,0xc8,write8
49369705000,0x388,0x91,write8
49369803000,0x389,0x4c,write8
49369854750,0x388,0xf1,write8
49369952750,0x389,0x00,write8
49370005125,0x388,0x34,write8
49370103125,0x389,0x20,write8
49370154750,0x388,0x54,write8
49370252750,0x389,0x00,write8
49370304500,0x388,0x74,write8
49370402500,0x389,0xd6,write8
49370454250,0x388,0x94,write8
49370552250,0x389,0xff,write8
49370603875,0x388,0xf4,write8
49370701875,0x389,0x00,write8
49370757625,0x388,0xa7,write8
49370855625,0x389,0x90,write8
49370907250,0x388,0xb7,write8
49371005375,0x389,0x27,write8
49371066875,0x388,0xb8,write8
49371165000,0x389,0x03,write8
49371217750,0x388,0xc8,write8
49371315750,0x389,0x08,write8
49371367750,0x388,0x32,write8
49371465750,0x389,0x20,write8
49371517500,0x388,0x52,write8
49371615500,0x389,0x24,write8
49371667250,0x388,0x72,write8
49371765250,0x389,0x62,write8
49371817000,0x388,0x92,write8
49371915000,0x389,0x75,write8
49371966625,0x388,0xf2,write8
49372064750,0x389,0x01,write8
49372117000,0x388,0x35,write8
49372215000,0x389,0x22,write8
49372266750,0x388,0x55,write8
49372364750,0x389,0x02,write8
49372416375,0x388,0x75,write8
49372514375,0x389,0xa8,write8
49372566125,0x388,0x95,write8
49372664125,0x389,0xf5,write8
49372715875,0x388,0xf5,write8
49372813875,0x389,0x00,write8
49372870250,0x388,0xa8,write8
49372968250,0x389,0x85,write8
49373019875,0x388,0xb8,write8
49373117875,0x389,0x2a,write8
49409119625,0x388,0xb6,write8
49409217750,0x389,0x0e,write8
49409277000,0x388,0xb7,write8
49409375000,0x389,0x07,write8
